,WD24NM,PCON24NM
0,Blackwater and Hawley,Aldershot
1,Yateley East,Aldershot
2,Aldershot Park,Aldershot
3,Cherrywood,Aldershot
4,Cove and Southwood,Aldershot
5,Empress,Aldershot
6,Fernhill,Aldershot
7,Knellwood,Aldershot
8,Manor Park,Aldershot
9,North Town,Aldershot
10,Rowhill,Aldershot
11,St John's,Aldershot
12,St Mark's,Aldershot
13,Wellington,Aldershot
14,West Heath,Aldershot
15,Aldridge Central and South,Aldridge-Brownhills
16,Aldridge North and Walsall Wood,Aldridge-Brownhills
17,Brownhills,Aldridge-Brownhills
18,Paddock,Aldridge-Brownhills
19,Pelsall,Aldridge-Brownhills
20,Pheasey Park Farm,Aldridge-Brownhills
21,Rushall-Shelfield,Aldridge-Brownhills
22,Streetly,Aldridge-Brownhills
23,Altrincham,Altrincham and Sale West
24,Ashton upon Mersey,Altrincham and Sale West
25,Bowdon,Altrincham and Sale West
26,Broadheath,Altrincham and Sale West
27,Hale,Altrincham and Sale West
28,Hale Barns & Timperley South,Altrincham and Sale West
29,Manor,Altrincham and Sale West
30,Timperley Central,Altrincham and Sale West
31,Timperley North,Altrincham and Sale West
32,Alfreton,Amber Valley
33,"Codnor, Langley Mill & Aldercar",Amber Valley
34,Crich & South Wingfield,Amber Valley
35,Heage & Ambergate,Amber Valley
36,Heanor East,Amber Valley
37,Heanor West & Loscoe,Amber Valley
38,Ironville & Riddings,Amber Valley
39,"Kilburn, Denby, Holbrook & Horsley",Amber Valley
40,Ripley,Amber Valley
41,Ripley & Marehay,Amber Valley
42,"Smalley, Shipley & Horsley Woodhouse",Amber Valley
43,Somercotes,Amber Valley
44,Swanwick,Amber Valley
45,Arundel & Walberton,Arundel and South Downs
46,Barnham,Arundel and South Downs
47,Felpham East,Arundel and South Downs
48,Easebourne,Arundel and South Downs
49,Fernhurst,Arundel and South Downs
50,Victoria,Ashford
51,Washford,Ashford
52,Willesborough,Ashford
53,Wye with Hinxhill,Ashford
54,Goat Lees,Ashford
55,North Downs East,Ashford
56,North Downs West,Ashford
57,Ashton Hurst,Ashton-under-Lyne
58,Ashton St Michael's,Ashton-under-Lyne
59,Ashton Waterloo,Ashton-under-Lyne
60,Audenshaw,Ashton-under-Lyne
61,Denton North East,Ashton-under-Lyne
62,Droylsden East,Ashton-under-Lyne
63,Droylsden West,Ashton-under-Lyne
64,Dukinfield,Ashton-under-Lyne
65,Dukinfield Stalybridge,Ashton-under-Lyne
66,St Peter's,Ashton-under-Lyne
67,Aston Clinton and Bierton,Aylesbury
68,Aylesbury East,Aylesbury
69,Aylesbury North,Aylesbury
70,Aylesbury North West,Aylesbury
71,Aylesbury South East,Aylesbury
72,Aylesbury South West,Aylesbury
73,Aylesbury West,Aylesbury
74,Ivinghoe,Aylesbury
75,Wing,Aylesbury
76,Banbury Cross and Neithrop,Banbury
77,Banbury Grimsbury and Hightown,Banbury
78,Banbury Hardwick,Banbury
79,Banbury Ruscote,Banbury
80,"Cropredy, Sibfords and Wroxton",Banbury
81,Deddington,Banbury
82,"Adderbury, Bloxham and Bodicote",Banbury
83,Banbury Calthorpe and Easington,Banbury
84,Chipping Norton,Banbury
85,"Kingham, Rollright and Enstone",Banbury
86,The Bartons,Banbury
87,Chadlington and Churchill,Banbury
88,Charlbury and Finstock,Banbury
89,Abbey,Barking
90,Alibon,Barking
91,Barking Riverside,Barking
92,Becontree,Barking
93,Eastbury,Barking
94,Gascoigne,Barking
95,Goresbrook,Barking
96,Longbridge,Barking
97,Mayesbrook,Barking
98,Northbury,Barking
99,Parsloes,Barking
100,Oakley & The Candovers,Basingstoke
101,Popley,Basingstoke
102,South Ham,Basingstoke
103,Winklebury & Manydown,Basingstoke
104,Beckingham,Bassetlaw
105,Blyth,Bassetlaw
106,East Retford East,Bassetlaw
107,East Retford North,Bassetlaw
108,East Retford South,Bassetlaw
109,East Retford West,Bassetlaw
110,Everton,Bassetlaw
111,Harworth,Bassetlaw
112,Langold,Bassetlaw
113,Misterton,Bassetlaw
114,Ranskill,Bassetlaw
115,Sutton,Bassetlaw
116,Welbeck,Bassetlaw
117,Worksop East,Bassetlaw
118,Worksop North,Bassetlaw
119,Worksop North West,Bassetlaw
120,Worksop South,Bassetlaw
121,Worksop South East,Bassetlaw
122,Carlton,Bassetlaw
123,Worksop North East,Bassetlaw
124,Bathavon North,Bath
125,Bathwick,Bath
126,Combe Down,Bath
127,Kingsmead,Bath
128,Lambridge,Bath
129,Lansdown,Bath
130,Moorlands,Bath
131,Newbridge,Bath
132,Odd Down,Bath
133,Oldfield Park,Bath
134,Southdown,Bath
135,Twerton,Bath
136,Walcot,Bath
137,Westmoreland,Bath
138,Weston,Bath
139,Widcombe & Lyncombe,Bath
140,Balham,Battersea
141,Battersea Park,Battersea
142,Falconbrook,Battersea
143,Lavender,Battersea
144,Nine Elms,Battersea
145,Northcote,Battersea
146,St Mary's,Battersea
147,Shaftesbury & Queenstown,Battersea
148,Wandsworth Town,Battersea
149,Beaconsfield,Beaconsfield
150,Fittleworth,Arundel and South Downs
151,Goodwood,Arundel and South Downs
152,Harting,Arundel and South Downs
153,Loxwood,Arundel and South Downs
154,Midhurst,Arundel and South Downs
155,Petworth,Arundel and South Downs
156,"Bramber, Upper Beeding & Woodmancote",Arundel and South Downs
157,Henfield,Arundel and South Downs
158,"Pulborough, Coldwaltham & Amberley",Arundel and South Downs
159,Steyning & Ashurst,Arundel and South Downs
160,Storrington & Washington,Arundel and South Downs
161,"West Chiltington, Thakeham & Ashington",Arundel and South Downs
162,Abbey Hill,Ashfield
163,Annesley & Kirkby Woodhouse,Ashfield
164,Ashfields,Ashfield
165,Carsic,Ashfield
166,Sutton Central & New Cross,Ashfield
167,Huthwaite & Brierley,Ashfield
168,Jacksdale & Westwood,Ashfield
169,Kingsway,Ashfield
170,Kirkby Cross & Portland,Ashfield
171,Larwood,Ashfield
172,Leamington,Ashfield
173,Sutton St Mary's,Ashfield
174,Selston,Ashfield
175,Skegby,Ashfield
176,Stanton Hill & Teversal,Ashfield
177,Greenwood & Summit,Ashfield
178,Sutton Junction & Harlow Wood,Ashfield
179,The Dales,Ashfield
180,Underwood,Ashfield
181,Aylesford & East Stour,Ashford
182,Beaver,Ashford
183,Bircholt,Ashford
184,Bockhanger,Ashford
185,Bybrook,Ashford
186,Conningbrook & Little Burton Farm,Ashford
187,Furley,Ashford
188,Godinton,Ashford
189,Highfield,Ashford
190,Kennington,Ashford
191,"Mersham, Sevington South with Finberry",Ashford
192,Norman,Ashford
193,Park Farm North,Ashford
194,Park Farm South,Ashford
195,Repton,Ashford
196,Roman,Ashford
197,Singleton East,Ashford
198,Singleton West,Ashford
199,Stanhope,Ashford
200,Minster and Woodmansey,Beverley and Holderness
201,St Mary's,Beverley and Holderness
202,South East Holderness,Beverley and Holderness
203,South West Holderness,Beverley and Holderness
204,Bexhill Central,Bexhill and Battle
205,Bexhill Collington,Bexhill and Battle
206,Bexhill Kewhurst,Bexhill and Battle
207,Bexhill Old Town & Worsham,Bexhill and Battle
208,Bexhill Pebsham & St Michaels,Bexhill and Battle
209,Bexhill Sackville,Bexhill and Battle
210,Bexhill Sidley,Bexhill and Battle
211,Bexhill St Marks,Bexhill and Battle
212,Bexhill St Stephens,Bexhill and Battle
213,Brede & Udimore,Bexhill and Battle
214,Burwash & the Weald,Bexhill and Battle
215,Catsfield & Crowhurst,Bexhill and Battle
216,Hurst Green & Ticehurst,Bexhill and Battle
217,"North Battle, Netherfield & Whatlington",Bexhill and Battle
218,Northern Rother,Bexhill and Battle
219,Robertsbridge,Bexhill and Battle
220,Sedlescombe & Westfield,Bexhill and Battle
221,South Battle & Telham,Bexhill and Battle
222,Herstmonceux & Pevensey Levels,Bexhill and Battle
223,Pevensey Bay,Bexhill and Battle
224,Barnehurst,Bexleyheath and Crayford
225,Bexleyheath,Bexleyheath and Crayford
226,Crayford,Bexleyheath and Crayford
227,Crook Log,Bexleyheath and Crayford
228,Northumberland Heath,Bexleyheath and Crayford
229,Slade Green & Northend,Bexleyheath and Crayford
230,West Heath,Bexleyheath and Crayford
231,Bicester East,Bicester and Woodstock
232,Bicester North and Caversfield,Bicester and Woodstock
233,Bicester West,Bicester and Woodstock
234,Kidlington East,Bicester and Woodstock
235,Kidlington West,Bicester and Woodstock
236,Launton and Otmoor,Bicester and Woodstock
237,Bicester South and Ambrosden,Bicester and Woodstock
238,Fringford and Heyfords,Bicester and Woodstock
239,Eynsham and Cassington,Bicester and Woodstock
240,Freeland and Hanborough,Bicester and Woodstock
241,North Leigh,Bicester and Woodstock
242,Stonesfield and Tackley,Bicester and Woodstock
243,Woodstock and Bladon,Bicester and Woodstock
244,Bebington,Birkenhead
245,Bidston and St James,Birkenhead
246,Birkenhead and Tranmere,Birkenhead
247,Claughton,Birkenhead
248,Oxton,Birkenhead
249,Prenton,Birkenhead
250,Rock Ferry,Birkenhead
251,Bartley Green,Birmingham Edgbaston
252,Edgbaston,Birmingham Edgbaston
253,Harborne,Birmingham Edgbaston
254,North Edgbaston,Birmingham Edgbaston
255,Quinton,Birmingham Edgbaston
256,Castle Vale,Birmingham Erdington
257,Erdington,Birmingham Erdington
258,Gravelly Hill,Birmingham Erdington
259,Kingstanding,Birmingham Erdington
260,Oscott,Birmingham Erdington
261,Perry Common,Birmingham Erdington
262,Pype Hayes,Birmingham Erdington
263,Stockland Green,Birmingham Erdington
264,Brandwood & King's Heath,Birmingham Hall Green and Moseley
265,Hall Green North,Birmingham Hall Green and Moseley
266,Hall Green South,Birmingham Hall Green and Moseley
267,Moseley,Birmingham Hall Green and Moseley
268,Sparkbrook & Balsall Heath East,Birmingham Hall Green and Moseley
269,Sparkhill,Birmingham Hall Green and Moseley
270,Bromford & Hodge Hill,Birmingham Hodge Hill and Solihull North
271,Garretts Green,Birmingham Hodge Hill and Solihull North
272,Glebe Farm & Tile Cross,Birmingham Hodge Hill and Solihull North
273,Heartlands,Birmingham Hodge Hill and Solihull North
274,Shard End,Birmingham Hodge Hill and Solihull North
275,Ward End,Birmingham Hodge Hill and Solihull North
276,Castle Bromwich,Birmingham Hodge Hill and Solihull North
277,Smith's Wood,Birmingham Hodge Hill and Solihull North
278,Alum Rock,Birmingham Ladywood
279,Balsall Heath West,Birmingham Ladywood
280,Bordesley & Highgate,Birmingham Ladywood
281,Bordesley Green,Birmingham Ladywood
282,Ladywood,Birmingham Ladywood
283,Nechells,Birmingham Ladywood
284,Newtown,Birmingham Ladywood
285,Soho & Jewellery Quarter,Birmingham Ladywood
286,Allens Cross,Birmingham Northfield
287,Frankley Great Park,Birmingham Northfield
288,King's Norton North,Birmingham Northfield
289,King's Norton South,Birmingham Northfield
290,Longbridge & West Heath,Birmingham Northfield
291,Northfield,Birmingham Northfield
292,Rubery & Rednal,Birmingham Northfield
293,Weoley & Selly Oak,Birmingham Northfield
294,Aston,Birmingham Perry Barr
295,Birchfield,Birmingham Perry Barr
296,Handsworth,Birmingham Perry Barr
297,Handsworth Wood,Birmingham Perry Barr
298,Holyhead,Birmingham Perry Barr
299,Lozells,Birmingham Perry Barr
300,Cliveden,Beaconsfield
301,Denham,Beaconsfield
302,Farnham Common and Burnham Beeches,Beaconsfield
303,"Flackwell Heath, Little Marlow and Marlow South East",Beaconsfield
304,Gerrards Cross,Beaconsfield
305,Iver,Beaconsfield
306,Marlow,Beaconsfield
307,Stoke Poges and Wexham,Beaconsfield
308,"The Wooburns, Bourne End and Hedsor",Beaconsfield
309,Beckenham Town & Copers Cope,Beckenham and Penge
310,Clock House,Beckenham and Penge
311,Crystal Palace & Anerley,Beckenham and Penge
312,Kelsey & Eden Park,Beckenham and Penge
313,Penge & Cator,Beckenham and Penge
314,Shortlands & Park Langley,Beckenham and Penge
315,West Wickham,Beckenham and Penge
316,Brickhill,Bedford
317,Castle & Newnham,Bedford
318,Cauldwell,Bedford
319,De Parys,Bedford
320,Goldington,Bedford
321,Greyfriars,Bedford
322,Harpur,Bedford
323,Kempston Central & East,Bedford
324,Kempston North,Bedford
325,Kempston South,Bedford
326,Kempston West,Bedford
327,Kingsbrook,Bedford
328,Putnoe,Bedford
329,Queens Park,Bedford
330,Renhold & Ravensden,Bedford
331,Riverfield,Bedford
332,Borough & Bankside,Bermondsey and Old Southwark
333,Chaucer,Bermondsey and Old Southwark
334,London Bridge & West Bermondsey,Bermondsey and Old Southwark
335,North Bermondsey,Bermondsey and Old Southwark
336,Rotherhithe,Bermondsey and Old Southwark
337,St George's,Bermondsey and Old Southwark
338,South Bermondsey,Bermondsey and Old Southwark
339,Surrey Docks,Bermondsey and Old Southwark
340,Bethnal Green East,Bethnal Green and Stepney
341,St Dunstan's,Bethnal Green and Stepney
342,Bethnal Green West,Bethnal Green and Stepney
343,Shadwell,Bethnal Green and Stepney
344,Spitalfields & Banglatown,Bethnal Green and Stepney
345,Stepney Green,Bethnal Green and Stepney
346,Weavers,Bethnal Green and Stepney
347,Whitechapel,Bethnal Green and Stepney
348,Beverley Rural,Beverley and Holderness
349,Mid Holderness,Beverley and Holderness
350,Thames View,Barking
351,Valence,Barking
352,Central,Barnsley North
353,Cudworth,Barnsley North
354,Darton East,Barnsley North
355,Darton West,Barnsley North
356,Monk Bretton,Barnsley North
357,North East,Barnsley North
358,Old Town,Barnsley North
359,Royston,Barnsley North
360,St Helens,Barnsley North
361,Darfield,Barnsley South
362,Dearne North,Barnsley South
363,Dearne South,Barnsley South
364,Hoyland Milton,Barnsley South
365,Kingstone,Barnsley South
366,Rockingham,Barnsley South
367,Stairfoot,Barnsley South
368,Wombwell,Barnsley South
369,Worsbrough,Barnsley South
370,Millom,Barrow and Furness
371,Millom Without,Barrow and Furness
372,Coniston and Hawkshead,Barrow and Furness
373,Dalton North,Barrow and Furness
374,Dalton South,Barrow and Furness
375,Hawcoat and Newbarns,Barrow and Furness
376,High Furness,Barrow and Furness
377,Low Furness,Barrow and Furness
378,Old Barrow and Hindpool,Barrow and Furness
379,Ormsgill and Parkside,Barrow and Furness
380,Risedale and Roosecote,Barrow and Furness
381,Ulverston,Barrow and Furness
382,Walney Island,Barrow and Furness
383,Billericay East,Basildon and Billericay
384,Billericay West,Basildon and Billericay
385,Burstead,Basildon and Billericay
386,Castledon & Crouch,Basildon and Billericay
387,Fryerns,Basildon and Billericay
388,Laindon Park,Basildon and Billericay
389,Lee Chapel North,Basildon and Billericay
390,Nethermayne,Basildon and Billericay
391,Pitsea South East,Basildon and Billericay
392,St Martin's,Basildon and Billericay
393,Brighton Hill,Basingstoke
394,Brookvale & Kings Furlong,Basingstoke
395,Chineham,Basingstoke
396,Eastrop & Grove,Basingstoke
397,Hatch Warren & Beggarwood,Basingstoke
398,Kempshott & Buckskin,Basingstoke
399,Norden,Basingstoke
400,Oscott,Birmingham Perry Barr
401,Perry Barr,Birmingham Perry Barr
402,Billesley,Birmingham Selly Oak
403,Bournbrook & Selly Park,Birmingham Selly Oak
404,Bournville & Cotteridge,Birmingham Selly Oak
405,Brandwood & King's Heath,Birmingham Selly Oak
406,Druids Heath & Monyhull,Birmingham Selly Oak
407,Highter's Heath,Birmingham Selly Oak
408,Stirchley,Birmingham Selly Oak
409,Weoley & Selly Oak,Birmingham Selly Oak
410,Acocks Green,Birmingham Yardley
411,Sheldon,Birmingham Yardley
412,Small Heath,Birmingham Yardley
413,South Yardley,Birmingham Yardley
414,Tyseley & Hay Mills,Birmingham Yardley
415,Yardley East,Birmingham Yardley
416,Yardley West & Stechford,Birmingham Yardley
417,Barnard Castle East,Bishop Auckland
418,Barnard Castle West,Bishop Auckland
419,Bishop Auckland Town,Bishop Auckland
420,Skirbeck,Boston and Skegness
421,Coundon,Bishop Auckland
422,Crook,Bishop Auckland
423,Evenwood,Bishop Auckland
424,Shildon and Dene Valley,Bishop Auckland
425,Tow Law,Bishop Auckland
426,Weardale,Bishop Auckland
427,West Auckland,Bishop Auckland
428,Woodhouse Close,Bishop Auckland
429,Audley & Queen's Park,Blackburn
430,Bastwell & Daisyfield,Blackburn
431,Billinge & Beardwood,Blackburn
432,Blackburn Central,Blackburn
433,Blackburn South East,Blackburn
434,Ewood,Blackburn
435,Little Harwood & Whitebirk,Blackburn
436,Livesey with Pleasington,Blackburn
437,Mill Hill & Moorgate,Blackburn
438,Roe Lee,Blackburn
439,Shear Brow & Corporation Park,Blackburn
440,Wensley Fold,Blackburn
441,Charlestown,Blackley and Middleton South
442,Crumpsall,Blackley and Middleton South
443,Harpurhey,Blackley and Middleton South
444,Higher Blackley,Blackley and Middleton South
445,Moston,Blackley and Middleton South
446,East Middleton,Blackley and Middleton South
447,North Middleton,Blackley and Middleton South
448,South Middleton,Blackley and Middleton South
449,Anchorsholme,Blackpool North and Fleetwood
450,Bispham,Blackpool North and Fleetwood
451,College,Blyth and Ashington
452,Staniland,Boston and Skegness
453,Cowpen,Blyth and Ashington
454,Station,Boston and Skegness
455,Swineshead and Holland Fen,Boston and Skegness
456,Trinity,Boston and Skegness
457,West,Boston and Skegness
458,Witham,Boston and Skegness
459,Wyberton,Boston and Skegness
460,Burgh le Marsh,Boston and Skegness
461,Chapel St Leonards,Boston and Skegness
462,Croft,Boston and Skegness
463,Friskney,Boston and Skegness
464,Ingoldmells,Boston and Skegness
465,St Clement's,Boston and Skegness
466,Scarbrough & Seacroft,Boston and Skegness
467,Sibsey & Stickney,Boston and Skegness
468,Wainfleet,Boston and Skegness
469,Willoughby with Sloothby,Boston and Skegness
470,Winthorpe,Boston and Skegness
471,Boscombe East & Pokesdown,Bournemouth East
472,Boscombe West,Bournemouth East
473,East Cliff & Springbourne,Bournemouth East
474,East Southbourne & Tuckton,Bournemouth East
475,Littledown & Iford,Bournemouth East
476,Moordown,Bournemouth East
477,Muscliff & Strouden Park,Bournemouth East
478,Queen's Park,Bournemouth East
479,West Southbourne,Bournemouth East
480,Alderney & Bourne Valley,Bournemouth West
481,Bournemouth Central,Bournemouth West
482,Kinson,Bournemouth West
483,Redhill & Northbourne,Bournemouth West
484,Talbot & Branksome Woods,Bournemouth West
485,Wallisdown & Winton West,Bournemouth West
486,Westbourne & West Cliff,Bournemouth West
487,Winton East,Bournemouth West
488,Binfield North & Warfield West,Bracknell
489,Binfield South & Jennett's Park,Bracknell
490,Bullbrook,Bracknell
491,Easthampstead & Wildridings,Bracknell
492,Great Hollands,Bracknell
493,Hanworth,Bracknell
494,Owlsmoor & College Town,Bracknell
495,Priestwood & Garth,Bracknell
496,Town Centre & The Parks,Bracknell
497,Crowthorne,Bracknell
498,Harmans Water & Crown Wood,Bracknell
499,Sandhurst,Bracknell
500,Swinley Forest,Bracknell
501,Whitegrove,Bracknell
502,Croft,Blyth and Ashington
503,Haydon,Blyth and Ashington
504,Hirst,Blyth and Ashington
505,Isabella,Blyth and Ashington
506,Kitty Brewster,Blyth and Ashington
507,Newbiggin Central and East,Blyth and Ashington
508,Plessey,Blyth and Ashington
509,Seaton with Newbiggin West,Blyth and Ashington
510,Sleekburn,Blyth and Ashington
511,South Blyth,Blyth and Ashington
512,Stakeford,Blyth and Ashington
513,Wensleydale,Blyth and Ashington
514,Newsham,Blyth and Ashington
515,Bothal,Blyth and Ashington
516,Aldwick East,Bognor Regis and Littlehampton
517,Aldwick West,Bognor Regis and Littlehampton
518,Beach,Bognor Regis and Littlehampton
519,Brookfield,Bognor Regis and Littlehampton
520,Courtwick with Toddington,Bognor Regis and Littlehampton
521,Felpham East,Bognor Regis and Littlehampton
522,Felpham West,Bognor Regis and Littlehampton
523,Hotham,Bognor Regis and Littlehampton
524,Marine,Bognor Regis and Littlehampton
525,Middleton-on-Sea,Bognor Regis and Littlehampton
526,Orchard,Bognor Regis and Littlehampton
527,Pevensey,Bognor Regis and Littlehampton
528,River,Bognor Regis and Littlehampton
529,Rustington East,Bognor Regis and Littlehampton
530,Rustington West,Bognor Regis and Littlehampton
531,Yapton,Bognor Regis and Littlehampton
532,Ault Hucknall,Bolsover
533,Barlborough,Bolsover
534,Blackwell,Bolsover
535,Bolsover East,Bolsover
536,Bolsover North & Shuttlewood,Bolsover
537,Bolsover South,Bolsover
538,Clowne East,Bolsover
539,Clowne West,Bolsover
540,Elmton-with-Creswell,Bolsover
541,Langwith,Bolsover
542,Pinxton,Bolsover
543,Shirebrook North,Bolsover
544,Shirebrook South,Bolsover
545,South Normanton East,Bolsover
546,South Normanton West,Bolsover
547,Tibshelf,Bolsover
548,Whitwell,Bolsover
549,Holmewood & Heath,Bolsover
550,Pilsley & Morton,Bolsover
551,Shirland,Bolsover
552,Sutton,Bolsover
553,Lindhurst,Bolsover
554,Pleasley,Bolsover
555,Rufford,Bolsover
556,Sherwood,Bolsover
557,Vale,Bolsover
558,Astley Bridge,Bolton North East
559,Bradshaw,Bolton North East
560,Breightmet,Bolton North East
561,Bromley Cross,Bolton North East
562,Halliwell,Bolton North East
563,Little Lever & Darcy Lever,Bolton North East
564,Queens Park & Central,Bolton North East
565,Tonge with the Haulgh,Bolton North East
566,Farnworth North,Bolton South and Walkden
567,Farnworth South,Bolton South and Walkden
568,Great Lever,Bolton South and Walkden
569,Hulton,Bolton South and Walkden
570,Kearsley,Bolton South and Walkden
571,Queens Park & Central,Bolton South and Walkden
572,Rumworth,Bolton South and Walkden
573,Little Hulton,Bolton South and Walkden
574,Walkden North,Bolton South and Walkden
575,Walkden South,Bolton South and Walkden
576,Great Lever,Bolton West
577,"Heaton, Lostock & Chew Moor",Bolton West
578,Horwich North,Bolton West
579,Horwich South & Blackrod,Bolton West
580,Hulton,Bolton West
581,Rumworth,Bolton West
582,Smithills,Bolton West
583,Westhoughton North & Hunger Hill,Bolton West
584,Westhoughton South,Bolton West
585,Church,Bootle
586,Derby,Bootle
587,Ford,Bootle
588,Linacre,Bootle
589,Litherland,Bootle
590,Netherton and Orrell,Bootle
591,St Oswald,Bootle
592,Victoria,Bootle
593,Coastal,Boston and Skegness
594,Fenside,Boston and Skegness
595,Fishtoft,Boston and Skegness
596,Five Village,Boston and Skegness
597,Kirton and Frampton,Boston and Skegness
598,Old Leake and Wrangle,Boston and Skegness
599,St Thomas',Boston and Skegness
600,Greenlands,Blackpool North and Fleetwood
601,Ingthorpe,Blackpool North and Fleetwood
602,Norbreck,Blackpool North and Fleetwood
603,Warbreck,Blackpool North and Fleetwood
604,Bourne,Blackpool North and Fleetwood
605,Carleton,Blackpool North and Fleetwood
606,Cleveleys Park,Blackpool North and Fleetwood
607,Jubilee,Blackpool North and Fleetwood
608,Marsh Mill,Blackpool North and Fleetwood
609,Mount,Blackpool North and Fleetwood
610,Park,Blackpool North and Fleetwood
611,Pharos,Blackpool North and Fleetwood
612,Pheasant's Wood,Blackpool North and Fleetwood
613,Rossall,Blackpool North and Fleetwood
614,Stanah,Blackpool North and Fleetwood
615,Victoria & Norcross,Blackpool North and Fleetwood
616,Warren,Blackpool North and Fleetwood
617,Bloomfield,Blackpool South
618,Brunswick,Blackpool South
619,Claremont,Blackpool South
620,Clifton,Blackpool South
621,Greenlands,Blackpool South
622,Hawes Side,Blackpool South
623,Highfield,Blackpool South
624,Layton,Blackpool South
625,Marton,Blackpool South
626,Park,Blackpool South
627,Squires Gate,Blackpool South
628,Stanley,Blackpool South
629,Talbot,Blackpool South
630,Tyldesley,Blackpool South
631,Victoria,Blackpool South
632,Warbreck,Blackpool South
633,Waterloo,Blackpool South
634,Benfieldside,Blaydon and Consett
635,Burnopfield and Dipton,Blaydon and Consett
636,Consett North,Blaydon and Consett
637,Consett South,Blaydon and Consett
638,Delves Lane,Blaydon and Consett
639,Leadgate and Medomsley,Blaydon and Consett
640,Blaydon,Blaydon and Consett
641,Crawcrook and Greenside,Blaydon and Consett
642,"Ryton, Crookhill and Stella",Blaydon and Consett
643,Winlaton and High Spen,Blaydon and Consett
644,Chopwell and Rowlands Gill,Blaydon and Consett
645,Ashington Central,Blyth and Ashington
646,Bedlington Central,Blyth and Ashington
647,Bedlington East,Blyth and Ashington
648,Bedlington West,Blyth and Ashington
649,Choppington,Blyth and Ashington
650,Bolton and Undercliffe,Bradford East
651,Bowling and Barkerend,Bradford East
652,Bradford Moor,Bradford East
653,Eccleshill,Bradford East
654,Idle and Thackley,Bradford East
655,Little Horton,Bradford East
656,Bowling and Barkerend,Bradford South
657,Great Horton,Bradford South
658,Queensbury,Bradford South
659,Royds,Bradford South
660,Tong,Bradford South
661,Wibsey,Bradford South
662,Wyke,Bradford South
663,City,Bradford West
664,Clayton and Fairweather Green,Bradford West
665,Heaton,Bradford West
666,Manningham,Bradford West
667,Thornton and Allerton,Bradford West
668,Toller,Bradford West
669,Bocking Blackwater,Braintree
670,Bocking North,Braintree
671,Bocking South,Braintree
672,Braintree Central & Beckers Green,Braintree
673,Braintree South,Braintree
674,Braintree West,Braintree
675,Bumpstead,Braintree
676,Great Notley & Black Notley,Braintree
677,Hedingham,Braintree
678,Rayne,Braintree
679,Stour Valley North,Braintree
680,Stour Valley South,Braintree
681,Three Fields,Braintree
682,Yeldham,Braintree
683,Gosfield & Greenstead Green,Braintree
684,Halstead St Andrew's,Braintree
685,Halstead Trinity,Braintree
686,Felsted & Stebbing,Braintree
687,The Sampfords,Braintree
688,Brondesbury Park,Brent East
689,Cricklewood & Mapesbury,Brent East
690,Dollis Hill,Brent East
691,Kingsbury,Brent East
692,Roundwood,Brent East
693,Stonebridge,Brent East
694,Welsh Harp,Brent East
695,Willesden Green,Brent East
696,Alperton,Brent West
697,Barnhill,Brent West
698,Kenton,Brent West
699,Northwick Park,Brent West
700,East Wolds and Coastal,Bridlington and the Wolds
701,North Holderness,Bridlington and the Wolds
702,Wolds Weighton,Bridlington and the Wolds
703,Humberston and New Waltham,Brigg and Immingham
704,Immingham,Brigg and Immingham
705,Scartho,Brigg and Immingham
706,Waltham,Brigg and Immingham
707,Wolds,Brigg and Immingham
708,Barton,Brigg and Immingham
709,Brigg & Wolds,Brigg and Immingham
710,Broughton & Scawby,Brigg and Immingham
711,Burton upon Stather & Winterton,Brigg and Immingham
712,Ferry,Brigg and Immingham
713,Coldean & Stanmer,Brighton Kemptown and Peacehaven
714,Hanover & Elm Grove,Brighton Kemptown and Peacehaven
715,Kemptown,Brighton Kemptown and Peacehaven
716,Moulsecoomb & Bevendean,Brighton Kemptown and Peacehaven
717,Queen's Park,Brighton Kemptown and Peacehaven
718,Rottingdean & West Saltdean,Brighton Kemptown and Peacehaven
719,Whitehawk & Marina,Brighton Kemptown and Peacehaven
720,Woodingdean,Brighton Kemptown and Peacehaven
721,East Saltdean & Telscombe Cliffs,Brighton Kemptown and Peacehaven
722,Peacehaven East,Brighton Kemptown and Peacehaven
723,Peacehaven North,Brighton Kemptown and Peacehaven
724,Peacehaven West,Brighton Kemptown and Peacehaven
725,Coldean & Stanmer,Brighton Pavilion
726,Hanover & Elm Grove,Brighton Pavilion
727,Hollingdean & Fiveways,Brighton Pavilion
728,Moulsecoomb & Bevendean,Brighton Pavilion
729,Patcham & Hollingbury,Brighton Pavilion
730,Preston Park,Brighton Pavilion
731,Regency,Brighton Pavilion
732,Round Hill,Brighton Pavilion
733,West Hill & North Laine,Brighton Pavilion
734,Westdene & Hove Park,Brighton Pavilion
735,Ashley,Bristol Central
736,Central,Bristol Central
737,Clifton,Bristol Central
738,Clifton Down,Bristol Central
739,Cotham,Bristol Central
740,Hotwells and Harbourside,Bristol Central
741,Redland,Bristol Central
742,Brislington East,Bristol East
743,Brislington West,Bristol East
744,Easton,Bristol East
745,Knowle,Bristol East
746,Lawrence Hill,Bristol East
747,St George Central,Bristol East
748,St George Troopers Hill,Bristol East
749,St George West,Bristol East
750,Preston,Brent West
751,Sudbury,Brent West
752,Tokyngton,Brent West
753,Wembley Central,Brent West
754,Wembley Hill,Brent West
755,Wembley Park,Brent West
756,Brentford East,Brentford and Isleworth
757,Brentford West,Brentford and Isleworth
758,Heston East,Brentford and Isleworth
759,Hounslow Central,Brentford and Isleworth
760,Hounslow East,Brentford and Isleworth
761,Hounslow Heath,Brentford and Isleworth
762,Hounslow South,Brentford and Isleworth
763,Isleworth,Brentford and Isleworth
764,Osterley & Spring Grove,Brentford and Isleworth
765,Syon & Brentford Lock,Brentford and Isleworth
766,Whitton,Brentford and Isleworth
767,Blackmore & Doddinghurst,Brentwood and Ongar
768,Brentwood North,Brentwood and Ongar
769,Brentwood South,Brentwood and Ongar
770,Brentwood West,Brentwood and Ongar
771,"Brizes, Stondon Massey & South Weald",Brentwood and Ongar
772,"Herongate, Ingrave & West Horndon",Brentwood and Ongar
773,Hutton East,Brentwood and Ongar
774,Hutton North,Brentwood and Ongar
775,Hutton South,Brentwood and Ongar
776,"Ingatestone, Fryerning & Mountnessing",Brentwood and Ongar
777,Pilgrims Hatch,Brentwood and Ongar
778,Shenfield,Brentwood and Ongar
779,Warley,Brentwood and Ongar
780,Chigwell with Lambourne,Brentwood and Ongar
781,North Weald Bassett,Brentwood and Ongar
782,Ongar,Brentwood and Ongar
783,Rural East,Brentwood and Ongar
784,Theydon Bois with Passingford,Brentwood and Ongar
785,Brent,Bridgwater
786,Bridgwater East & Bawdrip,Bridgwater
787,Bridgwater North & Central,Bridgwater
788,Bridgwater South,Bridgwater
789,Bridgwater West,Bridgwater
790,Burnham on Sea North,Bridgwater
791,Cannington,Bridgwater
792,Highbridge & Burnham South,Bridgwater
793,Huntspill,Bridgwater
794,King Alfred,Bridgwater
795,North Petherton,Bridgwater
796,Bridlington Central and Old Town,Bridlington and the Wolds
797,Bridlington North,Bridlington and the Wolds
798,Bridlington South,Bridlington and the Wolds
799,Driffield and Rural,Bridlington and the Wolds
800,Thundersley North,Castle Point
801,Thundersley South,Castle Point
802,Bradninch,Central Devon
803,Cadbury,Central Devon
804,Crediton Boniface,Central Devon
805,Crediton Lawrence,Central Devon
806,Sandford & Creedy,Central Devon
807,Silverton,Central Devon
808,Taw Vale,Central Devon
809,Upper Yeo & Taw,Central Devon
810,Way,Central Devon
811,Yeo,Central Devon
812,Ashburton & Buckfastleigh,Central Devon
813,Bovey,Central Devon
814,Chudleigh,Central Devon
815,Haytor,Central Devon
816,Kenn Valley,Central Devon
817,Moretonhampstead,Central Devon
818,Teign Valley,Central Devon
819,Chagford,Central Devon
820,Drewsteignton,Central Devon
821,Exbourne,Central Devon
822,Hatherleigh,Central Devon
823,Okehampton North,Central Devon
824,Okehampton South,Central Devon
825,South Tawton,Central Devon
826,Castle Hill,Central Suffolk and North Ipswich
827,Whitehouse,Central Suffolk and North Ipswich
828,Whitton,Central Suffolk and North Ipswich
829,Battisford & Ringshall,Central Suffolk and North Ipswich
830,Blakenham,Central Suffolk and North Ipswich
831,Bramford,Central Suffolk and North Ipswich
832,Claydon & Barham,Central Suffolk and North Ipswich
833,Beeston Rylands,Broxtowe
834,Debenham,Central Suffolk and North Ipswich
835,Needham Market,Central Suffolk and North Ipswich
836,Stonham,Central Suffolk and North Ipswich
837,Carlford & Fynn Valley,Central Suffolk and North Ipswich
838,Framlingham,Central Suffolk and North Ipswich
839,Kesgrave,Central Suffolk and North Ipswich
840,Rushmere St Andrew,Central Suffolk and North Ipswich
841,Wickham Market,Central Suffolk and North Ipswich
842,Chatham Central & Brompton,Chatham and Aylesford
843,Fort Horsted,Chatham and Aylesford
844,Fort Pitt,Chatham and Aylesford
845,Hempstead & Wigmore,Chatham and Aylesford
846,Lordswood & Walderslade,Chatham and Aylesford
847,Luton,Chatham and Aylesford
848,Princes Park,Chatham and Aylesford
849,Rochester East & Warren Wood,Chatham and Aylesford
850,Wayfield & Weeds Wood,Chatham and Aylesford
851,Elland,Calder Valley
852,Stockwood,Bristol East
853,Beeston West,Broxtowe
854,Greetland and Stainland,Calder Valley
855,Brinsley,Broxtowe
856,Chilwell West,Broxtowe
857,Hipperholme and Lightcliffe,Calder Valley
858,Eastwood Hall,Broxtowe
859,Luddendenfoot,Calder Valley
860,Eastwood Hilltop,Broxtowe
861,Eastwood St Mary's,Broxtowe
862,Rastrick,Calder Valley
863,Stapleford South West,Broxtowe
864,Ryburn,Calder Valley
865,Toton & Chilwell Meadows,Broxtowe
866,Todmorden,Calder Valley
867,"Awsworth, Cossall & Trowell",Broxtowe
868,Eastville,Bristol North East
869,Camborne Roskear & Tuckingmill,Camborne and Redruth
870,Bramcote,Broxtowe
871,Greasley,Broxtowe
872,Stapleford North,Broxtowe
873,Stapleford South East,Broxtowe
874,Bletchley East,Buckingham and Bletchley
875,Bletchley Park,Buckingham and Bletchley
876,Bletchley West,Buckingham and Bletchley
877,Tattenhoe,Buckingham and Bletchley
878,Buckingham East,Buckingham and Bletchley
879,Buckingham West,Buckingham and Bletchley
880,Great Brickhill,Buckingham and Bletchley
881,Winslow,Buckingham and Bletchley
882,Bank Hall,Burnley
883,Briercliffe,Burnley
884,Brunshaw,Burnley
885,Cliviger with Worsthorne,Burnley
886,Coal Clough with Deerplay,Burnley
887,Daneshouse with Stoneyholme,Burnley
888,Gannow,Burnley
889,Gawthorpe,Burnley
890,Hapton with Park,Burnley
891,Lanehead,Burnley
892,Queensgate,Burnley
893,Rosegrove with Lowerhouse,Burnley
894,Rosehill with Burnley Wood,Burnley
895,Trinity,Burnley
896,Whittlefield with Ightenhill,Burnley
897,Brierfield East & Clover Hill,Burnley
898,Brierfield West & Reedley,Burnley
899,Bagots & Needwood,Burton and Uttoxeter
900,Blythe,Burton and Uttoxeter
901,Branston,Burton and Uttoxeter
902,Brizlincote,Burton and Uttoxeter
903,Burton & Eton,Burton and Uttoxeter
904,Crown,Burton and Uttoxeter
905,Dove,Burton and Uttoxeter
906,Heath,Burton and Uttoxeter
907,Horninglow & Outwoods,Burton and Uttoxeter
908,Shobnall,Burton and Uttoxeter
909,Stapenhill,Burton and Uttoxeter
910,Frome Vale,Bristol North East
911,Hillfields,Bristol North East
912,Camborne Trelowarren,Camborne and Redruth
913,Lockleaze,Bristol North East
914,Kingswood,Bristol North East
915,Camborne West & Treswithian,Camborne and Redruth
916,New Cheltenham,Bristol North East
917,"Constantine, Mabe & Mawnan",Camborne and Redruth
918,Staple Hill & Mangotsfield,Bristol North East
919,"Four Lanes, Beacon & Troon",Camborne and Redruth
920,Woodstock,Bristol North East
921,Gwinear-Gwithian & Hayle East,Camborne and Redruth
922,Avonmouth and Lawrence Weston,Bristol North West
923,Hayle West,Camborne and Redruth
924,Bishopston and Ashley Down,Bristol North West
925,Pool & Tehidy,Camborne and Redruth
926,Henbury and Brentry,Bristol North West
927,Redruth North,Camborne and Redruth
928,Horfield,Bristol North West
929,Redruth South,Camborne and Redruth
930,Southmead,Bristol North West
931,Illogan & Portreath,Camborne and Redruth
932,Stoke Bishop,Bristol North West
933,"Lanner, Stithians & Gwennap",Camborne and Redruth
934,Westbury-on-Trym and Henleaze,Bristol North West
935,Perranporth,Camborne and Redruth
936,Bedminster,Bristol South
937,"Redruth Central, Carharrack & St Day",Camborne and Redruth
938,Bishopsworth,Bristol South
939,St Agnes,Camborne and Redruth
940,Filwood,Bristol South
941,Abbey,Cambridge
942,Hartcliffe and Withywood,Bristol South
943,Arbury,Cambridge
944,Hengrove and Whitchurch Park,Bristol South
945,Castle,Cambridge
946,Southville,Bristol South
947,Coleridge,Cambridge
948,Windmill Hill,Bristol South
949,East Chesterton,Cambridge
950,Acle,Broadland and Fakenham
951,King's Hedges,Cambridge
952,Aylsham,Broadland and Fakenham
953,Market,Cambridge
954,Blofield with South Walsham,Broadland and Fakenham
955,Newnham,Cambridge
956,Brundall,Broadland and Fakenham
957,Petersfield,Cambridge
958,Burlingham,Broadland and Fakenham
959,Romsey,Cambridge
960,Buxton,Broadland and Fakenham
961,Trumpington,Cambridge
962,Eynesford,Broadland and Fakenham
963,West Chesterton,Cambridge
964,Great Witchingham,Broadland and Fakenham
965,Brereton & Ravenhill,Cannock Chase
966,Hevingham,Broadland and Fakenham
967,Chadsmoor,Cannock Chase
968,Horsford and Felthorpe,Broadland and Fakenham
969,Cannock Longford & Bridgtown,Cannock Chase
970,Marshes,Broadland and Fakenham
971,Cannock Park & Old Fallow,Cannock Chase
972,Plumstead,Broadland and Fakenham
973,Etching Hill & the Heath,Cannock Chase
974,Reepham,Broadland and Fakenham
975,Hawks Green with Rumer Hill,Cannock Chase
976,Taverham North,Broadland and Fakenham
977,Heath Hayes & Wimblebury,Cannock Chase
978,Taverham South,Broadland and Fakenham
979,Hednesford Green Heath,Cannock Chase
980,Wroxham,Broadland and Fakenham
981,Hednesford Hills & Rawnsley,Cannock Chase
982,Coltishall,Broadland and Fakenham
983,Hednesford Pye Green,Cannock Chase
984,Spixworth with St Faiths,Broadland and Fakenham
985,Norton Canes,Cannock Chase
986,Lancaster North,Broadland and Fakenham
987,Western Springs,Cannock Chase
988,Lancaster South,Broadland and Fakenham
989,Blean Forest,Canterbury
990,Stibbard,Broadland and Fakenham
991,Chestfield,Canterbury
992,The Raynhams,Broadland and Fakenham
993,Gorrell,Canterbury
994,Walsingham,Broadland and Fakenham
995,Northgate,Canterbury
996,Bickley & Sundridge,Bromley and Biggin Hill
997,Biggin Hill,Bromley and Biggin Hill
998,Bromley Common & Holwood,Bromley and Biggin Hill
999,Bromley Town,Bromley and Biggin Hill
1000,Stramshall & Weaver,Burton and Uttoxeter
1001,Stretton,Burton and Uttoxeter
1002,Town,Burton and Uttoxeter
1003,Winshill,Burton and Uttoxeter
1004,Bury East,Bury North
1005,Bury West,Bury North
1006,Elton,Bury North
1007,Moorside,Bury North
1008,North Manor,Bury North
1009,Radcliffe North & Ainsworth,Bury North
1010,Ramsbottom,Bury North
1011,Redvales,Bury North
1012,Tottington,Bury North
1013,Unsworth,Bury North
1014,Besses,Bury South
1015,Bury West,Bury South
1016,Holyrood,Bury South
1017,Pilkington Park,Bury South
1018,Radcliffe East,Bury South
1019,Radcliffe North & Ainsworth,Bury South
1020,Radcliffe West,Bury South
1021,Sedgley,Bury South
1022,St. Mary's,Bury South
1023,Unsworth,Bury South
1024,Kersal & Broughton Park,Bury South
1025,Chilton,Bury St Edmunds and Stowmarket
1026,Combs Ford,Bury St Edmunds and Stowmarket
1027,Elmswell & Woolpit,Bury St Edmunds and Stowmarket
1028,Onehouse,Bury St Edmunds and Stowmarket
1029,Rattlesden,Bury St Edmunds and Stowmarket
1030,St Peter's,Bury St Edmunds and Stowmarket
1031,Stow Thorney,Bury St Edmunds and Stowmarket
1032,Thurston,Bury St Edmunds and Stowmarket
1033,Abbeygate,Bury St Edmunds and Stowmarket
1034,Bardwell,Bury St Edmunds and Stowmarket
1035,Barningham,Bury St Edmunds and Stowmarket
1036,Eastgate,Bury St Edmunds and Stowmarket
1037,Ixworth,Bury St Edmunds and Stowmarket
1038,Minden,Bury St Edmunds and Stowmarket
1039,Pakenham & Troston,Bury St Edmunds and Stowmarket
1040,St Olaves,Bury St Edmunds and Stowmarket
1041,Southgate,Bury St Edmunds and Stowmarket
1042,Stanton,Bury St Edmunds and Stowmarket
1043,The Fornhams & Great Barton,Bury St Edmunds and Stowmarket
1044,Tollgate,Bury St Edmunds and Stowmarket
1045,Westgate,Bury St Edmunds and Stowmarket
1046,Moreton Hall,Bury St Edmunds and Stowmarket
1047,Rougham,Bury St Edmunds and Stowmarket
1048,Brighouse,Calder Valley
1049,Calder,Calder Valley
1050,Seasalter,Canterbury
1051,St Stephen's,Canterbury
1052,Swalecliffe,Canterbury
1053,Tankerton,Canterbury
1054,Westgate,Canterbury
1055,Wincheap,Canterbury
1056,Little Stour & Adisham,Canterbury
1057,Nailbourne,Canterbury
1058,Barton,Canterbury
1059,Chartham & Stone Street,Canterbury
1060,Belah,Carlisle
1061,Belle Vue,Carlisle
1062,Botcherby,Carlisle
1063,Brampton,Carlisle
1064,Castle,Carlisle
1065,Corby and Hayton,Carlisle
1066,Currock,Carlisle
1067,Dalston and Burgh,Carlisle
1068,Denton Holme,Carlisle
1069,Harraby North,Carlisle
1070,Harraby South,Carlisle
1071,Houghton and Irthington,Carlisle
1072,Longtown,Carlisle
1073,Morton,Carlisle
1074,Stanwix Urban,Carlisle
1075,Upperby,Carlisle
1076,Wetheral,Carlisle
1077,Yewdale,Carlisle
1078,Beddington,Carshalton and Wallington
1079,Carshalton Central,Carshalton and Wallington
1080,Carshalton South & Clockhouse,Carshalton and Wallington
1081,Hackbridge,Carshalton and Wallington
1082,St Helier East,Carshalton and Wallington
1083,St Helier West,Carshalton and Wallington
1084,South Beddington & Roundshaw,Carshalton and Wallington
1085,The Wrythe,Carshalton and Wallington
1086,Wallington North,Carshalton and Wallington
1087,Wallington South,Carshalton and Wallington
1088,Pitsea South East,Castle Point
1089,Appleton,Castle Point
1090,Canvey Island Central,Castle Point
1091,Canvey Island East,Castle Point
1092,Canvey Island North,Castle Point
1093,Canvey Island South,Castle Point
1094,Canvey Island Winter Gardens,Castle Point
1095,Hadleigh St James,Castle Point
1096,St George's,Castle Point
1097,St Mary's,Castle Point
1098,St Michael's,Castle Point
1099,Tarpots,Castle Point
1100,Aylesford North & North Downs,Chatham and Aylesford
1101,Larkfield,Chatham and Aylesford
1102,Snodland East & Ham Hill,Chatham and Aylesford
1103,Snodland West & Holborough Lakes,Chatham and Aylesford
1104,Walderslade,Chatham and Aylesford
1105,Bramhall North,Cheadle
1106,Bramhall South & Woodford,Cheadle
1107,Cheadle East & Cheadle Hulme North,Cheadle
1108,Cheadle Hulme South,Cheadle
1109,Cheadle West & Gatley,Cheadle
1110,Davenport & Cale Green,Cheadle
1111,Hazel Grove,Cheadle
1112,Heald Green,Cheadle
1113,Norbury & Woodsmoor,Cheadle
1114,Offerton,Cheadle
1115,Chelmer Village and Beaulieu Park,Chelmsford
1116,Marconi,Chelmsford
1117,Moulsham Lodge,Chelmsford
1118,Patching Hall,Chelmsford
1119,St Andrews,Chelmsford
1120,Springfield North,Chelmsford
1121,The Lawns,Chelmsford
1122,Trinity,Chelmsford
1123,Waterhouse Farm,Chelmsford
1124,Goat Hall,Chelmsford
1125,Great Baddow East,Chelmsford
1126,Great Baddow West,Chelmsford
1127,Moulsham and Central,Chelmsford
1128,Fulham Reach,Chelsea and Fulham
1129,Fulham Town,Chelsea and Fulham
1130,Lillie,Chelsea and Fulham
1131,Munster,Chelsea and Fulham
1132,Palace & Hurlingham,Chelsea and Fulham
1133,Parsons Green & Sandford,Chelsea and Fulham
1134,Sands End,Chelsea and Fulham
1135,Walham Green,Chelsea and Fulham
1136,West Kensington,Chelsea and Fulham
1137,Chelsea Riverside,Chelsea and Fulham
1138,Redcliffe,Chelsea and Fulham
1139,Royal Hospital,Chelsea and Fulham
1140,Stanley,Chelsea and Fulham
1141,All Saints,Cheltenham
1142,Battledown,Cheltenham
1143,"Benhall, the Reddings & Fiddler's Green",Cheltenham
1144,Charlton Kings,Cheltenham
1145,Charlton Park,Cheltenham
1146,College,Cheltenham
1147,Hesters Way,Cheltenham
1148,Lansdown,Cheltenham
1149,Leckhampton,Cheltenham
1150,Darwin,Bromley and Biggin Hill
1151,Hayes & Coney Hall,Bromley and Biggin Hill
1152,Petts Wood & Knoll,Bromley and Biggin Hill
1153,Plaistow,Bromley and Biggin Hill
1154,Shortlands & Park Langley,Bromley and Biggin Hill
1155,Alvechurch South,Bromsgrove
1156,Alvechurch Village,Bromsgrove
1157,Aston Fields,Bromsgrove
1158,Avoncroft,Bromsgrove
1159,Barnt Green & Hopwood,Bromsgrove
1160,Belbroughton & Romsley,Bromsgrove
1161,Bromsgrove Central,Bromsgrove
1162,Catshill North,Bromsgrove
1163,Catshill South,Bromsgrove
1164,Charford,Bromsgrove
1165,Cofton,Bromsgrove
1166,Drakes Cross,Bromsgrove
1167,Hagley East,Bromsgrove
1168,Hagley West,Bromsgrove
1169,Hill Top,Bromsgrove
1170,Hollywood,Bromsgrove
1171,Lickey Hills,Bromsgrove
1172,Lowes Hill,Bromsgrove
1173,Marlbrook,Bromsgrove
1174,Norton,Bromsgrove
1175,Perryfields,Bromsgrove
1176,Rock Hill,Bromsgrove
1177,Rubery North,Bromsgrove
1178,Rubery South,Bromsgrove
1179,Sanders Park,Bromsgrove
1180,Sidemoor,Bromsgrove
1181,Slideslow,Bromsgrove
1182,Tardebigge,Bromsgrove
1183,Wythall East,Bromsgrove
1184,Wythall West,Bromsgrove
1185,Broxbourne and Hoddesdon South,Broxbourne
1186,Cheshunt North,Broxbourne
1187,Cheshunt South and Theobalds,Broxbourne
1188,Flamstead End,Broxbourne
1189,Goffs Oak,Broxbourne
1190,Hoddesdon North,Broxbourne
1191,Hoddesdon Town and Rye Park,Broxbourne
1192,Rosedale and Bury Green,Broxbourne
1193,Waltham Cross,Broxbourne
1194,Wormley and Turnford,Broxbourne
1195,Great Amwell & Stansteads,Broxbourne
1196,Hertford Heath & Brickendon,Broxbourne
1197,Attenborough & Chilwell East,Broxtowe
1198,Beeston Central,Broxtowe
1199,Beeston North,Broxtowe
1200,Royal Wootton Bassett East,Chippenham
1201,Royal Wootton Bassett North,Chippenham
1202,Royal Wootton Bassett South & West,Chippenham
1203,Barnet Vale,Chipping Barnet
1204,Brunswick Park,Chipping Barnet
1205,East Barnet,Chipping Barnet
1206,Edgwarebury,Chipping Barnet
1207,High Barnet,Chipping Barnet
1208,Totteridge & Woodside,Chipping Barnet
1209,Underhill,Chipping Barnet
1210,Whetstone,Chipping Barnet
1211,Adlington & Anderton,Chorley
1212,Crewe West,Crewe and Nantwich
1213,Buckshaw & Whittle,Chorley
1214,Chorley East,Chorley
1215,Chorley North East,Chorley
1216,Haslington,Crewe and Nantwich
1217,Chorley North West,Chorley
1218,Leighton,Crewe and Nantwich
1219,Chorley North & Astley,Chorley
1220,Nantwich North and West,Crewe and Nantwich
1221,Chorley South East & Heath Charnock,Chorley
1222,Nantwich South and Stapeley,Crewe and Nantwich
1223,Chorley South West,Chorley
1224,Shavington,Crewe and Nantwich
1225,"Clayton East, Brindle & Hoghton",Chorley
1226,Willaston and Rope,Crewe and Nantwich
1227,Clayton West & Cuerden,Chorley
1228,Linacre,Chesterfield
1229,Wistaston,Crewe and Nantwich
1230,Addiscombe East,Croydon East
1231,Addiscombe West,Croydon East
1232,New Addington North,Croydon East
1233,New Addington South,Croydon East
1234,Selsdon & Addington Village,Croydon East
1235,Selsdon Vale & Forestdale,Croydon East
1236,Shirley North,Croydon East
1237,Shirley South,Croydon East
1238,Woodside,Croydon East
1239,Coulsdon Town,Croydon South
1240,Kenley,Croydon South
1241,Old Coulsdon,Croydon South
1242,Park Hill & Whitgift,Croydon South
1243,Purley & Woodcote,Croydon South
1244,Purley Oaks & Riddlesdown,Croydon South
1245,Sanderstead,Croydon South
1246,Brixton Acre Lane,Clapham and Brixton Hill
1247,South Croydon,Croydon South
1248,Bensham Manor,Croydon West
1249,Broad Green,Croydon West
1250,Fairfield,Croydon West
1251,Selhurst,Croydon West
1252,South Norwood,Croydon West
1253,Waddon,Croydon West
1254,West Thornton,Croydon West
1255,Woodside,Croydon West
1256,Alibon,Dagenham and Rainham
1257,Beam,Dagenham and Rainham
1258,Chadwell Heath,Dagenham and Rainham
1259,Eastbrook & Rush Green,Dagenham and Rainham
1260,Goresbrook,Dagenham and Rainham
1261,Heath,Dagenham and Rainham
1262,Parsloes,Dagenham and Rainham
1263,Valence,Dagenham and Rainham
1264,Village,Dagenham and Rainham
1265,Whalebone,Dagenham and Rainham
1266,Beam Park,Dagenham and Rainham
1267,Elm Park,Dagenham and Rainham
1268,Hacton,Dagenham and Rainham
1269,Rainham & Wennington,Dagenham and Rainham
1270,South Hornchurch,Dagenham and Rainham
1271,Bank Top & Lascelles,Darlington
1272,Brinkburn & Faverdale,Darlington
1273,Oakley,Cheltenham
1274,Coppull,Chorley
1275,Park,Cheltenham
1276,Brixton North,Clapham and Brixton Hill
1277,Brixton Rush Common,Clapham and Brixton Hill
1278,Rother,Chesterfield
1279,Pittville,Cheltenham
1280,Euxton,Chorley
1281,Clapham Common & Abbeville,Clapham and Brixton Hill
1282,Spire,Chesterfield
1283,Prestbury,Cheltenham
1284,Burton & Grange,Christchurch
1285,Clapham East,Clapham and Brixton Hill
1286,Staveley Central,Chesterfield
1287,St Mark's,Cheltenham
1288,Christchurch Town,Christchurch
1289,Clapham Park,Clapham and Brixton Hill
1290,Staveley South,Chesterfield
1291,St Paul's,Cheltenham
1292,Commons,Christchurch
1293,Clapham Town,Clapham and Brixton Hill
1294,Walton,Chesterfield
1295,St Peter's,Cheltenham
1296,Highcliffe & Walkford,Christchurch
1297,St Martin's,Clapham and Brixton Hill
1298,Whittington,Chesterfield
1299,Up Hatherley,Cheltenham
1300,"Mudeford, Stanpit & West Highcliffe",Christchurch
1301,Stockwell East,Clapham and Brixton Hill
1302,Whittington Moor,Chesterfield
1303,Warden Hill,Cheltenham
1304,Amersham and Chesham Bois,Chesham and Amersham
1305,Chalfont St Giles,Chesham and Amersham
1306,Chalfont St Peter,Chesham and Amersham
1307,Chesham,Chesham and Amersham
1308,Chess Valley,Chesham and Amersham
1309,Chiltern Ridges,Chesham and Amersham
1310,Denham,Chesham and Amersham
1311,Gerrards Cross,Chesham and Amersham
1312,Hazlemere,Chesham and Amersham
1313,Little Chalfont and Amersham Common,Chesham and Amersham
1314,Penn Wood and Old Amersham,Chesham and Amersham
1315,Blacon,Chester North and Neston
1316,Chester City & the Garden Quarter,Chester North and Neston
1317,Great Boughton,Chester North and Neston
1318,Little Neston,Chester North and Neston
1319,Neston,Chester North and Neston
1320,Newton & Hoole,Chester North and Neston
1321,Parkgate,Chester North and Neston
1322,Saughall & Mollington,Chester North and Neston
1323,Upton,Chester North and Neston
1324,Willaston & Thornton,Chester North and Neston
1325,Audlem,Chester South and Eddisbury
1326,Bunbury,Chester South and Eddisbury
1327,Wrenbury,Chester South and Eddisbury
1328,Wybunbury,Chester South and Eddisbury
1329,Christleton & Huntington,Chester South and Eddisbury
1330,Farndon,Chester South and Eddisbury
1331,Handbridge Park,Chester South and Eddisbury
1332,Lache,Chester South and Eddisbury
1333,Malpas,Chester South and Eddisbury
1334,Tarporley,Chester South and Eddisbury
1335,Tarvin & Kelsall,Chester South and Eddisbury
1336,Tattenhall,Chester South and Eddisbury
1337,Weaver & Cuddington,Chester South and Eddisbury
1338,Brampton East & Boythorpe,Chesterfield
1339,Brampton West & Loundsley Green,Chesterfield
1340,Brimington North,Chesterfield
1341,Brimington South,Chesterfield
1342,Brockwell,Chesterfield
1343,Dunston,Chesterfield
1344,Hasland,Chesterfield
1345,Bersted,Chichester
1346,Ferndown North,Christchurch
1347,Stockwell West & Larkhall,Clapham and Brixton Hill
1348,Pagham,Chichester
1349,Ferndown South,Christchurch
1350,Streatham Hill West & Thornton,Clapham and Brixton Hill
1351,Chichester Central,Chichester
1352,St Leonards & St Ives,Christchurch
1353,West Dulwich,Clapham and Brixton Hill
1354,Chichester East,Chichester
1355,West Moors & Three Legged Cross,Christchurch
1356,Berechurch,Colchester
1357,Chichester North,Chichester
1358,West Parley,Christchurch
1359,Castle,Colchester
1360,Chichester South,Chichester
1361,Aldersgate,Cities of London and Westminster
1362,Greenstead,Colchester
1363,Chichester West,Chichester
1364,Aldgate,Cities of London and Westminster
1365,Highwoods,Colchester
1366,Goodwood,Chichester
1367,Bassishaw,Cities of London and Westminster
1368,Lexden and Braiswick,Colchester
1369,Mile End,Colchester
1370,New Town and Christ Church,Colchester
1371,Prettygate,Colchester
1372,St Anne's and St John's,Colchester
1373,Shrub End,Colchester
1374,Golcar,Colne Valley
1375,Holme Valley South,Colne Valley
1376,Lindley,Colne Valley
1377,Colne Valley,Colne Valley
1378,Holme Valley North,Colne Valley
1379,Alsager,Congleton
1380,Brereton Rural,Congleton
1381,Congleton East,Congleton
1382,Congleton West,Congleton
1383,Dane Valley,Congleton
1384,Odd Rode,Congleton
1385,Sandbach Elworth,Congleton
1386,Sandbach Ettiley Heath and Wheelock,Congleton
1387,Sandbach Heath and East,Congleton
1388,Sandbach Town,Congleton
1389,Corby Rural,Corby and East Northamptonshire
1390,Corby West,Corby and East Northamptonshire
1391,Irthlingborough,Corby and East Northamptonshire
1392,Kingswood,Corby and East Northamptonshire
1393,Lloyds,Corby and East Northamptonshire
1394,Oakley,Corby and East Northamptonshire
1395,Oundle,Corby and East Northamptonshire
1396,Raunds,Corby and East Northamptonshire
1397,Thrapston,Corby and East Northamptonshire
1398,Binley and Willenhall,Coventry East
1399,Foleshill,Coventry East
1400,Henley,Coventry East
1401,Longford,Coventry East
1402,Cockerton,Darlington
1403,Harbour Villages,Chichester
1404,College,Darlington
1405,Lavant,Chichester
1406,Eastbourne,Darlington
1407,Billingsgate,Cities of London and Westminster
1408,North Mundham & Tangmere,Chichester
1409,Harrowgate Hill,Darlington
1410,Selsey South,Chichester
1411,Bishopsgate,Cities of London and Westminster
1412,Haughton & Springfield,Darlington
1413,Sidlesham with Selsey North,Chichester
1414,Bread Street,Cities of London and Westminster
1415,Heighington & Coniscliffe,Darlington
1416,Southbourne,Chichester
1417,Bridge,Cities of London and Westminster
1418,Hummersknott,Darlington
1419,The Witterings,Chichester
1420,Broad Street,Cities of London and Westminster
1421,Mowden,Darlington
1422,Westbourne,Chichester
1423,Candlewick,Cities of London and Westminster
1424,North Road,Darlington
1425,Bridge,Chingford and Woodford Green
1426,Castle Baynard,Cities of London and Westminster
1427,Northgate,Darlington
1428,Churchfields,Chingford and Woodford Green
1429,Cheap,Cities of London and Westminster
1430,Park East,Darlington
1431,Monkhams,Chingford and Woodford Green
1432,Coleman Street,Cities of London and Westminster
1433,Park West,Darlington
1434,Chingford Green,Chingford and Woodford Green
1435,Cordwainer,Cities of London and Westminster
1436,Pierremont,Darlington
1437,Endlebury,Chingford and Woodford Green
1438,Cornhill,Cities of London and Westminster
1439,Red Hall & Lingfield,Darlington
1440,Stephenson,Darlington
1441,Whinfield,Darlington
1442,Bean & Village Park,Dartford
1443,Brent,Dartford
1444,Bridge,Dartford
1445,Burnham,Dartford
1446,Darenth,Dartford
1447,Greenhithe & Knockhall,Dartford
1448,Heath,Dartford
1449,Joyden's Wood,Dartford
1450,"Longfield, New Barn & Southfleet",Dartford
1451,Maypole & Leyton Cross,Dartford
1452,Newtown,Dartford
1453,Princes,Dartford
1454,Stone Castle,Dartford
1455,Stone House,Dartford
1456,Temple Hill,Dartford
1457,Town,Dartford
1458,West Hill,Dartford
1459,Ebbsfleet,Dartford
1460,Swanscombe,Dartford
1461,Earls Barton,Daventry
1462,Braunston and Crick,Daventry
1463,Brixworth,Daventry
1464,Daventry East,Daventry
1465,Daventry West,Daventry
1466,Long Buckby,Daventry
1467,Moulton,Daventry
1468,Silverstone,Daventry
1469,Woodford and Weedon,Daventry
1470,Abbey,Derby North
1471,Arboretum,Derby North
1472,Chaddesden East,Derby North
1473,Chaddesden North,Derby North
1474,Chaddesden West,Derby North
1475,Darley,Derby North
1476,Hale End & Highams Park South,Chingford and Woodford Green
1477,Cripplegate,Cities of London and Westminster
1478,Hatch Lane & Highams Park North,Chingford and Woodford Green
1479,Dowgate,Cities of London and Westminster
1480,Farringdon Within,Cities of London and Westminster
1481,Larkswood,Chingford and Woodford Green
1482,Upper Walthamstow,Chingford and Woodford Green
1483,Valley,Chingford and Woodford Green
1484,Calne Central,Chippenham
1485,Calne Chilvester & Abberd,Chippenham
1486,Calne North,Chippenham
1487,Calne Rural,Chippenham
1488,Chippenham Cepen Park & Derriads,Chippenham
1489,Chippenham Cepen Park & Hunters Moon,Chippenham
1490,Chippenham Hardenhuish,Chippenham
1491,Chippenham Hardens & Central,Chippenham
1492,Chippenham Lowden & Rowden,Chippenham
1493,Chippenham Monkton,Chippenham
1494,Chippenham Pewsham,Chippenham
1495,Chippenham Sheldon,Chippenham
1496,Corsham Ladbrook,Chippenham
1497,Corsham Pickwick,Chippenham
1498,Corsham Without,Chippenham
1499,Lyneham,Chippenham
1500,Upper Stoke,Coventry East
1501,Wyken,Coventry East
1502,Bablake,Coventry North West
1503,Holbrook,Coventry North West
1504,Radford,Coventry North West
1505,Sherbourne,Coventry North West
1506,Whoberley,Coventry North West
1507,Woodlands,Coventry North West
1508,Cheylesmore,Coventry South
1509,Earlsdon,Coventry South
1510,Lower Stoke,Coventry South
1511,St Michael's,Coventry South
1512,Wainbody,Coventry South
1513,Westwood,Coventry South
1514,Cramlington East,Cramlington and Killingworth
1515,Cramlington Eastfield,Cramlington and Killingworth
1516,Cramlington North,Cramlington and Killingworth
1517,Cramlington South East,Cramlington and Killingworth
1518,Cramlington Village,Cramlington and Killingworth
1519,Cramlington West,Cramlington and Killingworth
1520,Hartley,Cramlington and Killingworth
1521,Holywell,Cramlington and Killingworth
1522,Seghill with Seaton Delaval,Cramlington and Killingworth
1523,Castle,Cramlington and Killingworth
1524,Backworth & Holystone,Cramlington and Killingworth
1525,Battle Hill,Cramlington and Killingworth
1526,Camperdown,Cramlington and Killingworth
1527,Forest Hall,Cramlington and Killingworth
1528,Killingworth,Cramlington and Killingworth
1529,New York & Murton,Cramlington and Killingworth
1530,Shiremoor,Cramlington and Killingworth
1531,Weetslade,Cramlington and Killingworth
1532,Bewbush & North Broadfield,Crawley
1533,Broadfield,Crawley
1534,Furnace Green,Crawley
1535,Gossops Green & North East Broadfield,Crawley
1536,Ifield,Crawley
1537,Langley Green & Tushmore,Crawley
1538,Maidenbower,Crawley
1539,Northgate & West Green,Crawley
1540,Pound Hill North & Forge Wood,Crawley
1541,Pound Hill South & Worth,Crawley
1542,Southgate,Crawley
1543,Three Bridges,Crawley
1544,Tilgate,Crawley
1545,Crewe Central,Crewe and Nantwich
1546,Crewe East,Crewe and Nantwich
1547,Crewe North,Crewe and Nantwich
1548,Crewe St Barnabas,Crewe and Nantwich
1549,Crewe South,Crewe and Nantwich
1550,Farringdon Without,Cities of London and Westminster
1551,Langbourn,Cities of London and Westminster
1552,Lime Street,Cities of London and Westminster
1553,Portsoken,Cities of London and Westminster
1554,Queenhithe,Cities of London and Westminster
1555,Tower,Cities of London and Westminster
1556,Vintry,Cities of London and Westminster
1557,Walbrook,Cities of London and Westminster
1558,Abbey Road,Cities of London and Westminster
1559,Hyde Park,Cities of London and Westminster
1560,Knightsbridge & Belgravia,Cities of London and Westminster
1561,Marylebone,Cities of London and Westminster
1562,Pimlico North,Cities of London and Westminster
1563,Pimlico South,Cities of London and Westminster
1564,Regent's Park,Cities of London and Westminster
1565,St James's,Cities of London and Westminster
1566,Vincent Square,Cities of London and Westminster
1567,West End,Cities of London and Westminster
1568,Belmont,City of Durham
1569,Brandon,City of Durham
1570,Deerness,City of Durham
1571,Durham South,City of Durham
1572,Elvet and Gilesgate,City of Durham
1573,Esh and Witton Gilbert,City of Durham
1574,Framwellgate and Newton Hall,City of Durham
1575,Neville's Cross,City of Durham
1576,Sherburn,City of Durham
1577,Willington and Hunwick,City of Durham
1578,Bluehouse,Clacton
1579,Burrsville,Clacton
1580,Cann Hall,Clacton
1581,Coppins,Clacton
1582,Eastcliff,Clacton
1583,Frinton,Clacton
1584,Homelands,Clacton
1585,Kirby Cross,Clacton
1586,Kirby-le-Soken & Hamford,Clacton
1587,Little Clacton,Clacton
1588,Pier,Clacton
1589,St Bartholomew's,Clacton
1590,St James,Clacton
1591,St John's,Clacton
1592,St Osyth,Clacton
1593,St Paul's,Clacton
1594,The Bentleys & Frating,Clacton
1595,The Oakleys & Wix,Clacton
1596,"Thorpe, Beaumont & Great Holland",Clacton
1597,Walton,Clacton
1598,Weeley & Tendring,Clacton
1599,West Clacton & Jaywick Sands,Clacton
1600,Dulwich Village,Dulwich and West Norwood
1601,Dulwich Wood,Dulwich and West Norwood
1602,Dunstable Central,Dunstable and Leighton Buzzard
1603,Dunstable East,Dunstable and Leighton Buzzard
1604,Dunstable North,Dunstable and Leighton Buzzard
1605,Dunstable South,Dunstable and Leighton Buzzard
1606,Dunstable West,Dunstable and Leighton Buzzard
1607,Heath & Reach,Dunstable and Leighton Buzzard
1608,Houghton Regis East,Dunstable and Leighton Buzzard
1609,Houghton Regis West,Dunstable and Leighton Buzzard
1610,Leighton-Linslade North,Dunstable and Leighton Buzzard
1611,Leighton-Linslade South,Dunstable and Leighton Buzzard
1612,Leighton-Linslade West,Dunstable and Leighton Buzzard
1613,Ealing Broadway,Ealing Central and Acton
1614,Eastry Rural,Dover and Deal
1615,Ealing Common,Ealing Central and Acton
1616,East Acton,Ealing Central and Acton
1617,Hanger Hill,Ealing Central and Acton
1618,North Acton,Ealing Central and Acton
1619,South Acton,Ealing Central and Acton
1620,Southfield,Ealing Central and Acton
1621,College Park & Old Oak,Ealing Central and Acton
1622,Wormholt,Ealing Central and Acton
1623,Central Greenford,Ealing North
1624,Greenford Broadway,Ealing North
1625,North Greenford,Ealing North
1626,North Hanwell,Ealing North
1627,Northolt Mandeville,Ealing North
1628,Northolt West End,Ealing North
1629,Perivale,Ealing North
1630,Pitshanger,Ealing North
1631,Dormers Wells,Ealing Southall
1632,Hanwell Broadway,Ealing Southall
1633,Lady Margaret,Ealing Southall
1634,Northfield,Ealing Southall
1635,Norwood Green,Ealing Southall
1636,Southall Broadway,Ealing Southall
1637,Southall Green,Ealing Southall
1638,Southall West,Ealing Southall
1639,Walpole,Ealing Southall
1640,Church,Earley and Woodley
1641,Redlands,Earley and Woodley
1642,Whitley,Earley and Woodley
1643,Bulmershe & Coronation,Earley and Woodley
1644,Hawkedon,Earley and Woodley
1645,Hillside,Earley and Woodley
1646,Loddon,Earley and Woodley
1647,Maiden Erlegh & Whitegates,Earley and Woodley
1648,Shinfield,Earley and Woodley
1649,South Lake,Earley and Woodley
1650,Spencers Wood & Swallowfield,Earley and Woodley
1651,Alton Holybourne,East Hampshire
1652,Wallingford,Didcot and Wantage
1653,Thames,Earley and Woodley
1654,Alton Westbrooke,East Hampshire
1655,Alton Whitedown,East Hampshire
1656,Alton Wooteys,East Hampshire
1657,Bentworth & Froyle,East Hampshire
1658,"Binsted, Bentley & Selborne",East Hampshire
1659,Buriton & East Meon,East Hampshire
1660,Clanfield,East Hampshire
1661,Four Marks & Medstead,East Hampshire
1662,"Froxfield, Sheet & Steep",East Hampshire
1663,Horndean Catherington,East Hampshire
1664,Horndean Downs,East Hampshire
1665,Horndean Kings & Blendworth,East Hampshire
1666,Horndean Murray,East Hampshire
1667,Liss,East Hampshire
1668,Petersfield Bell Hill,East Hampshire
1669,Petersfield Causeway,East Hampshire
1670,Petersfield Heath,East Hampshire
1671,Petersfield St Peter's,East Hampshire
1672,"Ropley, Hawkley & Hangers",East Hampshire
1673,Rowlands Castle,East Hampshire
1674,"Hooley, Merstham & Netherne",East Surrey
1675,Bletchingley & Nutfield,East Surrey
1676,"Burstow, Horne & Outwood",East Surrey
1677,Chaldon,East Surrey
1678,Dormansland & Felbridge,East Surrey
1679,Godstone,East Surrey
1680,Harestone,East Surrey
1681,Limpsfield,East Surrey
1682,Lingfield & Crowhurst,East Surrey
1683,Oxted North,East Surrey
1684,Oxted South,East Surrey
1685,Portley & Queens Park,East Surrey
1686,Tatsfield & Titsey,East Surrey
1687,Valley,East Surrey
1688,Warlingham East & Chelsham & Farleigh,East Surrey
1689,Warlingham West,East Surrey
1690,Littleover,Derby North
1691,"Guston, Kingsdown & St Margaret's-at-Cliffe",Dover and Deal
1692,Westway,East Surrey
1693,Whyteleafe,East Surrey
1694,Woldingham,East Surrey
1695,Beacon Road,East Thanet
1696,Bradstowe,East Thanet
1697,Central Harbour,East Thanet
1698,Cliffsend and Pegwell,East Thanet
1699,Cliftonville East,East Thanet
1700,Cliftonville West,East Thanet
1701,Dane Valley,East Thanet
1702,Eastcliff,East Thanet
1703,Kingsgate,East Thanet
1704,Margate Central,East Thanet
1705,Maxton & Elms Vale,Dover and Deal
1706,Ridgeway,Didcot and Wantage
1707,Middle Deal,Dover and Deal
1708,Blackhalls,Easington
1709,Mackworth & New Zealand,Derby North
1710,Stanford,Didcot and Wantage
1711,Mill Hill,Dover and Deal
1712,Dawdon,Easington
1713,Mickleover,Derby North
1714,Steventon & the Hanneys,Didcot and Wantage
1715,North Deal,Dover and Deal
1716,Deneside,Easington
1717,Normanton,Derby North
1718,Blewbury & Harwell,Didcot and Wantage
1719,St Radigunds,Dover and Deal
1720,Easington,Easington
1721,Oakwood,Derby North
1722,Drayton,Didcot and Wantage
1723,Tower Hamlets,Dover and Deal
1724,Horden,Easington
1725,Abbey,Derby South
1726,Sutton Courtenay,Didcot and Wantage
1727,Town & Castle,Dover and Deal
1728,Murton,Easington
1729,Alvaston North,Derby South
1730,Grove North,Didcot and Wantage
1731,Walmer,Dover and Deal
1732,Passfield,Easington
1733,Peterlee East,Easington
1734,Peterlee West,Easington
1735,Seaham,Easington
1736,Shotton and South Hetton,Easington
1737,Trimdon and Thornley,Easington
1738,Wingate,Easington
1739,"Chailey, Barcombe & Hamsey",East Grinstead and Uckfield
1740,Newick,East Grinstead and Uckfield
1741,Wivelsfield,East Grinstead and Uckfield
1742,Buxted,East Grinstead and Uckfield
1743,Danehill & Fletching,East Grinstead and Uckfield
1744,Forest Row,East Grinstead and Uckfield
1745,Maresfield,East Grinstead and Uckfield
1746,Uckfield East,East Grinstead and Uckfield
1747,Uckfield New Town,East Grinstead and Uckfield
1748,Uckfield North,East Grinstead and Uckfield
1749,Uckfield Ridgewood & Little Horsted,East Grinstead and Uckfield
1750,"Ardingly, Balcombe & Turners Hill",East Grinstead and Uckfield
1751,Ashurst Wood & East Grinstead South,East Grinstead and Uckfield
1752,Copthorne & Worth,East Grinstead and Uckfield
1753,Crawley Down,East Grinstead and Uckfield
1754,East Grinstead Ashplats,East Grinstead and Uckfield
1755,East Grinstead Baldwins,East Grinstead and Uckfield
1756,East Grinstead Herontye,East Grinstead and Uckfield
1757,East Grinstead Imberhorne,East Grinstead and Uckfield
1758,East Grinstead Town,East Grinstead and Uckfield
1759,Handcross & Pease Pottage,East Grinstead and Uckfield
1760,Lindfield Rural & High Weald,East Grinstead and Uckfield
1761,Boleyn,East Ham
1762,East Ham,East Ham
1763,East Ham South,East Ham
1764,Forest Gate South,East Ham
1765,Green Street East,East Ham
1766,Little Ilford,East Ham
1767,Manor Park,East Ham
1768,Plaistow North,East Ham
1769,Plashet,East Ham
1770,Wall End,East Ham
1771,Oakley & The Candovers,East Hampshire
1772,Alton Amery,East Hampshire
1773,Alton Ashdell,East Hampshire
1774,Alton Eastbrooke,East Hampshire
1775,Nethercourt,East Thanet
1776,Alvaston South,Derby South
1777,Newington,East Thanet
1778,Hendreds,Didcot and Wantage
1779,Whitfield,Dover and Deal
1780,Northwood,East Thanet
1781,Arboretum,Derby South
1782,Wantage & Grove Brook,Didcot and Wantage
1783,Badsey & Aldington,Droitwich and Evesham
1784,St Peters,East Thanet
1785,Blagreaves,Derby South
1786,Wantage Charlton,Didcot and Wantage
1787,Bengeworth,Droitwich and Evesham
1788,Salmestone,East Thanet
1789,Chellaston & Shelton Lock,Derby South
1790,Armthorpe,Doncaster Central
1791,Bowbrook,Droitwich and Evesham
1792,Sir Moses Montefiore,East Thanet
1793,Darley,Derby South
1794,Balby South,Doncaster Central
1795,Bretforton & Offenham,Droitwich and Evesham
1796,Viking,East Thanet
1797,Normanton,Derby South
1798,Bessacarr,Doncaster Central
1799,"Broadway, Sedgeberrow & Childswickham",Droitwich and Evesham
1800,Chiseldon and Lawn,East Wiltshire
1801,Sinfin & Osmaston,Derby South
1802,Edenthorpe & Kirk Sandall,Doncaster Central
1803,Dodderhill,Droitwich and Evesham
1804,Ridgeway,East Wiltshire
1805,Alport & South West Parishes,Derbyshire Dales
1806,"Drakes Broughton, Norton & Whittington",Droitwich and Evesham
1807,Hexthorpe & Balby North,Doncaster Central
1808,Wroughton and Wichelstowe,East Wiltshire
1809,Crich & South Wingfield,Derbyshire Dales
1810,Aldbourne & Ramsbury,East Wiltshire
1811,Droitwich East,Droitwich and Evesham
1812,Tickhill & Wadsworth,Doncaster Central
1813,Ashbourne North,Derbyshire Dales
1814,Amesbury East & Bulford,East Wiltshire
1815,Droitwich South East,Droitwich and Evesham
1816,Town,Doncaster Central
1817,Ashbourne South,Derbyshire Dales
1818,Amesbury South,East Wiltshire
1819,Droitwich South West,Droitwich and Evesham
1820,Wheatley Hills & Intake,Doncaster Central
1821,Bakewell,Derbyshire Dales
1822,Amesbury West,East Wiltshire
1823,Droitwich West,Droitwich and Evesham
1824,Axholme Central,Doncaster East and the Isle of Axholme
1825,Bonsall & Winster,Derbyshire Dales
1826,Avon Valley,East Wiltshire
1827,Evesham North,Droitwich and Evesham
1828,Axholme North,Doncaster East and the Isle of Axholme
1829,Bradwell,Derbyshire Dales
1830,Durrington,East Wiltshire
1831,Evesham South,Droitwich and Evesham
1832,Axholme South,Doncaster East and the Isle of Axholme
1833,Brailsford,Derbyshire Dales
1834,Ludgershall North & Rural,East Wiltshire
1835,Fladbury,Droitwich and Evesham
1836,Finningley,Doncaster East and the Isle of Axholme
1837,Calver & Longstone,Derbyshire Dales
1838,Marlborough East,East Wiltshire
1839,Chatsworth,Derbyshire Dales
1840,Hampton,Droitwich and Evesham
1841,Marlborough West,East Wiltshire
1842,Hatfield,Doncaster East and the Isle of Axholme
1843,Pewsey Vale East,East Wiltshire
1844,Hartlebury,Droitwich and Evesham
1845,Rossington & Bawtry,Doncaster East and the Isle of Axholme
1846,Cromford & Matlock Bath,Derbyshire Dales
1847,Tidworth East & Ludgershall South,East Wiltshire
1848,"Honeybourne, Pebworth & The Littletons",Droitwich and Evesham
1849,Thorne & Moorends,Doncaster East and the Isle of Axholme
1850,Darley Dale,Derbyshire Dales
1851,Tidworth North & West,East Wiltshire
1852,Inkberrow,Droitwich and Evesham
1853,Adwick le Street & Carcroft,Doncaster North
1854,"Dovedale, Parwich & Brassington",Derbyshire Dales
1855,Till Valley,East Wiltshire
1856,North Claines & Salwarpe,Droitwich and Evesham
1857,Bentley,Doncaster North
1858,Doveridge & Sudbury,Derbyshire Dales
1859,Pewsey,East Wiltshire
1860,Ombersley,Droitwich and Evesham
1861,Mexborough,Doncaster North
1862,Hartington & Taddington,Derbyshire Dales
1863,Pewsey Vale West,East Wiltshire
1864,Pinvin,Droitwich and Evesham
1865,Norton & Askern,Doncaster North
1866,Hathersage,Derbyshire Dales
1867,Buckingham,East Worthing and Shoreham
1868,Upton Snodsbury,Droitwich and Evesham
1869,Roman Ridge,Doncaster North
1870,Hulland,Derbyshire Dales
1871,Churchill,East Worthing and Shoreham
1872,Brockmoor & Pensnett,Dudley
1873,Matlock East & Tansley,Derbyshire Dales
1874,Sprotbrough,Doncaster North
1875,Cokeham,East Worthing and Shoreham
1876,Castle & Priory,Dudley
1877,Matlock West,Derbyshire Dales
1878,Eastbrook,East Worthing and Shoreham
1879,Stainforth & Barnby Dun,Doncaster North
1880,Coseley,Dudley
1881,Norbury,Derbyshire Dales
1882,Hillside,East Worthing and Shoreham
1883,Bookham East & Eastwick Park,Dorking and Horley
1884,Gornal,Dudley
1885,Tideswell,Derbyshire Dales
1886,Manor,East Worthing and Shoreham
1887,Bookham West,Dorking and Horley
1888,Sedgley,Dudley
1889,Wirksworth,Derbyshire Dales
1890,Marine,East Worthing and Shoreham
1891,"Brockham, Betchworth, Buckland, Box Hill & Headley",Dorking and Horley
1892,St. James's,Dudley
1893,Youlgrave,Derbyshire Dales
1894,Mash Barn,East Worthing and Shoreham
1895,"Capel, Leigh, Newdigate & Charlwood",Dorking and Horley
1896,St. Thomas's,Dudley
1897,Hatton,Derbyshire Dales
1898,Peverel,East Worthing and Shoreham
1899,Dorking North,Dorking and Horley
1900,Upper Gornal & Woodsetton,Dudley
1901,Hilton,Derbyshire Dales
1902,St Mary's,East Worthing and Shoreham
1903,Dorking South,Dorking and Horley
1904,Brixton North,Dulwich and West Norwood
1905,Batley East,Dewsbury and Batley
1906,St Nicolas,East Worthing and Shoreham
1907,Fetcham,Dorking and Horley
1908,Brixton Rush Common,Dulwich and West Norwood
1909,Southlands,East Worthing and Shoreham
1910,Batley West,Dewsbury and Batley
1911,Holmwoods & Beare Green,Dorking and Horley
1912,Brixton Windrush,Dulwich and West Norwood
1913,"Mickleham, Westcott & Okewood",Dorking and Horley
1914,Dewsbury East,Dewsbury and Batley
1915,Horley Central & South,Dorking and Horley
1916,Gipsy Hill,Dulwich and West Norwood
1917,Dewsbury South,Dewsbury and Batley
1918,Horley East & Salfords,Dorking and Horley
1919,Herne Hill & Loughborough Junction,Dulwich and West Norwood
1920,Dewsbury West,Dewsbury and Batley
1921,Horley West & Sidlow,Dorking and Horley
1922,Southwick Green,East Worthing and Shoreham
1923,Knight's Hill,Dulwich and West Norwood
1924,Kirkburton,Dewsbury and Batley
1925,Ewhurst & Ellens Green,Dorking and Horley
1926,Widewater,East Worthing and Shoreham
1927,St Martin's,Dulwich and West Norwood
1928,Didcot West,Didcot and Wantage
1929,Alkham & Capel-le-Ferne,Dover and Deal
1930,Broadwater,East Worthing and Shoreham
1931,West Dulwich,Dulwich and West Norwood
1932,Cholsey,Didcot and Wantage
1933,"Aylesham, Eythorne & Shepherdswell",Dover and Deal
1934,Gaisford,East Worthing and Shoreham
1935,Champion Hill,Dulwich and West Norwood
1936,Didcot North East,Didcot and Wantage
1937,Buckland,Dover and Deal
1938,Offington,East Worthing and Shoreham
1939,Didcot South,Didcot and Wantage
1940,Dover Downs & River,Dover and Deal
1941,Selden,East Worthing and Shoreham
1942,Sandford & the Wittenhams,Didcot and Wantage
1943,Devonshire,Eastbourne
1944,Hampden Park,Eastbourne
1945,Langney,Eastbourne
1946,Meads,Eastbourne
1947,Old Town,Eastbourne
1948,Ratton,Eastbourne
1949,St Anthony's,Eastbourne
1950,Sovereign,Eastbourne
1951,Upperton,Eastbourne
1952,Bishopstoke,Eastleigh
1953,Chandler's Ford,Eastleigh
1954,Eastleigh Central,Eastleigh
1955,Eastleigh North,Eastleigh
1956,Eastleigh South,Eastleigh
1957,Fair Oak & Horton Heath,Eastleigh
1958,Hiltingbury,Eastleigh
1959,West End North,Eastleigh
1960,West End South,Eastleigh
1961,Valley Park,Eastleigh
1962,Bush Hill Park,Edmonton and Winchmore Hill
1963,Edmonton Green,Edmonton and Winchmore Hill
1964,Grange Park,Edmonton and Winchmore Hill
1965,Haselbury,Edmonton and Winchmore Hill
1966,Highfield,Edmonton and Winchmore Hill
1967,Jubilee,Edmonton and Winchmore Hill
1968,Lower Edmonton,Edmonton and Winchmore Hill
1969,Upper Edmonton,Edmonton and Winchmore Hill
1970,Winchmore Hill,Edmonton and Winchmore Hill
1971,Central & Grange,Ellesmere Port and Bromborough
1972,Ledsham & Manor,Ellesmere Port and Bromborough
1973,Netherpool,Ellesmere Port and Bromborough
1974,Strawberry,Ellesmere Port and Bromborough
1975,Sutton Villages,Ellesmere Port and Bromborough
1976,Westminster,Ellesmere Port and Bromborough
1977,Whitby Groves,Ellesmere Port and Bromborough
1978,Whitby Park,Ellesmere Port and Bromborough
1979,Wolverham,Ellesmere Port and Bromborough
1980,Bromborough,Ellesmere Port and Bromborough
1981,Eastham,Ellesmere Port and Bromborough
1982,Chislehurst,Eltham and Chislehurst
1983,Mottingham,Eltham and Chislehurst
1984,Blackheath Westcombe,Eltham and Chislehurst
1985,Charlton Hornfair,Eltham and Chislehurst
1986,Eltham Page,Eltham and Chislehurst
1987,Eltham Park & Progress,Eltham and Chislehurst
1988,Eltham Town & Avery Hill,Eltham and Chislehurst
1989,Kidbrooke Park,Eltham and Chislehurst
1990,Kidbrooke Village & Sutcliffe,Eltham and Chislehurst
1991,Middle Park & Horn Park,Eltham and Chislehurst
1992,"Mottingham, Coldharbour & New Eltham",Eltham and Chislehurst
1993,Burwell,Ely and East Cambridgeshire
1994,Downham Villages,Ely and East Cambridgeshire
1995,Ely East,Ely and East Cambridgeshire
1996,Ely North,Ely and East Cambridgeshire
1997,Ely West,Ely and East Cambridgeshire
1998,Fordham & Isleham,Ely and East Cambridgeshire
1999,Haddenham,Ely and East Cambridgeshire
2000,Priory,Exeter
2001,St David's,Exeter
2002,St Thomas,Exeter
2003,Broadclyst,Exmouth and Exeter East
2004,Budleigh & Raleigh,Exmouth and Exeter East
2005,Clyst Valley,Exmouth and Exeter East
2006,Cranbrook,Exmouth and Exeter East
2007,"Brockham, Betchworth, Buckland, Box Hill & Headley",Epsom and Ewell
2008,Ernehale,Gedling
2009,Exe Valley,Exmouth and Exeter East
2010,Exmouth Brixington,Exmouth and Exeter East
2011,Exmouth Halsdon,Exmouth and Exeter East
2012,Exmouth Littleham,Exmouth and Exeter East
2013,Exmouth Town,Exmouth and Exeter East
2014,Exmouth Withycombe Raleigh,Exmouth and Exeter East
2015,Whimple & Rockbeare,Exmouth and Exeter East
2016,Woodbury & Lympstone,Exmouth and Exeter East
2017,Pinhoe,Exmouth and Exeter East
2018,St Loyes,Exmouth and Exeter East
2019,Topsham,Exmouth and Exeter East
2020,Avenue,Fareham and Waterlooville
2021,Fareham Park,Fareham and Waterlooville
2022,Fareham Town,Fareham and Waterlooville
2023,Fort Fareham,Fareham and Waterlooville
2024,Portchester Castle,Fareham and Waterlooville
2025,Portchester Wicor,Fareham and Waterlooville
2026,Titchfield,Fareham and Waterlooville
2027,Uplands & Funtley,Fareham and Waterlooville
2028,Wallington & Downend,Fareham and Waterlooville
2029,Cowplain,Fareham and Waterlooville
2030,Hart Plain,Fareham and Waterlooville
2031,Waterloo,Fareham and Waterlooville
2032,Folkestone Harbour,Folkestone and Hythe
2033,Denmead,Fareham and Waterlooville
2034,Southwick and Wickham,Fareham and Waterlooville
2035,Bramshott & Liphook,Farnham and Bordon
2036,Grayshott,Farnham and Bordon
2037,Headley,Farnham and Bordon
2038,Lindford,Farnham and Bordon
2039,Whitehill Chase,Farnham and Bordon
2040,Whitehill Hogmoor & Greatham,Farnham and Bordon
2041,Western Commons,Farnham and Bordon
2042,Whitehill Pinewood,Farnham and Bordon
2043,Farnham Bourne,Farnham and Bordon
2044,Farnham Castle,Farnham and Bordon
2045,Farnham Firgrove,Farnham and Bordon
2046,Bramley & Wonersh,Godalming and Ash
2047,Farnham Heath End,Farnham and Bordon
2048,Farnham Moor Park,Farnham and Bordon
2049,Farnham North West,Farnham and Bordon
2050,Farnham Rowledge,Farnham and Bordon
2051,Farnham Weybourne,Farnham and Bordon
2052,Haslemere East,Farnham and Bordon
2053,Haslemere West,Farnham and Bordon
2054,Hindhead & Beacon Hill,Farnham and Bordon
2055,Littleport,Ely and East Cambridgeshire
2056,Gedling,Gedling
2057,Soham North,Ely and East Cambridgeshire
2058,Hythe,Folkestone and Hythe
2059,Chiddingfold,Godalming and Ash
2060,Leatherhead North,Epsom and Ewell
2061,Netherfield,Gedling
2062,Hythe Rural,Folkestone and Hythe
2063,Soham South,Ely and East Cambridgeshire
2064,Cranleigh East,Godalming and Ash
2065,Stretham,Ely and East Cambridgeshire
2066,Bearsted & Downswood,Faversham and Mid Kent
2067,Cranleigh West,Godalming and Ash
2068,Phoenix,Gedling
2069,Sutton,Ely and East Cambridgeshire
2070,Leatherhead South,Epsom and Ewell
2071,Boughton Monchelsea & Chart Sutton,Faversham and Mid Kent
2072,Elstead & Peper Harow,Godalming and Ash
2073,New Romney,Folkestone and Hythe
2074,Plains,Gedling
2075,Bottisham,Ely and East Cambridgeshire
2076,Awsworth Road,Erewash
2077,Boxley Downs,Faversham and Mid Kent
2078,Ewhurst & Ellens Green,Godalming and Ash
2079,Romney Marsh,Folkestone and Hythe
2080,Porchester,Gedling
2081,Woodditton,Ely and East Cambridgeshire
2082,Breaston,Erewash
2083,Grove Green & Vinters Park,Faversham and Mid Kent
2084,Godalming Binscombe & Charterhouse,Godalming and Ash
2085,Sandgate & West Folkestone,Folkestone and Hythe
2086,Cottenham,Ely and East Cambridgeshire
2087,Redhill,Gedling
2088,Cotmanhay,Erewash
2089,"Harrietsham, Lenham & North Downs",Faversham and Mid Kent
2090,Walland & Denge Marsh,Folkestone and Hythe
2091,Godalming Central & Ockford,Godalming and Ash
2092,Derby Road East,Erewash
2093,Berry Hill,Forest of Dean
2094,Leeds & Langley,Faversham and Mid Kent
2095,Milton & Waterbeach,Ely and East Cambridgeshire
2096,Godalming Farncombe & Catteshall,Godalming and Ash
2097,Trent Valley,Gedling
2098,Derby Road West,Erewash
2099,Bream,Forest of Dean
2100,Loose & Linton,Faversham and Mid Kent
2101,Brimsdown,Enfield North
2102,Godalming Holloway,Godalming and Ash
2103,Woodthorpe,Gedling
2104,Draycott & Risley,Erewash
2105,Cinderford East,Forest of Dean
2106,Park Wood & Mangravet,Faversham and Mid Kent
2107,Bullsmoor,Enfield North
2108,Milford & Witley,Godalming and Ash
2109,Chatham Central & Brompton,Gillingham and Rainham
2110,Hallam Fields,Erewash
2111,Cinderford West,Forest of Dean
2112,Senacre,Faversham and Mid Kent
2113,Carterhatch,Enfield North
2114,Western Commons,Godalming and Ash
2115,Gillingham North,Gillingham and Rainham
2116,Kirk Hallam & Stanton-by-Dale,Erewash
2117,Coleford,Forest of Dean
2118,Shepway,Faversham and Mid Kent
2119,Enfield Lock,Enfield North
2120,Dale,Goole and Pocklington
2121,Larklands,Erewash
2122,Gillingham South,Gillingham and Rainham
2123,Dymock,Forest of Dean
2124,Goole North,Goole and Pocklington
2125,Ponders End,Enfield North
2126,Abbey,Faversham and Mid Kent
2127,Little Hallam,Erewash
2128,Goole South,Goole and Pocklington
2129,Hempstead & Wigmore,Gillingham and Rainham
2130,Boughton and Courtenay,Faversham and Mid Kent
2131,Hartpury & Redmarley,Forest of Dean
2132,Long Eaton Central,Erewash
2133,Howden,Goole and Pocklington
2134,Ridgeway,Enfield North
2135,Rainham North,Gillingham and Rainham
2136,East Downs,Faversham and Mid Kent
2137,Longhope & Huntley,Forest of Dean
2138,Nottingham Road,Erewash
2139,Howdenshire,Goole and Pocklington
2140,Southbury,Enfield North
2141,Rainham South East,Gillingham and Rainham
2142,Priory,Faversham and Mid Kent
2143,Lydbrook,Forest of Dean
2144,Sandiacre,Erewash
2145,"Snaith, Airmyn, Rawcliffe and Marshland",Goole and Pocklington
2146,Town,Enfield North
2147,Rainham South West,Gillingham and Rainham
2148,St Ann's,Faversham and Mid Kent
2149,Lydney East,Forest of Dean
2150,Sawley,Erewash
2151,South Hunsley,Goole and Pocklington
2152,Whitewebbs,Enfield North
2153,Twydall,Gillingham and Rainham
2154,Teynham and Lynsted,Faversham and Mid Kent
2155,Lydney North,Forest of Dean
2156,Shipley View,Erewash
2157,Wilsthorpe,Erewash
2158,Belvedere,Erith and Thamesmead
2159,Erith,Erith and Thamesmead
2160,Thamesmead East,Erith and Thamesmead
2161,Abbey Wood,Erith and Thamesmead
2162,Eltham Park & Progress,Erith and Thamesmead
2163,Plumstead & Glyndon,Erith and Thamesmead
2164,Plumstead Common,Erith and Thamesmead
2165,Shooters Hill,Erith and Thamesmead
2166,Thamesmead Moorings,Erith and Thamesmead
2167,West Thamesmead,Erith and Thamesmead
2168,Woolwich Arsenal,Erith and Thamesmead
2169,Woolwich Common,Erith and Thamesmead
2170,Claygate,Esher and Walton
2171,Esher,Esher and Walton
2172,Hersham Village,Esher and Walton
2173,Hinchley Wood and Weston Green,Esher and Walton
2174,Long Ditton,Esher and Walton
2175,Molesey East,Esher and Walton
2176,Molesey West,Esher and Walton
2177,Oatlands and Burwood Park,Esher and Walton
2178,Thames Ditton,Esher and Walton
2179,Walton Central,Esher and Walton
2180,Walton North,Esher and Walton
2181,Walton South,Esher and Walton
2182,Alphington,Exeter
2183,Duryard and St James,Exeter
2184,Exwick,Exeter
2185,Heavitree,Exeter
2186,Mincinglake and Whipton,Exeter
2187,Newtown and St Leonard's,Exeter
2188,Pennsylvania,Exeter
2189,Lydney West & Aylburton,Forest of Dean
2190,Watling,Gillingham and Rainham
2191,Buckhurst Hill East & Whitebridge,Epping Forest
2192,Watling,Faversham and Mid Kent
2193,Pocklington Provincial,Goole and Pocklington
2194,Buckhurst Hill West,Epping Forest
2195,West Downs,Faversham and Mid Kent
2196,"Mitcheldean, Ruardean & Drybrook",Forest of Dean
2197,Wolds Weighton,Goole and Pocklington
2198,Chigwell with Lambourne,Epping Forest
2199,Bedfont,Feltham and Heston
2200,Blackmoor Vale,Glastonbury and Somerton
2201,Epping East,Epping Forest
2202,Brympton,Glastonbury and Somerton
2203,Epping West & Rural,Epping Forest
2204,Cranford,Feltham and Heston
2205,Newent & Taynton,Forest of Dean
2206,Castle Cary,Glastonbury and Somerton
2207,Burnage,Gorton and Denton
2208,Grange Hill,Epping Forest
2209,Feltham North,Feltham and Heston
2210,Feltham West,Feltham and Heston
2211,Hanworth Park,Feltham and Heston
2212,Hanworth Village,Feltham and Heston
2213,Heston Central,Feltham and Heston
2214,Heston West,Feltham and Heston
2215,Hounslow West,Feltham and Heston
2216,Bradley Stoke North,Filton and Bradley Stoke
2217,Bradley Stoke South,Filton and Bradley Stoke
2218,Charlton & Cribbs,Filton and Bradley Stoke
2219,Emersons Green,Filton and Bradley Stoke
2220,Filton,Filton and Bradley Stoke
2221,Frenchay & Downend,Filton and Bradley Stoke
2222,Patchway Coniston,Filton and Bradley Stoke
2223,Stoke Gifford,Filton and Bradley Stoke
2224,Stoke Park & Cheswick,Filton and Bradley Stoke
2225,Winterbourne,Filton and Bradley Stoke
2226,Childs Hill,Finchley and Golders Green
2227,Cricklewood,Finchley and Golders Green
2228,East Finchley,Finchley and Golders Green
2229,Finchley Church End,Finchley and Golders Green
2230,Garden Suburb,Finchley and Golders Green
2231,Golders Green,Finchley and Golders Green
2232,West Finchley,Finchley and Golders Green
2233,Woodhouse,Finchley and Golders Green
2234,Broadmead,Folkestone and Hythe
2235,Cheriton,Folkestone and Hythe
2236,East Folkestone,Folkestone and Hythe
2237,Folkestone Central,Folkestone and Hythe
2238,Gorton & Abbey Hey,Gorton and Denton
2239,Levenshulme,Gorton and Denton
2240,Longsight,Gorton and Denton
2241,Audenshaw,Gorton and Denton
2242,Loughton Fairmead,Epping Forest
2243,Denton North East,Gorton and Denton
2244,Coker,Glastonbury and Somerton
2245,Denton South,Gorton and Denton
2246,Newland & Sling,Forest of Dean
2247,Loughton Forest,Epping Forest
2248,Denton West,Gorton and Denton
2249,Newnham,Forest of Dean
2250,Loughton Roding,Epping Forest
2251,Hill Head,Gosport
2252,Curry Rivel & Langport,Glastonbury and Somerton
2253,Pillowell,Forest of Dean
2254,Loughton St John's,Epping Forest
2255,Stubbington,Gosport
2256,Glastonbury,Glastonbury and Somerton
2257,Ruspidge,Forest of Dean
2258,North Weald Bassett,Epping Forest
2259,Alverstoke,Gosport
2260,Martock,Glastonbury and Somerton
2261,St. Briavels,Forest of Dean
2262,Roydon & Lower Nazeing,Epping Forest
2263,Anglesey,Gosport
2264,Mendip South,Glastonbury and Somerton
2265,Tidenham,Forest of Dean
2266,Theydon Bois with Passingford,Epping Forest
2267,Bridgemary,Gosport
2268,Somerton,Glastonbury and Somerton
2269,Westbury-on-Severn,Forest of Dean
2270,Waltham Abbey North,Epping Forest
2271,Brockhurst & Privett,Gosport
2272,South Petherton & Islemoor,Glastonbury and Somerton
2273,Highnam with Haw Bridge,Forest of Dean
2274,Waltham Abbey South & Rural,Epping Forest
2275,Elson,Gosport
2276,Street,Glastonbury and Somerton
2277,Bathavon South,Frome and East Somerset
2278,Waltham Abbey West,Epping Forest
2279,Forton,Gosport
2280,Wincanton & Bruton,Glastonbury and Somerton
2281,Midsomer Norton North,Frome and East Somerset
2282,Auriol,Epsom and Ewell
2283,Abbeydale,Gloucester
2284,Grange & Alver Valley,Gosport
2285,Midsomer Norton Redfield,Frome and East Somerset
2286,College,Epsom and Ewell
2287,Harbourside & Town,Gosport
2288,Abbeymead,Gloucester
2289,Peasedown,Frome and East Somerset
2290,Court,Epsom and Ewell
2291,Hardway,Gosport
2292,Barnwood,Gloucester
2293,Radstock,Frome and East Somerset
2294,Cuddington,Epsom and Ewell
2295,Lee East,Gosport
2296,Barton and Tredworth,Gloucester
2297,Westfield,Frome and East Somerset
2298,Ewell Court,Epsom and Ewell
2299,Lee West,Gosport
2300,Coney Hill,Gloucester
2301,Frome East,Frome and East Somerset
2302,Ewell Village,Epsom and Ewell
2303,Leesland & Newtown,Gosport
2304,Grange,Gloucester
2305,Frome North,Frome and East Somerset
2306,Horton,Epsom and Ewell
2307,Peel Common,Gosport
2308,Hucclecote,Gloucester
2309,Frome West,Frome and East Somerset
2310,Nonsuch,Epsom and Ewell
2311,Rowner & Holbrook,Gosport
2312,Kingsholm and Wotton,Gloucester
2313,Mendip Central and East,Frome and East Somerset
2314,Ruxley,Epsom and Ewell
2315,"Cranwell, Leasingham & Wilsford",Grantham and Bourne
2316,Mendip Hills,Frome and East Somerset
2317,Stamford,Epsom and Ewell
2318,Heckington Rural,Grantham and Bourne
2319,Kingsway,Gloucester
2320,Stoneleigh,Epsom and Ewell
2321,Mendip South,Frome and East Somerset
2322,"Matson, Robinswood and White City",Gloucester
2323,Helpringham & Osbournby,Grantham and Bourne
2324,Town,Epsom and Ewell
2325,Ansdell & Fairhaven,Fylde
2326,Moreland,Gloucester
2327,Aveland,Grantham and Bourne
2328,West Ewell,Epsom and Ewell
2329,Ashton,Fylde
2330,Podsmead,Gloucester
2331,Belmont,Grantham and Bourne
2332,Woodcote & Langley Vale,Epsom and Ewell
2333,Carnegie,Fylde
2334,Quedgeley Fieldcourt,Gloucester
2335,Ashtead Lanes & Common,Epsom and Ewell
2336,Freckleton Village,Fylde
2337,Quedgeley Severn Vale,Gloucester
2338,Ashtead Park,Epsom and Ewell
2339,Heyhouses,Fylde
2340,Tuffley,Gloucester
2341,Kilgrimol,Fylde
2342,Westgate,Gloucester
2343,Kilnhouse,Fylde
2344,Pilgrims,Godalming and Ash
2345,Kirkham,Fylde
2346,Shalford,Godalming and Ash
2347,Lytham East,Fylde
2348,Tillingbourne,Godalming and Ash
2349,"Alfold, Dunsfold & Hascombe",Godalming and Ash
2350,Lytham West,Fylde
2351,Medlar-with-Wesham,Fylde
2352,Park,Fylde
2353,Rural East Fylde,Fylde
2354,Rural North Fylde,Fylde
2355,Staining,Fylde
2356,Warton,Fylde
2357,Wrea Green with Westby,Fylde
2358,Breck,Fylde
2359,Hardhorn with High Cross,Fylde
2360,Tithebarn,Fylde
2361,Bardney,Gainsborough
2362,Caistor and Yarborough,Gainsborough
2363,Cherry Willingham,Gainsborough
2364,Dunholme and Welton,Gainsborough
2365,Gainsborough East,Gainsborough
2366,Gainsborough North,Gainsborough
2367,Gainsborough South-West,Gainsborough
2368,Hemswell,Gainsborough
2369,Kelsey Wold,Gainsborough
2370,Lea,Gainsborough
2371,Market Rasen,Gainsborough
2372,Nettleham,Gainsborough
2373,Saxilby,Gainsborough
2374,Scampton,Gainsborough
2375,Scotter and Blyton,Gainsborough
2376,Stow,Gainsborough
2377,Sudbrooke,Gainsborough
2378,Torksey,Gainsborough
2379,Waddingham and Spital,Gainsborough
2380,Wold View,Gainsborough
2381,Bridges,Gateshead Central and Whickham
2382,Chowdene,Gateshead Central and Whickham
2383,Deckham,Gateshead Central and Whickham
2384,Dunston and Teams,Gateshead Central and Whickham
2385,Dunston Hill and Whickham East,Gateshead Central and Whickham
2386,High Fell,Gateshead Central and Whickham
2387,Lobley Hill and Bensham,Gateshead Central and Whickham
2388,Low Fell,Gateshead Central and Whickham
2389,Saltwell,Gateshead Central and Whickham
2390,Whickham North,Gateshead Central and Whickham
2391,Whickham South and Sunniside,Gateshead Central and Whickham
2392,Bestwood St Albans,Gedling
2393,Carlton,Gedling
2394,Carlton Hill,Gedling
2395,Cavendish,Gedling
2396,Colwick,Gedling
2397,Coppice,Gedling
2398,Daybrook,Gedling
2399,Dumbles,Gedling
2400,East Flegg,Great Yarmouth
2401,Fleggburgh,Great Yarmouth
2402,Gorleston,Great Yarmouth
2403,Lothingland,Great Yarmouth
2404,Magdalen,Great Yarmouth
2405,Nelson,Great Yarmouth
2406,Ormesby,Great Yarmouth
2407,St Andrews,Great Yarmouth
2408,Southtown and Cobholm,Great Yarmouth
2409,West Flegg,Great Yarmouth
2410,Yarmouth North,Great Yarmouth
2411,Blackheath Westcombe,Greenwich and Woolwich
2412,Charlton Hornfair,Greenwich and Woolwich
2413,Charlton Village & Riverside,Greenwich and Woolwich
2414,East Greenwich,Greenwich and Woolwich
2415,Greenwich Creekside,Greenwich and Woolwich
2416,Greenwich Park,Greenwich and Woolwich
2417,Greenwich Peninsula,Greenwich and Woolwich
2418,Plumstead Common,Greenwich and Woolwich
2419,Shooters Hill,Greenwich and Woolwich
2420,Woolwich Arsenal,Greenwich and Woolwich
2421,Berkhamsted East,Harpenden and Berkhamsted
2422,Burn Valley,Hartlepool
2423,Hackney Central,Hackney South and Shoreditch
2424,Hayling West,Havant
2425,Woolwich Common,Greenwich and Woolwich
2426,Woolwich Dockyard,Greenwich and Woolwich
2427,Ash South,Guildford
2428,Ash Vale,Guildford
2429,Ash Wharf,Guildford
2430,Bellfields & Slyfield,Guildford
2431,Burpham,Guildford
2432,Castle,Guildford
2433,Belvoir,Grantham and Bourne
2434,Clandon & Horsley,Guildford
2435,Effingham,Guildford
2436,Merrow,Guildford
2437,Onslow,Guildford
2438,Send & Lovelace,Guildford
2439,St Nicolas,Guildford
2440,Stoke,Guildford
2441,Stoughton North,Guildford
2442,Stoughton South,Guildford
2443,Westborough,Guildford
2444,Worplesdon,Guildford
2445,Cazenove,Hackney North and Stoke Newington
2446,Clissold,Hackney North and Stoke Newington
2447,Hackney Downs,Hackney North and Stoke Newington
2448,King's Park,Hackney North and Stoke Newington
2449,Lea Bridge,Hackney North and Stoke Newington
2450,Shacklewell,Hackney North and Stoke Newington
2451,Springfield,Hackney North and Stoke Newington
2452,Stamford Hill West,Hackney North and Stoke Newington
2453,Stoke Newington,Hackney North and Stoke Newington
2454,Dalston,Hackney South and Shoreditch
2455,Forest Hill & Holton,Henley and Thame
2456,Chiswick Gunnersbury,Hammersmith and Chiswick
2457,Berkhamsted West,Harpenden and Berkhamsted
2458,De Bruce,Hartlepool
2459,Haseley Brook,Henley and Thame
2460,Bourne Austerby,Grantham and Bourne
2461,Leigh Park Central & West Leigh,Havant
2462,Northchurch,Harpenden and Berkhamsted
2463,Hackney Wick,Hackney South and Shoreditch
2464,Fens & Greatham,Hartlepool
2465,Bourne East,Grantham and Bourne
2466,Leigh Park Hermitage,Havant
2467,Kidmore End & Whitchurch,Henley and Thame
2468,Chiswick Homefields,Hammersmith and Chiswick
2469,Tring Central,Harpenden and Berkhamsted
2470,Foggy Furze,Hartlepool
2471,Wheatley,Henley and Thame
2472,Purbrook,Havant
2473,Bourne West,Grantham and Bourne
2474,Haggerston,Hackney South and Shoreditch
2475,Hart,Hartlepool
2476,Chiswick Riverside,Hammersmith and Chiswick
2477,Grantham Arnoldfield,Grantham and Bourne
2478,Stakes,Havant
2479,Sonning Common,Henley and Thame
2480,Homerton,Hackney South and Shoreditch
2481,Belmore,Hayes and Harlington
2482,Tring East,Harpenden and Berkhamsted
2483,Charville,Hayes and Harlington
2484,Headland & Harbour,Hartlepool
2485,Belsize,Hampstead and Highgate
2486,Grantham Barrowby Gate,Grantham and Bourne
2487,Tring West and Rural,Harpenden and Berkhamsted
2488,Manor House,Hartlepool
2489,Hayes Town,Hayes and Harlington
2490,Hoxton East & Shoreditch,Hackney South and Shoreditch
2491,Henley-on-Thames,Henley and Thame
2492,Fortune Green,Hampstead and Highgate
2493,Rossmere,Hartlepool
2494,Watling,Harpenden and Berkhamsted
2495,Woodcote & Rotherfield,Henley and Thame
2496,Hoxton West,Hackney South and Shoreditch
2497,Heathrow Villages,Hayes and Harlington
2498,Grantham Earlesfield,Grantham and Bourne
2499,Frognal,Hampstead and Highgate
2500,Rural West,Hartlepool
2501,Harpenden East,Harpenden and Berkhamsted
2502,Aylestone Hill,Hereford and South Herefordshire
2503,London Fields,Hackney South and Shoreditch
2504,Pinkwell,Hayes and Harlington
2505,Victoria,Hackney South and Shoreditch
2506,Seaton,Hartlepool
2507,Belmont Rural,Hereford and South Herefordshire
2508,Harpenden North & Rural,Harpenden and Berkhamsted
2509,Gospel Oak,Hampstead and Highgate
2510,Grantham Harrowby,Grantham and Bourne
2511,Belle Vale,Halesowen
2512,Throston,Hartlepool
2513,Harpenden South,Harpenden and Berkhamsted
2514,Hampstead Town,Hampstead and Highgate
2515,Grantham St Vincent's,Grantham and Bourne
2516,Birch,Hereford and South Herefordshire
2517,Cradley North & Wollescote,Halesowen
2518,Harpenden West,Harpenden and Berkhamsted
2519,Victoria,Hartlepool
2520,Bobblestock,Hereford and South Herefordshire
2521,Redbourn,Harpenden and Berkhamsted
2522,Halesowen North,Halesowen
2523,Grantham St Wulfram's,Grantham and Bourne
2524,West Drayton,Hayes and Harlington
2525,Highgate,Hampstead and Highgate
2526,Wood End,Hayes and Harlington
2527,Grantham Springfield,Grantham and Bourne
2528,Halesowen South,Halesowen
2529,Lexden and Braiswick,Harwich and North Essex
2530,Central,Hereford and South Herefordshire
2531,Sandridge & Wheathampstead,Harpenden and Berkhamsted
2532,Kilburn,Hampstead and Highgate
2533,Yeading,Hayes and Harlington
2534,Bredbury & Woodley,Hazel Grove
2535,Bredbury Green & Romiley,Hazel Grove
2536,Hazel Grove,Hazel Grove
2537,Manor,Hazel Grove
2538,Marple North,Hazel Grove
2539,Marple South & High Lane,Hazel Grove
2540,Norbury & Woodsmoor,Hazel Grove
2541,Offerton,Hazel Grove
2542,Adeyfield East,Hemel Hempstead
2543,Adeyfield West,Hemel Hempstead
2544,Apsley and Corner Hall,Hemel Hempstead
2545,Bennetts End,Hemel Hempstead
2546,"Bovingdon, Flaunden and Chipperfield",Hemel Hempstead
2547,Boxmoor,Hemel Hempstead
2548,Chaulden and Warners End,Hemel Hempstead
2549,Gadebridge,Hemel Hempstead
2550,Grovehill,Hemel Hempstead
2551,Hemel Hempstead Town,Hemel Hempstead
2552,Highfield,Hemel Hempstead
2553,Leverstock Green,Hemel Hempstead
2554,Nash Mills,Hemel Hempstead
2555,Woodhall Farm,Hemel Hempstead
2556,Burnt Oak,Hendon
2557,Colindale North,Hendon
2558,Colindale South,Hendon
2559,Edgware,Hendon
2560,Hendon,Hendon
2561,Mill Hill,Hendon
2562,West Hendon,Hendon
2563,Benson & Crowmarsh,Henley and Thame
2564,Berinsfield,Henley and Thame
2565,Chalgrove,Henley and Thame
2566,Chinnor,Henley and Thame
2567,Garsington & Horspath,Henley and Thame
2568,Goring,Henley and Thame
2569,Thame,Henley and Thame
2570,Watlington,Henley and Thame
2571,Hayley Green & Cradley South,Halesowen
2572,Mersea and Pyefleet,Harwich and North Essex
2573,College,Hereford and South Herefordshire
2574,Primrose Hill,Hampstead and Highgate
2575,Lincrest,Grantham and Bourne
2576,Old Heath and The Hythe,Harwich and North Essex
2577,Lye & Stourbridge North,Halesowen
2578,Dinedor Hill,Hereford and South Herefordshire
2579,South Hampstead,Hampstead and Highgate
2580,St Stephen,Harpenden and Berkhamsted
2581,Loveden Heath,Grantham and Bourne
2582,Rural North,Harwich and North Essex
2583,West Hampstead,Hampstead and Highgate
2584,Verulam,Harpenden and Berkhamsted
2585,Quarry Bank & Dudley Wood,Halesowen
2586,Morton,Grantham and Bourne
2587,Wivenhoe,Harwich and North Essex
2588,Eign Hill,Hereford and South Herefordshire
2589,Highgate,Hampstead and Highgate
2590,Marshalswick East & Jersey Farm,Harpenden and Berkhamsted
2591,Blackheath,Halesowen
2592,Peascliffe & Ridgeway,Grantham and Bourne
2593,Alresford & Elmstead,Harwich and North Essex
2594,Golden Valley North,Hereford and South Herefordshire
2595,Glen,"Harborough, Oadby and Wigston"
2596,Marshalswick West,Harpenden and Berkhamsted
2597,Cradley Heath and Old Hill,Halesowen
2598,Toller,Grantham and Bourne
2599,Ardleigh & Little Bromley,Harwich and North Essex
2600,Golden Valley South,Hereford and South Herefordshire
2601,Kibworths,"Harborough, Oadby and Wigston"
2602,Bilton Grange & New Park,Harrogate and Knaresborough
2603,Illingworth and Mixenden,Halifax
2604,Viking,Grantham and Bourne
2605,Brightlingsea,Harwich and North Essex
2606,Greyfriars,Hereford and South Herefordshire
2607,Lubenham,"Harborough, Oadby and Wigston"
2608,Chalk,Gravesham
2609,Bilton & Nidd Gorge,Harrogate and Knaresborough
2610,Hinton & Hunderton,Hereford and South Herefordshire
2611,Dovercourt All Saints,Harwich and North Essex
2612,Northowram and Shelf,Halifax
2613,Market Harborough-Great Bowden & Arden,"Harborough, Oadby and Wigston"
2614,Kerne Bridge,Hereford and South Herefordshire
2615,Boroughbridge & Claro,Harrogate and Knaresborough
2616,Dovercourt Bay,Harwich and North Essex
2617,Coldharbour & Perry Street,Gravesham
2618,Market Harborough-Little Bowden,"Harborough, Oadby and Wigston"
2619,Kings Acre,Hereford and South Herefordshire
2620,Ovenden,Halifax
2621,Coppice Valley & Duchy,Harrogate and Knaresborough
2622,Dovercourt Tollgate,Harwich and North Essex
2623,Denton,Gravesham
2624,Market Harborough-Logan,"Harborough, Oadby and Wigston"
2625,Llangarron,Hereford and South Herefordshire
2626,Park,Halifax
2627,Fairfax & Starbeck,Harrogate and Knaresborough
2628,Dovercourt Vines & Parkeston,Harwich and North Essex
2629,Higham & Shorne,Gravesham
2630,Market Harborough-Welland,"Harborough, Oadby and Wigston"
2631,Newton Farm,Hereford and South Herefordshire
2632,Ryburn,Halifax
2633,Harlow & St. Georges,Harrogate and Knaresborough
2634,Harwich & Kingsway,Harwich and North Essex
2635,"Istead Rise, Cobham & Luddesdown",Gravesham
2636,Oadby Brocks Hill,"Harborough, Oadby and Wigston"
2637,Penyard,Hereford and South Herefordshire
2638,Skircoat,Halifax
2639,"Lawford, Manningtree & Mistley",Harwich and North Essex
2640,High Harrogate & Kingsley,Harrogate and Knaresborough
2641,Stour Valley,Harwich and North Essex
2642,Oadby Grange,"Harborough, Oadby and Wigston"
2643,Meopham North,Gravesham
2644,Red Hill,Hereford and South Herefordshire
2645,"Killinghall, Hampsthwaite & Saltergate",Harrogate and Knaresborough
2646,Ashdown,Hastings and Rye
2647,Oadby St Peter's,"Harborough, Oadby and Wigston"
2648,Meopham South & Vigo,Gravesham
2649,Sowerby Bridge,Halifax
2650,Baird,Hastings and Rye
2651,Oadby Uplands,"Harborough, Oadby and Wigston"
2652,Ross East,Hereford and South Herefordshire
2653,Town,Halifax
2654,Northfleet & Springhead,Gravesham
2655,Knaresborough East,Harrogate and Knaresborough
2656,Braybrooke,Hastings and Rye
2657,Oadby Woodlands,"Harborough, Oadby and Wigston"
2658,Ross North,Hereford and South Herefordshire
2659,Warley,Halifax
2660,Painters Ash,Gravesham
2661,Knaresborough West,Harrogate and Knaresborough
2662,Castle,Hastings and Rye
2663,South Wigston,"Harborough, Oadby and Wigston"
2664,Ross West,Hereford and South Herefordshire
2665,Botley,Hamble Valley
2666,Pelham,Gravesham
2667,Oatlands & Pannal,Harrogate and Knaresborough
2668,Central St Leonards,Hastings and Rye
2669,Wigston All Saints,"Harborough, Oadby and Wigston"
2670,Bursledon & Hound North,Hamble Valley
2671,Saxon Gate,Hereford and South Herefordshire
2672,Hamble & Netley,Hamble Valley
2673,"Stray, Woodlands & Hookstone",Harrogate and Knaresborough
2674,Wigston Fields,"Harborough, Oadby and Wigston"
2675,Conquest,Hastings and Rye
2676,Tupsley,Hereford and South Herefordshire
2677,Valley Gardens & Central Harrogate,Harrogate and Knaresborough
2678,Hedge End North,Hamble Valley
2679,Riverview Park,Gravesham
2680,Gensing,Hastings and Rye
2681,Wigston Meadowcourt,"Harborough, Oadby and Wigston"
2682,Hedge End South,Hamble Valley
2683,Rosherville,Gravesham
2684,Hollington,Hastings and Rye
2685,Whitecross,Hereford and South Herefordshire
2686,Queensbury,Harrow East
2687,Wigston St Wolstan's,"Harborough, Oadby and Wigston"
2688,Avenue,Hamble Valley
2689,Singlewell,Gravesham
2690,Maze Hill,Hastings and Rye
2691,Widemarsh,Hereford and South Herefordshire
2692,Belmont,Harrow East
2693,North Weald Bassett,Harlow
2694,Hook-with-Warsash,Hamble Valley
2695,Town,Gravesham
2696,Old Hastings,Hastings and Rye
2697,Wormside,Hereford and South Herefordshire
2698,Canons,Harrow East
2699,Roydon & Lower Nazeing,Harlow
2700,Locks Heath,Hamble Valley
2701,Westcourt,Gravesham
2702,Ore,Hastings and Rye
2703,Stoney Street,Hereford and South Herefordshire
2704,Park Gate,Hamble Valley
2705,Rural East,Harlow
2706,Centenary,Harrow East
2707,St Helens,Hastings and Rye
2708,Sarisbury & Whiteley,Hamble Valley
2709,Bush Fair,Harlow
2710,Beltinge,Herne Bay and Sandwich
2711,Whitehill & Windmill Hill,Gravesham
2712,Edgware,Harrow East
2713,Silverhill,Hastings and Rye
2714,Stubbington,Hamble Valley
2715,Woodlands,Gravesham
2716,Greenhill,Herne Bay and Sandwich
2717,Tressell,Hastings and Rye
2718,Harrow Weald,Harrow East
2719,Titchfield,Hamble Valley
2720,Croft Baker,Great Grimsby and Cleethorpes
2721,Church Langley North & Newhall,Harlow
2722,Herne & Broomfield,Herne Bay and Sandwich
2723,West St Leonards,Hastings and Rye
2724,Kenton East,Harrow East
2725,Titchfield Common,Hamble Valley
2726,East Marsh,Great Grimsby and Cleethorpes
2727,Church Langley South & Potter Street,Harlow
2728,Heron,Herne Bay and Sandwich
2729,Wishing Tree,Hastings and Rye
2730,Kenton West,Harrow East
2731,Whiteley and Shedfield,Hamble Valley
2732,Freshney,Great Grimsby and Cleethorpes
2733,Great Parndon,Harlow
2734,West Bay,Herne Bay and Sandwich
2735,Eastern Rother,Hastings and Rye
2736,Stanmore,Harrow East
2737,Addison,Hammersmith and Chiswick
2738,Haverstoe,Great Grimsby and Cleethorpes
2739,Latton Bush & Stewards,Harlow
2740,Rye & Winchelsea,Hastings and Rye
2741,Reculver,Herne Bay and Sandwich
2742,Greenhill,Harrow West
2743,Little Parndon & Town Centre,Harlow
2744,Avonmore,Hammersmith and Chiswick
2745,Heneage,Great Grimsby and Cleethorpes
2746,Harrow on the Hill,Harrow West
2747,Mark Hall,Harlow
2748,Brook Green,Hammersmith and Chiswick
2749,Southern Rother,Hastings and Rye
2750,Park,Great Grimsby and Cleethorpes
2751,Sturry,Herne Bay and Sandwich
2752,Headstone,Harrow West
2753,Netteswell,Harlow
2754,Coningham,Hammersmith and Chiswick
2755,Bedhampton,Havant
2756,Sidney Sussex,Great Grimsby and Cleethorpes
2757,Little Stour & Ashstone,Herne Bay and Sandwich
2758,Marlborough,Harrow West
2759,Old Harlow,Harlow
2760,Grove,Hammersmith and Chiswick
2761,Emsworth,Havant
2762,South,Great Grimsby and Cleethorpes
2763,Sandwich,Herne Bay and Sandwich
2764,North Harrow,Harrow West
2765,Passmores,Harlow
2766,Hammersmith Broadway,Hammersmith and Chiswick
2767,Havant St Faith's,Havant
2768,West Marsh,Great Grimsby and Cleethorpes
2769,Birchington North,Herne Bay and Sandwich
2770,Rayners Lane,Harrow West
2771,Sumners & Kingsmoor,Harlow
2772,Ravenscourt,Hammersmith and Chiswick
2773,Hayling East,Havant
2774,Yarborough,Great Grimsby and Cleethorpes
2775,Roxbourne,Harrow West
2776,Birchington South,Herne Bay and Sandwich
2777,Shepherd's Bush Green,Hammersmith and Chiswick
2778,Broad Oak & the Hallingburys,Harlow
2779,Bradwell North,Great Yarmouth
2780,Wendell Park,Hammersmith and Chiswick
2781,Bradwell South and Hopton,Great Yarmouth
2782,Hatfield Heath,Harlow
2783,Garlinge,Herne Bay and Sandwich
2784,Roxeth,Harrow West
2785,White City,Hammersmith and Chiswick
2786,Caister North,Great Yarmouth
2787,Aldbury and Wigginton,Harpenden and Berkhamsted
2788,Thanet Villages,Herne Bay and Sandwich
2789,Wealdstone North,Harrow West
2790,Caister South,Great Yarmouth
2791,Ashridge,Harpenden and Berkhamsted
2792,Westbrook,Herne Bay and Sandwich
2793,Wealdstone South,Harrow West
2794,Central And Northgate,Great Yarmouth
2795,Berkhamsted Castle,Harpenden and Berkhamsted
2796,Westgate-on-Sea,Herne Bay and Sandwich
2797,West Harrow,Harrow West
2798,Claydon,Great Yarmouth
2799,Bishop's Stortford All Saints,Hertford and Stortford
2800,Bishop's Stortford Central,Hertford and Stortford
2801,Bishop's Stortford North,Hertford and Stortford
2802,Bishop's Stortford Parsonage,Hertford and Stortford
2803,Bishop's Stortford South,Hertford and Stortford
2804,Hinckley Clarendon,Hinckley and Bosworth
2805,Bishop's Stortford Thorley Manor,Hertford and Stortford
2806,Hertford Bengeo,Hertford and Stortford
2807,Hertford Castle,Hertford and Stortford
2808,Hertford Kingsmead,Hertford and Stortford
2809,Hertford Sele,Hertford and Stortford
2810,Hunsdon,Hertford and Stortford
2811,Much Hadham,Hertford and Stortford
2812,Sawbridgeworth,Hertford and Stortford
2813,Ware Priory,Hertford and Stortford
2814,Ware Rural,Hertford and Stortford
2815,Ware St Mary's,Hertford and Stortford
2816,Ware Trinity,Hertford and Stortford
2817,Aldenham East,Hertsmere
2818,Aldenham West,Hertsmere
2819,Bentley Heath & The Royds,Hertsmere
2820,Borehamwood Brookmeadow,Hertsmere
2821,Borehamwood Cowley Hill,Hertsmere
2822,Borehamwood Hillside,Hertsmere
2823,Borehamwood Kenilworth,Hertsmere
2824,Bushey Heath,Hertsmere
2825,Bushey Park,Hertsmere
2826,Bushey St James,Hertsmere
2827,Elstree,Hertsmere
2828,Potters Bar Furzefield,Hertsmere
2829,Potters Bar Oakmere,Hertsmere
2830,Potters Bar Parkfield,Hertsmere
2831,Shenley,Hertsmere
2832,Northaw and Cuffley,Hertsmere
2833,Bellingham,Hexham
2834,Bywell,Hexham
2835,Corbridge,Hexham
2836,Haltwhistle,Hexham
2837,Haydon and Hadrian,Hexham
2838,Hexham Central with Acomb,Hexham
2839,Brunswick & Adelaide,Hove and Portslade
2840,Helmshore,Hyndburn
2841,Hexham East,Hexham
2842,Hexham West,Hexham
2843,Humshaugh,Hexham
2844,Longhorsley,Hexham
2845,Ponteland East and Stannington,Hexham
2846,Ponteland North,Hexham
2847,Ponteland South with Heddon,Hexham
2848,Ponteland West,Hexham
2849,Prudhoe North,Hexham
2850,Prudhoe South,Hexham
2851,South Tynedale,Hexham
2852,Stocksfield and Broomhaugh,Hexham
2853,Craven,Keighley and Ilkley
2854,Callerton & Throckley,Hexham
2855,Wootton Bridge,Isle of Wight East
2856,Longholme,Hyndburn
2857,Bamford,Heywood and Middleton North
2858,Ilkley,Keighley and Ilkley
2859,Aldborough,Ilford North
2860,West Hill & Aylesbeare,Honiton and Sidmouth
2861,Castleton,Heywood and Middleton North
2862,Hinckley De Montfort,Hinckley and Bosworth
2863,"Wroxall, Lowtherville & Bonchurch",Isle of Wight East
2864,Yarty,Honiton and Sidmouth
2865,Central Rochdale,Heywood and Middleton North
2866,Hinckley Trinity,Hinckley and Bosworth
2867,Keighley Central,Keighley and Ilkley
2868,Barkingside,Ilford North
2869,"Brighstone, Calbourne & Shalfleet",Isle of Wight West
2870,Central Hove,Hove and Portslade
2871,Bradninch,Honiton and Sidmouth
2872,East Middleton,Heywood and Middleton North
2873,Newbold Verdon with Desford and Peckleton,Hinckley and Bosworth
2874,Keighley East,Keighley and Ilkley
2875,Clayhall,Ilford North
2876,Carisbrooke & Gunville,Isle of Wight West
2877,Goldsmid,Hove and Portslade
2878,Cullompton Padbrook,Honiton and Sidmouth
2879,Cranbrook,Ilford North
2880,Hopwood Hall,Heywood and Middleton North
2881,Fairlop,Ilford North
2882,Twycross and Witherley with Sheepy,Hinckley and Bosworth
2883,Central Rural,Isle of Wight West
2884,Milkstone & Deeplish,Heywood and Middleton North
2885,Fullwell,Ilford North
2886,Hangleton & Knoll,Hove and Portslade
2887,Keighley West,Keighley and Ilkley
2888,Cullompton St Andrews,Honiton and Sidmouth
2889,Hainault,Ilford North
2890,Worth Valley,Keighley and Ilkley
2891,Appleby,Hinckley and Bosworth
2892,"Chale, Niton & Shorwell",Isle of Wight West
2893,North Portslade,Hove and Portslade
2894,Cullompton Vale,Honiton and Sidmouth
2895,Norden,Heywood and Middleton North
2896,Valentines,Ilford North
2897,Leam Valley,Kenilworth and Southam
2898,Oakthorpe & Donisthorpe,Hinckley and Bosworth
2899,Cowes Medina,Isle of Wight West
2900,South Portslade,Hove and Portslade
2901,Halberton,Honiton and Sidmouth
2902,North Heywood,Heywood and Middleton North
2903,Chadwell Heath,Ilford South
2904,Dunsmore,Kenilworth and Southam
2905,Arlesey & Fairfield,Hitchin
2906,Cowes North,Isle of Wight West
2907,Westbourne & Poets' Corner,Hove and Portslade
2908,Lower Culm,Honiton and Sidmouth
2909,North Middleton,Heywood and Middleton North
2910,Chadwell,Ilford South
2911,"Bishop's Itchington, Fenny Compton & Napton",Kenilworth and Southam
2912,Cowes South & Northwood,Isle of Wight West
2913,"Clifton, Henlow & Langford",Hitchin
2914,Westdene & Hove Park,Hove and Portslade
2915,Cranham,Hornchurch and Upminster
2916,Clementswood,Ilford South
2917,South Middleton,Heywood and Middleton North
2918,"Gaydon, Kineton & Upper Lighthorne",Kenilworth and Southam
2919,Goodmayes,Ilford South
2920,Emerson Park,Hornchurch and Upminster
2921,Cowes West & Gurnard,Isle of Wight West
2922,Meppershall & Shillington,Hitchin
2923,Harbury,Kenilworth and Southam
2924,Spotland & Falinge,Heywood and Middleton North
2925,Wish,Hove and Portslade
2926,Ilford Town,Ilford South
2927,Gooshays,Hornchurch and Upminster
2928,East Cowes,Isle of Wight West
2929,Shefford,Hitchin
2930,"Southam East, Central & Stockton",Kenilworth and Southam
2931,West Heywood,Heywood and Middleton North
2932,Ashbrow,Huddersfield
2933,Loxford,Ilford South
2934,Hacton,Hornchurch and Upminster
2935,Fairlee & Whippingham,Isle of Wight West
2936,Stotfold,Hitchin
2937,Southam North & Long Itchington,Kenilworth and Southam
2938,West Middleton,Heywood and Middleton North
2939,Dalton,Huddersfield
2940,Mayfield,Ilford South
2941,Harold Wood,Hornchurch and Upminster
2942,Freshwater North & Yarmouth,Isle of Wight West
2943,Southam South,Kenilworth and Southam
2944,Cadwell,Hitchin
2945,Barms,High Peak
2946,Newbury,Ilford South
2947,Codicote & Kimpton,Hitchin
2948,Havering-atte-Bower,Hornchurch and Upminster
2949,Freshwater South,Isle of Wight West
2950,"Graveley, St Ippolyts & Wymondley",Hitchin
2951,Blackbrook,High Peak
2952,Seven Kings,Ilford South
2953,Southam West,Kenilworth and Southam
2954,Greenhead,Huddersfield
2955,Alexandra,Ipswich
2956,Mountjoy & Shide,Isle of Wight West
2957,Great Ashby,Hitchin
2958,Heaton,Hornchurch and Upminster
2959,Newsome,Huddersfield
2960,Tysoe,Kenilworth and Southam
2961,Burbage,High Peak
2962,Bixley,Ipswich
2963,Newport Central,Isle of Wight West
2964,St Andrew's,Hornchurch and Upminster
2965,Almondbury,Huddersfield
2966,Wellesbourne East & Rural,Kenilworth and Southam
2967,Buxton Central,High Peak
2968,Bridge,Ipswich
2969,Newport West,Isle of Wight West
2970,Upminster,Hornchurch and Upminster
2971,Wellesbourne North & Rural,Kenilworth and Southam
2972,Crosland Moor and Netherton,Huddersfield
2973,Hitchin Bearton,Hitchin
2974,Chapel East,High Peak
2975,Osborne,Isle of Wight West
2976,Friern Barnet,Hornsey and Friern Barnet
2977,Alconbury,Huntingdon
2978,Hitchin Highbury,Hitchin
2979,Gainsborough,Ipswich
2980,Chapel West,High Peak
2981,Pan & Barton,Isle of Wight West
2982,Alexandra Park,Hornsey and Friern Barnet
2983,Hitchin Oughton,Hitchin
2984,Gipping,Ipswich
2985,Corbar,High Peak
2986,Parkhurst & Hunnyhill,Isle of Wight West
2987,Crouch End,Hornsey and Friern Barnet
2988,Hitchin Priory,Hitchin
2989,Brampton,Huntingdon
2990,Wellesbourne South,Kenilworth and Southam
2991,Hitchin Walsworth,Hitchin
2992,Totland & Colwell,Isle of Wight West
2993,Fortis Green,Hornsey and Friern Barnet
2994,Holywells,Ipswich
2995,Budbrooke,Kenilworth and Southam
2996,Buckden,Huntingdon
2997,Cote Heath,High Peak
2998,Hitchwood,Hitchin
2999,Arsenal,Islington North
3000,Harringay,Hornsey and Friern Barnet
3001,Cubbington & Leek Wootton,Kenilworth and Southam
3002,Godmanchester & Hemingford Abbots,Huntingdon
3003,Dinting,High Peak
3004,Offa,Hitchin
3005,Finsbury Park,Islington North
3006,Hornsey,Hornsey and Friern Barnet
3007,Great Staughton,Huntingdon
3008,Kenilworth Abbey & Arden,Kenilworth and Southam
3009,Priory Heath,Ipswich
3010,Highbury,Islington North
3011,Hemingford Grey & Houghton,Huntingdon
3012,Gamesley,High Peak
3013,Muswell Hill,Hornsey and Friern Barnet
3014,Kenilworth Park Hill,Kenilworth and Southam
3015,Rushmere,Ipswich
3016,Bloomsbury,Holborn and St Pancras
3017,Hillrise,Islington North
3018,Holywell-cum-Needingworth,Huntingdon
3019,Stroud Green,Hornsey and Friern Barnet
3020,Hadfield North,High Peak
3021,Camden Square,Holborn and St Pancras
3022,Junction,Islington North
3023,Billingshurst,Horsham
3024,Huntingdon East,Huntingdon
3025,Kenilworth St John's,Kenilworth and Southam
3026,St John's,Ipswich
3027,Hadfield South,High Peak
3028,Broadbridge Heath,Horsham
3029,Mildmay,Islington North
3030,Abingdon,Kensington and Bayswater
3031,St Margaret's,Ipswich
3032,Camden Town,Holborn and St Pancras
3033,Hayfield,High Peak
3034,Huntingdon North,Huntingdon
3035,Colgate & Rusper,Horsham
3036,Sprites,Ipswich
3037,Haverstock,Holborn and St Pancras
3038,Kimbolton,Huntingdon
3039,"Cowfold, Shermanbury & West Grinstead",Horsham
3040,Stoke Park,Ipswich
3041,Tollington,Islington North
3042,Hope Valley,High Peak
3043,Brompton & Hans Town,Kensington and Bayswater
3044,Denne,Horsham
3045,Tufnell Park,Islington North
3046,Campden,Kensington and Bayswater
3047,Holborn & Covent Garden,Holborn and St Pancras
3048,Howard Town,High Peak
3049,Westgate,Ipswich
3050,Forest,Horsham
3051,St Ives East,Huntingdon
3052,De Beauvoir,Islington South and Finsbury
3053,Colville,Kensington and Bayswater
3054,Courtfield,Kensington and Bayswater
3055,Dalgarno,Kensington and Bayswater
3056,Earl's Court,Kensington and Bayswater
3057,Golborne,Kensington and Bayswater
3058,Holland,Kensington and Bayswater
3059,Norland,Kensington and Bayswater
3060,Notting Dale,Kensington and Bayswater
3061,Pembridge,Kensington and Bayswater
3062,Queen's Gate,Kensington and Bayswater
3063,St. Helen's,Kensington and Bayswater
3064,Bayswater,Kensington and Bayswater
3065,Lancaster Gate,Kensington and Bayswater
3066,Burton and Broughton,Kettering
3067,Clover Hill,Kettering
3068,Corby Rural,Kettering
3069,Desborough,Kettering
3070,Ise,Kettering
3071,Northall,Kettering
3072,Rothwell and Mawsley,Kettering
3073,Wicksteed,Kettering
3074,Windmill,Kettering
3075,Alexandra,Kingston and Surbiton
3076,Bembridge,Isle of Wight East
3077,Barnsbury,Islington South and Finsbury
3078,Holbrook East,Horsham
3079,Binstead & Fishbourne,Isle of Wight East
3080,Kentish Town North,Holborn and St Pancras
3081,Bunhill,Islington South and Finsbury
3082,Holbrook West,Horsham
3083,Kentish Town South,Holborn and St Pancras
3084,Brading & St Helens,Isle of Wight East
3085,St Ives South,Huntingdon
3086,King's Cross,Holborn and St Pancras
3087,Limestone Peak,High Peak
3088,Caledonian,Islington South and Finsbury
3089,"Itchingfield, Slinfold & Warnham",Horsham
3090,Haylands & Swanmore,Isle of Wight East
3091,New Mills East,High Peak
3092,Primrose Hill,Holborn and St Pancras
3093,St Ives West,Huntingdon
3094,Canonbury,Islington South and Finsbury
3095,Nuthurst & Lower Beeding,Horsham
3096,Lake North,Isle of Wight East
3097,New Mills West,High Peak
3098,Regent's Park,Holborn and St Pancras
3099,Sawtry,Huntingdon
3100,Clerkenwell,Islington South and Finsbury
3101,Roffey North,Horsham
3102,Lake South,Isle of Wight East
3103,Old Glossop,High Peak
3104,St Pancras & Somers Town,Holborn and St Pancras
3105,Somersham,Huntingdon
3106,Holloway,Islington South and Finsbury
3107,Roffey South,Horsham
3108,Nettlestone & Seaview,Isle of Wight East
3109,Padfield,High Peak
3110,Axminster,Honiton and Sidmouth
3111,The Stukeleys,Huntingdon
3112,Laycock,Islington South and Finsbury
3113,Rudgwick,Horsham
3114,"Newchurch, Havenstreet & Ashey",Isle of Wight East
3115,St John's,High Peak
3116,Beer & Branscombe,Honiton and Sidmouth
3117,Warboys,Huntingdon
3118,St Mary's & St James',Islington South and Finsbury
3119,Southwater North,Horsham
3120,Sett,High Peak
3121,Ryde Appley & Elmfield,Isle of Wight East
3122,Altham,Hyndburn
3123,St Peter's & Canalside,Islington South and Finsbury
3124,Coly Valley,Honiton and Sidmouth
3125,Southwater South & Shipley,Horsham
3126,Barnfield,Hyndburn
3127,Dunkeswell & Otterhead,Honiton and Sidmouth
3128,Bede,Jarrow and Gateshead East
3129,Ryde Monktonmead,Isle of Wight East
3130,Trafalgar,Horsham
3131,Simmondley,High Peak
3132,Baxenden,Hyndburn
3133,Feniton,Honiton and Sidmouth
3134,Boldon Colliery,Jarrow and Gateshead East
3135,Ryde North West,Isle of Wight East
3136,Copt Hill,Houghton and Sunderland South
3137,Stone Bench,High Peak
3138,Central,Hyndburn
3139,Honiton St Michael's,Honiton and Sidmouth
3140,Fellgate and Hedworth,Jarrow and Gateshead East
3141,Ryde South East,Isle of Wight East
3142,Doxford,Houghton and Sunderland South
3143,Temple,High Peak
3144,Church,Hyndburn
3145,Honiton St Paul's,Honiton and Sidmouth
3146,Hebburn North,Jarrow and Gateshead East
3147,Ryde West,Isle of Wight East
3148,Hetton,Houghton and Sunderland South
3149,Tintwistle,High Peak
3150,Clayton-le-Moors,Hyndburn
3151,Newbridges,Honiton and Sidmouth
3152,Hebburn South,Jarrow and Gateshead East
3153,Sandown North,Isle of Wight East
3154,Houghton,Houghton and Sunderland South
3155,Whaley Bridge,High Peak
3156,Sandown South,Isle of Wight East
3157,Huncoat,Hyndburn
3158,Monkton,Jarrow and Gateshead East
3159,Newton Poppleford & Harpford,Honiton and Sidmouth
3160,Whitfield,High Peak
3161,St Anne's,Houghton and Sunderland South
3162,Shanklin Central,Isle of Wight East
3163,Immanuel,Hyndburn
3164,Ottery St Mary,Honiton and Sidmouth
3165,Ambien,Hinckley and Bosworth
3166,Primrose,Jarrow and Gateshead East
3167,St Chad's,Houghton and Sunderland South
3168,Shanklin South,Isle of Wight East
3169,Milnshaw,Hyndburn
3170,Seaton,Honiton and Sidmouth
3171,"Barlestone, Nailstone and Osbaston",Hinckley and Bosworth
3172,Felling,Jarrow and Gateshead East
3173,Sandhill,Houghton and Sunderland South
3174,Ventnor & St Lawrence,Isle of Wight East
3175,Netherton,Hyndburn
3176,Sidmouth Rural,Honiton and Sidmouth
3177,Barwell,Hinckley and Bosworth
3178,Pelaw and Heworth,Jarrow and Gateshead East
3179,Shiney Row,Houghton and Sunderland South
3180,Overton,Hyndburn
3181,Sidmouth Sidford,Honiton and Sidmouth
3182,Burbage St Catherines and Lash Hill,Hinckley and Bosworth
3183,Wardley and Leam Lane,Jarrow and Gateshead East
3184,Silksworth,Houghton and Sunderland South
3185,Peel,Hyndburn
3186,Sidmouth Town,Honiton and Sidmouth
3187,Burbage Sketchley and Stretton,Hinckley and Bosworth
3188,Windy Nook and Whitehills,Jarrow and Gateshead East
3189,Rishton,Hyndburn
3190,St Andrew's,Hyndburn
3191,"Cadeby, Carlton and Market Bosworth with Shackerstone",Hinckley and Bosworth
3192,Tale Vale,Honiton and Sidmouth
3193,Trinity,Honiton and Sidmouth
3194,Earl Shilton,Hinckley and Bosworth
3195,St Oswald's,Hyndburn
3196,Hinckley Castle,Hinckley and Bosworth
3197,Spring Hill,Hyndburn
3198,Greenfield & Eden,Hyndburn
3199,Haslingden,Hyndburn
3200,Armitage with Handsacre,Lichfield
3201,Dingle,Liverpool Riverside
3202,Boley Park,Lichfield
3203,Edge Hill,Liverpool Riverside
3204,Boney Hay & Central,Lichfield
3205,Everton East,Liverpool Riverside
3206,Chadsmead,Lichfield
3207,Berrylands,Kingston and Surbiton
3208,Everton North,Liverpool Riverside
3209,Chase Terrace,Lichfield
3210,Chessington South & Malden Rushett,Kingston and Surbiton
3211,Everton West,Liverpool Riverside
3212,Chasetown,Lichfield
3213,Coombe Vale,Kingston and Surbiton
3214,Festival Gardens,Liverpool Riverside
3215,Colton & the Ridwares,Lichfield
3216,Kingswinford South,Kingswinford and South Staffordshire
3217,Green Lane & St James,Kingston and Surbiton
3218,Kensington & Fairfield,Liverpool Riverside
3219,"Plumpton, Streat, East Chiltington & St John",Lewes
3220,Curborough,Lichfield
3221,Wordsley North,Kingswinford and South Staffordshire
3222,Beeston & Holbeck,Leeds South
3223,Tetford & Donington,Louth and Horncastle
3224,Hook & Chessington North,Kingston and Surbiton
3225,King George's & Sunray,Kingston and Surbiton
3226,Kingston Town,Kingston and Surbiton
3227,New Malden Village,Kingston and Surbiton
3228,Norbiton,Kingston and Surbiton
3229,Old Malden,Kingston and Surbiton
3230,St Mark's & Seething Wells,Kingston and Surbiton
3231,Surbiton Hill,Kingston and Surbiton
3232,Tolworth,Kingston and Surbiton
3233,Drypool,Kingston upon Hull East
3234,Holderness,Kingston upon Hull East
3235,Ings,Kingston upon Hull East
3236,Longhill & Bilton Grange,Kingston upon Hull East
3237,Marfleet,Kingston upon Hull East
3238,North Carr,Kingston upon Hull East
3239,Southcoates,Kingston upon Hull East
3240,Sutton,Kingston upon Hull East
3241,Avenue,Kingston upon Hull North and Cottingham
3242,Beverley & Newland,Kingston upon Hull North and Cottingham
3243,Bricknell,Kingston upon Hull North and Cottingham
3244,Central,Kingston upon Hull North and Cottingham
3245,Kingswood,Kingston upon Hull North and Cottingham
3246,Orchard Park,Kingston upon Hull North and Cottingham
3247,University,Kingston upon Hull North and Cottingham
3248,West Carr,Kingston upon Hull North and Cottingham
3249,Cottingham North,Kingston upon Hull North and Cottingham
3250,Cottingham South,Kingston upon Hull North and Cottingham
3251,Boothferry,Kingston upon Hull West and Haltemprice
3252,Derringham,Kingston upon Hull West and Haltemprice
3253,Newington & Gipsyville,Kingston upon Hull West and Haltemprice
3254,Pickering,Kingston upon Hull West and Haltemprice
3255,St Andrew's & Docklands,Kingston upon Hull West and Haltemprice
3256,Hessle,Kingston upon Hull West and Haltemprice
3257,Tranby,Kingston upon Hull West and Haltemprice
3258,Willerby and Kirk Ella,Kingston upon Hull West and Haltemprice
3259,Bilbrook,Kingswinford and South Staffordshire
3260,Codsall,Kingswinford and South Staffordshire
3261,Himley & Swindon,Kingswinford and South Staffordshire
3262,Kinver & Enville,Kingswinford and South Staffordshire
3263,"Pattingham, Trysull, Bobbington & Lower Penn",Kingswinford and South Staffordshire
3264,Perton East,Kingswinford and South Staffordshire
3265,Perton Lakeside,Kingswinford and South Staffordshire
3266,Perton Wrottesley,Kingswinford and South Staffordshire
3267,Wombourne North,Kingswinford and South Staffordshire
3268,Wombourne South,Kingswinford and South Staffordshire
3269,Kingswinford North & Wall Heath,Kingswinford and South Staffordshire
3270,Page Moss,Liverpool West Derby
3271,Cherryfield,Knowsley
3272,Swanside,Liverpool West Derby
3273,Northwood,Knowsley
3274,Hammerwich with Wall,Lichfield
3275,Temple Newsam,Leeds South
3276,Kirkdale East,Liverpool Riverside
3277,Highfield,Lichfield
3278,Seaford Central,Lewes
3279,Kirkdale West,Liverpool Riverside
3280,Leomansley,Lichfield
3281,Ardsley & Robin Hood,Leeds South West and Morley
3282,Princes Park,Liverpool Riverside
3283,Tetney,Louth and Horncastle
3284,Seaford East,Lewes
3285,Trinity,Louth and Horncastle
3286,Longdon,Lichfield
3287,Prescot North,Knowsley
3288,Anfield,Liverpool West Derby
3289,Sefton Park,Liverpool Riverside
3290,Withern & Theddlethorpe,Louth and Horncastle
3291,St John's,Lichfield
3292,Roby,Knowsley
3293,Seaford North,Lewes
3294,Morley North,Leeds South West and Morley
3295,Toxteth,Liverpool Riverside
3296,Stowe,Lichfield
3297,Seaford South,Lewes
3298,Shevington,Knowsley
3299,Morley South,Leeds South West and Morley
3300,Woodhall Spa,Louth and Horncastle
3301,Broadgreen,Liverpool West Derby
3302,Tuebrook Breckside Park,Liverpool Riverside
3303,Summerfield & All Saints,Lichfield
3304,Seaford West,Lewes
3305,St Gabriels,Knowsley
3306,Farnley & Wortley,Leeds South West and Morley
3307,Wragby,Louth and Horncastle
3308,Kensington & Fairfield,Liverpool West Derby
3309,Vauxhall,Liverpool Riverside
3310,Whittington & Streethay,Lichfield
3311,Arlington,Lewes
3312,St Michaels,Knowsley
3313,Armley,Leeds West and Pudsey
3314,Beccles & Worlingham,Lowestoft
3315,Knotty Ash & Dovecot Park,Liverpool West Derby
3316,Waterfront North,Liverpool Riverside
3317,Abbey,Lincoln
3318,Lower Willingdon,Lewes
3319,Stockbridge,Knowsley
3320,Bramley & Stanningley,Leeds West and Pudsey
3321,Carlton & Whitton,Lowestoft
3322,Old Swan East,Liverpool West Derby
3323,Waterfront South,Liverpool Riverside
3324,Polegate Central,Lewes
3325,Birchwood,Lincoln
3326,Clubmoor East,Liverpool Walton
3327,Calverley & Farsley,Leeds West and Pudsey
3328,Carlton Colville,Lowestoft
3329,Whitefield,Knowsley
3330,Old Swan West,Liverpool West Derby
3331,Clubmoor West,Liverpool Walton
3332,Polegate North,Lewes
3333,Boultham,Lincoln
3334,Bowerham,Lancaster and Wyre
3335,Sandfield Park,Liverpool West Derby
3336,Gunton & St Margarets,Lowestoft
3337,Pudsey,Leeds West and Pudsey
3338,County,Liverpool Walton
3339,Polegate South & Willingdon Watermill,Lewes
3340,Carholme,Lincoln
3341,Bulk,Lancaster and Wyre
3342,Stoneycroft,Liverpool West Derby
3343,Harbour & Normanston,Lowestoft
3344,Belgrave,Leicester East
3345,Croxteth,Liverpool Walton
3346,South Downs,Lewes
3347,Castle,Lincoln
3348,Castle,Lancaster and Wyre
3349,Tuebrook Breckside Park,Liverpool West Derby
3350,Kessingland,Lowestoft
3351,Evington,Leicester East
3352,Croxteth Country Park,Liverpool Walton
3353,Stone Cross,Lewes
3354,Glebe,Lincoln
3355,Ellel,Lancaster and Wyre
3356,Tuebrook Larkhill,Liverpool West Derby
3357,Kirkley & Pakefield,Lowestoft
3358,Humberstone & Hamilton,Leicester East
3359,Fazakerley East,Liverpool Walton
3360,Upper Willingdon,Lewes
3361,Hartsholme,Lincoln
3362,John O'Gaunt,Lancaster and Wyre
3363,Marsh,Lancaster and Wyre
3364,Scale Hall,Lancaster and Wyre
3365,Scotforth East,Lancaster and Wyre
3366,Scotforth West,Lancaster and Wyre
3367,Skerton,Lancaster and Wyre
3368,University,Lancaster and Wyre
3369,Brock with Catterall,Lancaster and Wyre
3370,Calder,Lancaster and Wyre
3371,Garstang,Lancaster and Wyre
3372,Great Eccleston,Lancaster and Wyre
3373,Hambleton & Stalmine,Lancaster and Wyre
3374,Pilling,Lancaster and Wyre
3375,Preesall,Lancaster and Wyre
3376,Wyresdale,Lancaster and Wyre
3377,Headingley & Hyde Park,Leeds Central and Headingley
3378,Kirkstall,Leeds Central and Headingley
3379,Little London & Woodhouse,Leeds Central and Headingley
3380,Weetwood,Leeds Central and Headingley
3381,Cross Gates & Whinmoor,Leeds East
3382,Gipton & Harehills,Leeds East
3383,Killingbeck & Seacroft,Leeds East
3384,Garforth & Swillington,Leeds East
3385,Temple Newsam,Leeds East
3386,Chapel Allerton,Leeds North East
3387,Moortown,Leeds North East
3388,Roundhay,Leeds North East
3389,Alwoodley,Leeds North East
3390,Guiseley & Rawdon,Leeds North West
3391,Horsforth,Leeds North West
3392,Otley & Yeadon,Leeds North West
3393,Adel & Wharfedale,Leeds North West
3394,Burmantofts & Richmond Hill,Leeds South
3395,Hunslet & Riverside,Leeds South
3396,Middleton Park,Leeds South
3397,North Evington,Leicester East
3398,Minster,Lincoln
3399,Bellingham,Lewisham East
3400,Rushey Mead,Leicester East
3401,Moorland,Lincoln
3402,West Derby Deysbrook,Liverpool West Derby
3403,Lothingland,Lowestoft
3404,Catford South,Lewisham East
3405,Park,Lincoln
3406,West Derby Leyfield,Liverpool West Derby
3407,Thurncourt,Leicester East
3408,Troon,Leicester East
3409,Downham,Lewisham East
3410,Fazakerley North,Liverpool Walton
3411,Castle,Leicester South
3412,Oulton Broad,Lowestoft
3413,Grove Park,Lewisham East
3414,Witham,Lincoln
3415,Evington,Leicester South
3416,Fazakerley West,Liverpool Walton
3417,Barnfield,Luton North
3418,West Derby Muirhead,Liverpool West Derby
3419,Hither Green,Lewisham East
3420,Bracebridge Heath,Lincoln
3421,Eyres Monsell,Leicester South
3422,Norris Green,Liverpool Walton
3423,Lee Green,Lewisham East
3424,Beech Hill,Luton North
3425,Skellingthorpe & Eagle,Lincoln
3426,Knighton,Leicester South
3427,Orrell Park,Liverpool Walton
3428,Yew Tree,Liverpool West Derby
3429,Rushey Green,Lewisham East
3430,Waddington Rural,Lincoln
3431,Tuebrook Larkhill,Liverpool Walton
3432,Barrow upon Soar,Loughborough
3433,Saffron,Leicester South
3434,Bramingham,Luton North
3435,Blackheath,Lewisham North
3436,Aigburth,Liverpool Garston
3437,Walton,Liverpool Walton
3438,"Dishley, Hathern & Thorpe Acre",Loughborough
3439,Spinney Hills,Leicester South
3440,Challney,Luton North
3441,Brockley,Lewisham North
3442,Allerton,Liverpool Garston
3443,West Derby Muirhead,Liverpool Walton
3444,Loughborough Ashby,Loughborough
3445,Stoneygate,Leicester South
3446,Leagrave,Luton North
3447,Deptford,Lewisham North
3448,Belle Vale,Liverpool Garston
3449,Molyneux,Liverpool Walton
3450,Loughborough East,Loughborough
3451,Wycliffe,Leicester South
3452,Lewsey,Luton North
3453,Evelyn,Lewisham North
3454,Calderstones,Liverpool Garston
3455,Aigburth,Liverpool Wavertree
3456,Loughborough Nanpantan,Loughborough
3457,Abbey,Leicester West
3458,Northwell,Luton North
3459,Ladywell,Lewisham North
3460,Childwall,Liverpool Garston
3461,Arundel,Liverpool Wavertree
3462,Canning,Liverpool Wavertree
3463,Childwall,Liverpool Wavertree
3464,Church,Liverpool Wavertree
3465,Edge Hill,Liverpool Wavertree
3466,Everton East,Liverpool Wavertree
3467,Festival Gardens,Liverpool Wavertree
3468,Gateacre,Liverpool Wavertree
3469,Greenbank Park,Liverpool Wavertree
3470,Kensington & Fairfield,Liverpool Wavertree
3471,Mossley Hill,Liverpool Wavertree
3472,Old Swan West,Liverpool Wavertree
3473,Penny Lane,Liverpool Wavertree
3474,Princes Park,Liverpool Wavertree
3475,Sefton Park,Liverpool Wavertree
3476,Smithdown,Liverpool Wavertree
3477,St Michaels,Liverpool Wavertree
3478,Wavertree Garden Suburb,Liverpool Wavertree
3479,Wavertree Village,Liverpool Wavertree
3480,Church,Liverpool Garston
3481,Lewisham Central,Lewisham North
3482,Poets,Luton North
3483,Aylestone,Leicester West
3484,Loughborough Outwoods & Shelthorpe,Loughborough
3485,Garston,Liverpool Garston
3486,New Cross Gate,Lewisham North
3487,Saints,Luton North
3488,Beaumont Leys,Leicester West
3489,Loughborough Southfields,Loughborough
3490,Gateacre,Liverpool Garston
3491,Telegraph Hill,Lewisham North
3492,Stopsley,Luton North
3493,Braunstone Park & Rowley Fields,Leicester West
3494,Loughborough Storer,Loughborough
3495,Grassendale & Cressington,Liverpool Garston
3496,Crofton Park,Lewisham West and East Dulwich
3497,Fosse,Leicester West
3498,Sundon Park,Luton North
3499,Loughborough Woodthorpe,Loughborough
3500,Mossley Hill,Liverpool Garston
3501,Quorn & Mountsorrel Castle,Loughborough
3502,Forest Hill,Lewisham West and East Dulwich
3503,Barnfield,Luton South and South Bedfordshire
3504,Westcotes,Leicester West
3505,Much Woolton & Hunts Cross,Liverpool Garston
3506,Shepshed East,Loughborough
3507,Perry Vale,Lewisham West and East Dulwich
3508,Beech Hill,Luton South and South Bedfordshire
3509,Western,Leicester West
3510,Penny Lane,Liverpool Garston
3511,Shepshed West,Loughborough
3512,Sydenham,Lewisham West and East Dulwich
3513,Biscot,Luton South and South Bedfordshire
3514,Astley,Leigh and Atherton
3515,Speke,Liverpool Garston
3516,Sileby & Seagrave,Loughborough
3517,Dulwich Hill,Lewisham West and East Dulwich
3518,Central,Luton South and South Bedfordshire
3519,Atherton North,Leigh and Atherton
3520,Springwood,Liverpool Garston
3521,The Wolds,Loughborough
3522,Goose Green,Lewisham West and East Dulwich
3523,Challney,Luton South and South Bedfordshire
3524,Atherton South & Lilford,Leigh and Atherton
3525,Woolton Village,Liverpool Garston
3526,Alford,Louth and Horncastle
3527,Peckham Rye,Lewisham West and East Dulwich
3528,Dallow,Luton South and South Bedfordshire
3529,Golborne & Lowton West,Leigh and Atherton
3530,Anfield,Liverpool Riverside
3531,Binbrook,Louth and Horncastle
3532,Coningsby & Mareham,Louth and Horncastle
3533,Fulstow,Louth and Horncastle
3534,Grimoldby,Louth and Horncastle
3535,Hagworthingham,Louth and Horncastle
3536,Halton Holegate,Louth and Horncastle
3537,Holton-le-Clay & North Thoresby,Louth and Horncastle
3538,Horncastle,Louth and Horncastle
3539,Legbourne,Louth and Horncastle
3540,Mablethorpe,Louth and Horncastle
3541,Marshchapel & Somercotes,Louth and Horncastle
3542,North Holme,Louth and Horncastle
3543,Priory & St James',Louth and Horncastle
3544,Roughton,Louth and Horncastle
3545,St Margaret's,Louth and Horncastle
3546,St Mary's,Louth and Horncastle
3547,St Michael's,Louth and Horncastle
3548,Spilsby,Louth and Horncastle
3549,Sutton on Sea,Louth and Horncastle
3550,Brownlow Hill,Liverpool Riverside
3551,Canning,Liverpool Riverside
3552,City Centre North,Liverpool Riverside
3553,City Centre South,Liverpool Riverside
3554,South Woodford,Leyton and Wanstead
3555,Farley,Luton South and South Bedfordshire
3556,Wanstead Park,Leyton and Wanstead
3557,High Town,Luton South and South Bedfordshire
3558,Hindley Green,Leigh and Atherton
3559,Wanstead Village,Leyton and Wanstead
3560,Round Green,Luton South and South Bedfordshire
3561,Leigh Central & Higher Folds,Leigh and Atherton
3562,Cann Hall,Leyton and Wanstead
3563,Saints,Luton South and South Bedfordshire
3564,Cathall,Leyton and Wanstead
3565,South,Luton South and South Bedfordshire
3566,Leigh South,Leigh and Atherton
3567,Forest,Leyton and Wanstead
3568,Leigh West,Leigh and Atherton
3569,Lowton East,Leigh and Atherton
3570,Grove Green,Leyton and Wanstead
3571,Tyldesley & Mosley Common,Leigh and Atherton
3572,Hoe Street,Leyton and Wanstead
3573,Ditchling & Westmeston,Lewes
3574,Leyton,Leyton and Wanstead
3575,Kingston,Lewes
3576,Leytonstone,Leyton and Wanstead
3577,Lewes Bridge,Lewes
3578,Stopsley,Luton South and South Bedfordshire
3579,Anglesey,Lichfield
3580,Lewes Castle,Lewes
3581,Vauxhall,Luton South and South Bedfordshire
3582,Blythe,Lichfield
3583,Lewes Priory,Lewes
3584,Wigmore,Luton South and South Bedfordshire
3585,Crown,Lichfield
3586,Newhaven North,Lewes
3587,Caddington,Luton South and South Bedfordshire
3588,Alrewas & Fradley,Lichfield
3589,Newhaven South,Lewes
3590,Eaton Bray,Luton South and South Bedfordshire
3591,Ouse Valley & Ringmer,Lewes
3592,Bollington,Macclesfield
3593,Broken Cross and Upton,Macclesfield
3594,Disley,Macclesfield
3595,Gawsworth,Macclesfield
3596,Macclesfield Central,Macclesfield
3597,Macclesfield East,Macclesfield
3598,Macclesfield Hurdsfield,Macclesfield
3599,Macclesfield South,Macclesfield
3600,Macclesfield Tytherington,Macclesfield
3601,Ling Forest,Mansfield
3602,Macclesfield West and Ivy,Macclesfield
3603,Manor,Mansfield
3604,Poynton East and Pott Shrigley,Macclesfield
3605,Market Warsop,Mansfield
3606,Croxton Kerrial,Melton and Syston
3607,Poulton,Morecambe and Lunesdale
3608,Marton East,Middlesbrough South and East Cleveland
3609,Poynton West and Adlington,Macclesfield
3610,Maun Valley Forest Town,Mansfield
3611,Frisby-on-the-Wreake,Melton and Syston
3612,Silverdale,Morecambe and Lunesdale
3613,Launditch,Mid Norfolk
3614,Nunthorpe,Middlesbrough South and East Cleveland
3615,Prestbury,Macclesfield
3616,Meden,Mansfield
3617,Winsford Gravel,Mid Cheshire
3618,Gaddesby,Melton and Syston
3619,Skerton,Morecambe and Lunesdale
3620,"Little Baddow, Danbury and Sandon",Maldon
3621,Lincoln,Mid Norfolk
3622,Belmont,Middlesbrough South and East Cleveland
3623,Sutton,Macclesfield
3624,Mill Lane,Mansfield
3625,Winsford Over & Verdin,Mid Cheshire
3626,Long Clawson and Stathern,Melton and Syston
3627,Torrisholme,Morecambe and Lunesdale
3628,Rettendon and Runwell,Maldon
3629,Mattishall,Mid Norfolk
3630,Brotton,Middlesbrough South and East Cleveland
3631,Binfield North & Warfield West,Maidenhead
3632,Netherfield,Mansfield
3633,Winsford Swanlow,Mid Cheshire
3634,Melton Craven,Melton and Syston
3635,Upper Lune Valley,Morecambe and Lunesdale
3636,"South Hanningfield, Stock and Margaretting",Maldon
3637,Necton,Mid Norfolk
3638,Guisborough,Middlesbrough South and East Cleveland
3639,Hutton,Middlesbrough South and East Cleveland
3640,Lockwood,Middlesbrough South and East Cleveland
3641,Loftus,Middlesbrough South and East Cleveland
3642,Skelton East,Middlesbrough South and East Cleveland
3643,Skelton West,Middlesbrough South and East Cleveland
3644,Broughton,Milton Keynes Central
3645,Campbell Park & Old Woughton,Milton Keynes Central
3646,Central Milton Keynes,Milton Keynes Central
3647,Danesborough & Walton,Milton Keynes Central
3648,Loughton & Shenley,Milton Keynes Central
3649,Monkston,Milton Keynes Central
3650,Shenley Brook End,Milton Keynes Central
3651,Woughton & Fishermead,Milton Keynes Central
3652,Bradwell,Milton Keynes North
3653,Newport Pagnell North & Hanslope,Milton Keynes North
3654,Newport Pagnell South,Milton Keynes North
3655,Olney,Milton Keynes North
3656,Stantonbury,Milton Keynes North
3657,Stony Stratford,Milton Keynes North
3658,Wolverton,Milton Keynes North
3659,Cannon Hill,Mitcham and Morden
3660,Colliers Wood,Mitcham and Morden
3661,Cricket Green,Mitcham and Morden
3662,Figge's Marsh,Mitcham and Morden
3663,Graveney,Mitcham and Morden
3664,Lavender Fields,Mitcham and Morden
3665,Longthornton,Mitcham and Morden
3666,Lower Morden,Mitcham and Morden
3667,Pollards Hill,Mitcham and Morden
3668,Ravensbury,Mitcham and Morden
3669,St Helier,Mitcham and Morden
3670,Burton and Holme,Morecambe and Lunesdale
3671,Kendal South,Morecambe and Lunesdale
3672,Kent Estuary,Morecambe and Lunesdale
3673,Levens and Crooklands,Morecambe and Lunesdale
3674,Sedbergh and Kirkby Lonsdale,Morecambe and Lunesdale
3675,Bare,Morecambe and Lunesdale
3676,Bolton & Slyne,Morecambe and Lunesdale
3677,Carnforth & Millhead,Morecambe and Lunesdale
3678,Halton-with-Aughton & Kellet,Morecambe and Lunesdale
3679,Heysham Central,Morecambe and Lunesdale
3680,Heysham North,Morecambe and Lunesdale
3681,Heysham South,Morecambe and Lunesdale
3682,Lower Lune Valley,Morecambe and Lunesdale
3683,Overton,Morecambe and Lunesdale
3684,Winsford Wharton,Mid Cheshire
3685,Melton Dorian,Melton and Syston
3686,Newlands Forest Town,Mansfield
3687,Warton,Morecambe and Lunesdale
3688,Melton Egerton,Melton and Syston
3689,Allestree,Mid Derbyshire
3690,Oak Tree,Mansfield
3691,Saham Toney,Mid Norfolk
3692,Melton Newport,Melton and Syston
3693,West End,Morecambe and Lunesdale
3694,Binfield South & Jennett's Park,Maidenhead
3695,South Woodham-Chetwood and Collingwood,Maldon
3696,Shipdham-with-Scarning,Mid Norfolk
3697,Oakham,Mansfield
3698,Westgate,Morecambe and Lunesdale
3699,Melton Sysonby,Melton and Syston
3700,South Woodham-Elmwood and Woodville,Maldon
3701,Swinley Forest,Maidenhead
3702,The Buckenhams & Banham,Mid Norfolk
3703,Chaddesden North,Mid Derbyshire
3704,Park Hall,Mansfield
3705,"Ashurst, Bramshaw, Copythorne & Netley Marsh",New Forest East
3706,Melton Warwick,Melton and Syston
3707,Althorne,Maldon
3708,Whitegrove,Maidenhead
3709,Upper Wensum,Mid Norfolk
3710,Penniment,Mansfield
3711,Oakwood,Mid Derbyshire
3712,Brockenhurst & Denny Lodge,New Forest East
3713,Watton,Mid Norfolk
3714,Old Dalby,Melton and Syston
3715,Winkfield & Warfield East,Maidenhead
3716,Burnham-on-Crouch North,Maldon
3717,Somerby,Melton and Syston
3718,Pleasley,Mansfield
3719,Hingham & Deopham,Mid Norfolk
3720,Dibden & Dibden Purlieu,New Forest East
3721,Burnham-on-Crouch South,Maldon
3722,Belmont,Maidenhead
3723,Spondon,Mid Derbyshire
3724,Waltham-on-the-Wolds,Melton and Syston
3725,Racecourse,Mansfield
3726,Wicklewood,Mid Norfolk
3727,"Fawley, Blackfield, Calshot & Langley",New Forest East
3728,Heybridge East,Maldon
3729,Bisham & Cookham,Maidenhead
3730,Alport & South West Parishes,Mid Derbyshire
3731,Wymondham,Melton and Syston
3732,Rock Hill,Mansfield
3733,"Ardingly, Balcombe & Turners Hill",Mid Sussex
3734,Forest & Solent,New Forest East
3735,Heybridge West,Maldon
3736,Boyn Hill,Maidenhead
3737,Belper East,Mid Derbyshire
3738,Bickenhill,Meriden and Solihull East
3739,Rufford,Mansfield
3740,Burgess Hill Dunstall,Mid Sussex
3741,"Hardley, Holbury & North Blackfield",New Forest East
3742,Maldon East,Maldon
3743,Bray,Maidenhead
3744,Belper North,Mid Derbyshire
3745,Chelmsley Wood,Meriden and Solihull East
3746,Sherwood,Mansfield
3747,Southwell,Mansfield
3748,Thompsons,Mansfield
3749,Vale,Mansfield
3750,Wainwright,Mansfield
3751,Warsop Carrs,Mansfield
3752,West Bank,Mansfield
3753,Yeoman Hill,Mansfield
3754,Box & Colerne,Melksham and Devizes
3755,Bradford-on-Avon North,Melksham and Devizes
3756,Bradford-on-Avon South,Melksham and Devizes
3757,"Bromham, Rowde & Roundway",Melksham and Devizes
3758,Calne South,Melksham and Devizes
3759,Devizes East,Melksham and Devizes
3760,Devizes North,Melksham and Devizes
3761,Devizes Rural West,Melksham and Devizes
3762,Devizes South,Melksham and Devizes
3763,Holt,Melksham and Devizes
3764,Melksham Forest,Melksham and Devizes
3765,Melksham South,Melksham and Devizes
3766,Melksham Without North & Shurnhold,Melksham and Devizes
3767,Melksham Without West & Rural,Melksham and Devizes
3768,The Lavingtons,Melksham and Devizes
3769,Urchfont & Bishops Cannings,Melksham and Devizes
3770,Winsley & Westwood,Melksham and Devizes
3771,Bowerhill,Melksham and Devizes
3772,Melksham East,Melksham and Devizes
3773,Sileby & Seagrave,Melton and Syston
3774,South Charnwood,Melton and Syston
3775,Syston,Melton and Syston
3776,Thurmaston,Melton and Syston
3777,Wreake Valley,Melton and Syston
3778,Asfordby,Melton and Syston
3779,Bottesford,Melton and Syston
3780,Hythe Central,New Forest East
3781,Maldon North,Maldon
3782,Burgess Hill Franklands,Mid Sussex
3783,Cox Green,Maidenhead
3784,Belper South,Mid Derbyshire
3785,Hythe South,New Forest East
3786,Burgess Hill Leylands,Mid Sussex
3787,Duffield & Quarndon,Mid Derbyshire
3788,Furze Platt,Maidenhead
3789,Lyndhurst & Minstead,New Forest East
3790,Maldon South,Maldon
3791,Dorridge and Hockley Heath,Meriden and Solihull East
3792,Maldon West,Maldon
3793,Burgess Hill Meeds & Hammonds,Mid Sussex
3794,Elmdon,Meriden and Solihull East
3795,Mayland,Maldon
3796,Marchwood & Eling,New Forest East
3797,Burgess Hill St Andrews,Mid Sussex
3798,Hurley & Walthams,Maidenhead
3799,Little Eaton & Stanley,Mid Derbyshire
3800,Kingshurst and Fordbridge,Meriden and Solihull East
3801,Purleigh,Maldon
3802,Sway,New Forest East
3803,Southminster,Maldon
3804,Burgess Hill Victoria,Mid Sussex
3805,Tillingham,Maldon
3806,Oldfield,Maidenhead
3807,Knowle,Meriden and Solihull East
3808,Ancoats & Beswick,Manchester Central
3809,"Cuckfield, Bolney & Ansty",Mid Sussex
3810,Totton Central,New Forest East
3811,Ockbrook & Borrowash,Mid Derbyshire
3812,Meriden,Meriden and Solihull East
3813,Totton North,New Forest East
3814,Downland Villages,Mid Sussex
3815,West Hallam & Dale Abbey,Mid Derbyshire
3816,Cheetham,Manchester Central
3817,Silhill,Meriden and Solihull East
3818,Pinkneys Green,Maidenhead
3819,Totton South,New Forest East
3820,Hassocks,Mid Sussex
3821,Bearwood & Merley,Mid Dorset and North Poole
3822,Clayton & Openshaw,Manchester Central
3823,Cauldwell,Mid Bedfordshire
3824,Riverside,Maidenhead
3825,"Ashley, Bashley & Fernhill",New Forest West
3826,Haywards Heath Ashenground,Mid Sussex
3827,Broadstone,Mid Dorset and North Poole
3828,Deansgate,Manchester Central
3829,Wixams & Wilstead,Mid Bedfordshire
3830,St Mary's,Maidenhead
3831,Ballard,New Forest West
3832,Haywards Heath Bentswood & Heath,Mid Sussex
3833,Canford Heath,Mid Dorset and North Poole
3834,Miles Platting & Newton Heath,Manchester Central
3835,Ampthill,Mid Bedfordshire
3836,Barton & Becton,New Forest West
3837,Allington & Bridge,Maidstone and Malling
3838,"Bransgore, Burley, Sopley & Ringwood East",New Forest West
3839,Aspley & Woburn,Mid Bedfordshire
3840,Haywards Heath Franklands,Mid Sussex
3841,Barming Heath & Teston,Maidstone and Malling
3842,Downlands & Forest North,New Forest West
3843,Piccadilly,Manchester Central
3844,Colehill & Wimborne Minster East,Mid Dorset and North Poole
3845,"Fordingbridge, Godshill & Hyde",New Forest West
3846,Barton-le-Clay & Silsoe,Mid Bedfordshire
3847,Haywards Heath Lucastes & Bolnore,Mid Sussex
3848,Corfe Mullen,Mid Dorset and North Poole
3849,Failsworth East,Manchester Central
3850,Lymington,New Forest West
3851,Fant & Oakwood,Maidstone and Malling
3852,Cranfield & Marston Moretaine,Mid Bedfordshire
3853,Haywards Heath North,Mid Sussex
3854,Lytchett Matravers & Upton,Mid Dorset and North Poole
3855,Failsworth West,Manchester Central
3856,Milford & Hordle,New Forest West
3857,Grove Green & Vinters Park,Maidstone and Malling
3858,Flitwick,Mid Bedfordshire
3859,Hurstpierpoint,Mid Sussex
3860,Stour & Allen Vale,Mid Dorset and North Poole
3861,Ardwick,Manchester Rusholme
3862,Milton,New Forest West
3863,High Street,Maidstone and Malling
3864,Houghton Conquest & Haynes,Mid Bedfordshire
3865,Lindfield,Mid Sussex
3866,Wareham,Mid Dorset and North Poole
3867,Fallowfield,Manchester Rusholme
3868,Pennington,New Forest West
3869,West Purbeck,Mid Dorset and North Poole
3870,Hulme,Manchester Rusholme
3871,Lindfield Rural & High Weald,Mid Sussex
3872,Loose & Linton,Maidstone and Malling
3873,Ringwood North & Ellingham,New Forest West
3874,Moss Side,Manchester Rusholme
3875,Wimborne Minster,Mid Dorset and North Poole
3876,Meppershall & Shillington,Mid Bedfordshire
3877,Rusholme,Manchester Rusholme
3878,Acklam,Middlesbrough and Thornaby East
3879,Palace Wood,Maidstone and Malling
3880,Braunstone Millfield,Mid Leicestershire
3881,Toddington,Mid Bedfordshire
3882,Ringwood South,New Forest West
3883,Whalley Range,Manchester Rusholme
3884,Ayresome,Middlesbrough and Thornaby East
3885,Penenden Heath,Maidstone and Malling
3886,Braunstone Ravenhurst,Mid Leicestershire
3887,"Westoning, Flitton & Greenfield",Mid Bedfordshire
3888,Clayworth,Newark
3889,Chorlton,Manchester Withington
3890,Berwick Hills & Pallister,Middlesbrough and Thornaby East
3891,Ringlestone,Maidstone and Malling
3892,Glenfield Ellis,Mid Leicestershire
3893,Bernwood,Mid Buckinghamshire
3894,East Markham,Newark
3895,Chorlton Park,Manchester Withington
3896,Brambles & Thorntree,Middlesbrough and Thornaby East
3897,Tovil,Maidstone and Malling
3898,Glenfield Faire,Mid Leicestershire
3899,Chiltern Ridges,Mid Buckinghamshire
3900,Rampton,Newark
3901,Didsbury East,Manchester Withington
3902,Central,Middlesbrough and Thornaby East
3903,Aylesford North & North Downs,Maidstone and Malling
3904,Didsbury West,Manchester Withington
3905,Great Missenden,Mid Buckinghamshire
3906,Kirby Muxloe,Mid Leicestershire
3907,Kader,Middlesbrough and Thornaby East
3908,Old Moat,Manchester Withington
3909,Aylesford South & Ditton,Maidstone and Malling
3910,Sturton,Newark
3911,"Birling, Leybourne & Ryarsh",Maidstone and Malling
3912,Linthorpe,Middlesbrough and Thornaby East
3913,Withington,Manchester Withington
3914,Tuxford and Trent,Newark
3915,Grendon Underwood,Mid Buckinghamshire
3916,"East Malling, West Malling & Offham",Maidstone and Malling
3917,Leicester Forest & Lubbesthorpe,Mid Leicestershire
3918,Longlands & Beechwood,Middlesbrough and Thornaby East
3919,Bancroft,Mansfield
3920,Balderton South,Newark
3921,Ridgeway East,Mid Buckinghamshire
3922,Kings Hill,Maidstone and Malling
3923,Thorpe Astley & St Mary's,Mid Leicestershire
3924,Newport,Middlesbrough and Thornaby East
3925,Berry Hill,Mansfield
3926,Bridge,Newark
3927,Ridgeway West,Mid Buckinghamshire
3928,Abram,Makerfield
3929,Anstey,Mid Leicestershire
3930,North Ormesby,Middlesbrough and Thornaby East
3931,Brick Kiln,Mansfield
3932,Collingham,Newark
3933,Stone and Waddesdon,Mid Buckinghamshire
3934,Ashton-in-Makerfield South,Makerfield
3935,Birstall East & Wanlip,Mid Leicestershire
3936,Park,Middlesbrough and Thornaby East
3937,Devon,Newark
3938,The Risboroughs,Mid Buckinghamshire
3939,Birstall West,Mid Leicestershire
3940,Trimdon,Middlesbrough and Thornaby East
3941,Muskham,Newark
3942,Bryn with Ashton-in-Makerfield North,Makerfield
3943,Carr Bank,Mansfield
3944,"Wendover, Halton and Stoke Mandeville",Mid Buckinghamshire
3945,Southwell,Newark
3946,Mandale & Victoria,Middlesbrough and Thornaby East
3947,Central,Mansfield
3948,Middlewich,Mid Cheshire
3949,Golborne & Lowton West,Makerfield
3950,Forest Bradgate,Mid Leicestershire
3951,Sutton-on-Trent,Newark
3952,Stainsby Hill,Middlesbrough and Thornaby East
3953,Eakring,Mansfield
3954,"Davenham, Moulton & Kingsmead",Mid Cheshire
3955,Hindley,Makerfield
3956,Loughborough Woodthorpe,Mid Leicestershire
3957,Trent,Newark
3958,Village,Middlesbrough and Thornaby East
3959,Grange Farm,Mansfield
3960,Hartford & Greenbank,Mid Cheshire
3961,Hindley Green,Makerfield
3962,Mountsorrel,Mid Leicestershire
3963,Balderton North & Coddington,Newark
3964,Coulby Newham,Middlesbrough South and East Cleveland
3965,Holly Forest Town,Mansfield
3966,Northwich Leftwich,Mid Cheshire
3967,Ince,Makerfield
3968,Rothley Brook,Mid Leicestershire
3969,Hemlington,Middlesbrough South and East Cleveland
3970,Beacon,Newark
3971,Hornby,Mansfield
3972,Leigh West,Makerfield
3973,Northwich Winnington & Castle,Mid Cheshire
3974,Groby,Mid Leicestershire
3975,Castle,Newark
3976,Northwich Witton,Mid Cheshire
3977,Ladgate,Middlesbrough South and East Cleveland
3978,"Markfield, Stanton and Fieldhead",Mid Leicestershire
3979,Orrell,Makerfield
3980,Kings Walk,Mansfield
3981,Rudheath,Mid Cheshire
3982,Marton West,Middlesbrough South and East Cleveland
3983,"Ratby, Bagworth and Thornton",Mid Leicestershire
3984,Winstanley,Makerfield
3985,Kingsway Forest Town,Mansfield
3986,Winsford Dene,Mid Cheshire
3987,Park End & Beckfield,Middlesbrough South and East Cleveland
3988,All Saints & Wayland,Mid Norfolk
3989,Worsley Mesnes,Makerfield
3990,Lindhurst,Mansfield
3991,Stainton & Thornton,Middlesbrough South and East Cleveland
3992,Attleborough Burgh & Haverscroft,Mid Norfolk
3993,Bicknacre and East and West Hanningfield,Maldon
3994,Attleborough Queens & Besthorpe,Mid Norfolk
3995,Galleywood,Maldon
3996,Dereham Neatherd,Mid Norfolk
3997,Dereham Toftwood,Mid Norfolk
3998,Dereham Withburga,Mid Norfolk
3999,Hermitage,Mid Norfolk
4000,Sheringham South,North Norfolk
4001,Stalham,North Norfolk
4002,Stody,North Norfolk
4003,Suffield Park,North Norfolk
4004,Trunch,North Norfolk
4005,Hemsworth,Normanton and Hemsworth
4006,Wells with Holkham,North Norfolk
4007,Worstead,North Norfolk
4008,Verwood,North Dorset
4009,Alnwick,North Northumberland
4010,Normanton,Normanton and Hemsworth
4011,Killamarsh West,North East Derbyshire
4012,Amble,North Northumberland
4013,Winterborne North,North Dorset
4014,Bitton & Oldland Common,North East Somerset and Hanham
4015,Ermin,North Cotswolds
4016,South Elmsall and South Kirkby,Normanton and Hemsworth
4017,Farndon & Fernwood,Newark
4018,North Wingfield Central,North East Derbyshire
4019,Amble West with Warkworth,North Northumberland
4020,Camperdown,Newcastle upon Tyne North
4021,Annfield Plain,North Durham
4022,Sandywell,North Cotswolds
4023,Hanham,North East Somerset and Hanham
4024,Biddenham,North Bedfordshire
4025,Bingham North,Newark
4026,Ridgeway & Marsh Lane,North East Derbyshire
4027,Forest Hall,Newcastle upon Tyne North
4028,Bamburgh,North Northumberland
4029,Chester-le-Street East,North Durham
4030,Stratton,North Cotswolds
4031,Longwell Green,North East Somerset and Hanham
4032,Brickhill,North Bedfordshire
4033,Bingham South,Newark
4034,Tupton,North East Derbyshire
4035,Longbenton & Benton,Newcastle upon Tyne North
4036,Berwick East,North Northumberland
4037,Chester-le-Street North,North Durham
4038,Painswick and Upton,North Cotswolds
4039,Parkwall & Warmley,North East Somerset and Hanham
4040,Arrow,North Herefordshire
4041,Backbury,North Herefordshire
4042,Bircher,North Herefordshire
4043,Bishops Frome & Cradley,North Herefordshire
4044,Bromyard Bringsty,North Herefordshire
4045,Bromyard West,North Herefordshire
4046,Castle,North Herefordshire
4047,Hagley,North Herefordshire
4048,Hampton,North Herefordshire
4049,Holmer,North Herefordshire
4050,Hope End,North Herefordshire
4051,Kington,North Herefordshire
4052,Ledbury North,North Herefordshire
4053,Ledbury South,North Herefordshire
4054,Ledbury West,North Herefordshire
4055,Leominster East,North Herefordshire
4056,Leominster North & Rural,North Herefordshire
4057,Leominster South,North Herefordshire
4058,Leominster West,North Herefordshire
4059,Mortimer,North Herefordshire
4060,Old Gore,North Herefordshire
4061,Three Crosses,North Herefordshire
4062,Weobley,North Herefordshire
4063,Credenhill,North Herefordshire
4064,Queenswood,North Herefordshire
4065,Sutton Walls,North Herefordshire
4066,Bacton,North Norfolk
4067,Beeston Regis & The Runtons,North Norfolk
4068,Briston,North Norfolk
4069,Coastal,North Norfolk
4070,Cromer Town,North Norfolk
4071,Erpingham,North Norfolk
4072,Gresham,North Norfolk
4073,Happisburgh,North Norfolk
4074,Hickling,North Norfolk
4075,Holt,North Norfolk
4076,Hoveton & Tunstead,North Norfolk
4077,Mundesley,North Norfolk
4078,North Walsham East,North Norfolk
4079,North Walsham Market Cross,North Norfolk
4080,North Walsham West,North Norfolk
4081,Poppyland,North Norfolk
4082,Priory,North Norfolk
4083,Roughton,North Norfolk
4084,St Benet's,North Norfolk
4085,Sheringham North,North Norfolk
4086,Audley,Newcastle-under-Lyme
4087,Cranmer,Newark
4088,Bradwell,Newcastle-under-Lyme
4089,Bisley,North Cotswolds
4090,Unstone,North East Derbyshire
4091,Chester-le-Street South,North Durham
4092,Berwick North,North Northumberland
4093,East Bridgford,Newark
4094,Wingerworth,North East Derbyshire
4095,Minchinhampton,North Cotswolds
4096,Clayton,Newcastle-under-Lyme
4097,Hardwicke,North Cotswolds
4098,Bromham,North Bedfordshire
4099,Crackley & Red Street,Newcastle-under-Lyme
4100,Basing & Upton Grey,North East Hampshire
4101,Chester-le-Street West Central,North Durham
4102,Severn,North Cotswolds
4103,Clapham & Oakley,North Bedfordshire
4104,Nevile & Langar,Newark
4105,Cross Heath,Newcastle-under-Lyme
4106,Berwick West with Ord,North Northumberland
4107,Bramley,North East Hampshire
4108,Craghead and South Moor,North Durham
4109,Brockworth East,North Cotswolds
4110,Great Barford,North Bedfordshire
4111,Great Denham,North Bedfordshire
4112,Harpur,North Bedfordshire
4113,Harrold,North Bedfordshire
4114,Kempston West,North Bedfordshire
4115,Renhold & Ravensden,North Bedfordshire
4116,Riseley,North Bedfordshire
4117,Sharnbrook,North Bedfordshire
4118,Shortstown,North Bedfordshire
4119,Wootton & Kempston Rural,North Bedfordshire
4120,Wyboston,North Bedfordshire
4121,Biggleswade East,North Bedfordshire
4122,Biggleswade West,North Bedfordshire
4123,Northill,North Bedfordshire
4124,Potton,North Bedfordshire
4125,Sandy,North Bedfordshire
4126,Bodmin St Mary's & St Leonard,North Cornwall
4127,Bodmin St Petroc's,North Cornwall
4128,Bude,North Cornwall
4129,Camelford & Boscastle,North Cornwall
4130,"Lanivet, Blisland & Bodmin St Lawrence",North Cornwall
4131,Launceston South,North Cornwall
4132,Padstow,North Cornwall
4133,Poundstock,North Cornwall
4134,"St Columb Major, St Mawgan & St Wenn",North Cornwall
4135,St Teath & Tintagel,North Cornwall
4136,"Stratton, Kilkhampton & Morwenstow",North Cornwall
4137,Wadebridge East & St Minver,North Cornwall
4138,Wadebridge West & St Mabyn,North Cornwall
4139,Altarnun & Stoke Climsland,North Cornwall
4140,Launceston North & North Petherwin,North Cornwall
4141,Blockley,North Cotswolds
4142,Bourton Vale,North Cotswolds
4143,Bourton Village,North Cotswolds
4144,Campden & Vale,North Cotswolds
4145,Coln Valley,North Cotswolds
4146,Fosseridge,North Cotswolds
4147,Moreton East,North Cotswolds
4148,Moreton West,North Cotswolds
4149,Northleach,North Cotswolds
4150,Stow,North Cotswolds
4151,The Rissingtons,North Cotswolds
4152,Chedworth & Churn Valley,North Cotswolds
4153,Holditch & Chesterton,Newcastle-under-Lyme
4154,Lanchester,North Durham
4155,Druridge Bay,North Northumberland
4156,Keele,Newcastle-under-Lyme
4157,Brockworth West,North Cotswolds
4158,Lumley,North Durham
4159,Longhoughton,North Northumberland
4160,Shurdington,North Cotswolds
4161,Crookham East,North East Hampshire
4162,North Lodge,North Durham
4163,Lynemouth,North Northumberland
4164,Knutton,Newcastle-under-Lyme
4165,Badgeworth,North Cotswolds
4166,Newton,Newark
4167,Pelton,North Durham
4168,Crookham West and Ewshot,North East Hampshire
4169,Churchdown Brookfield with Hucclecote,North Cotswolds
4170,Chieveley & Cold Ash,Newbury
4171,Morpeth Kirkhill,North Northumberland
4172,Sacriston,North Durham
4173,Fleet Central,North East Hampshire
4174,Madeley & Betley,Newcastle-under-Lyme
4175,Churchdown St John's,North Cotswolds
4176,Downlands,Newbury
4177,Morpeth North,North Northumberland
4178,Stanley,North Durham
4179,Fleet East,North East Hampshire
4180,May Bank,Newcastle-under-Lyme
4181,Barnstaple Central,North Devon
4182,Hungerford & Kintbury,Newbury
4183,Morpeth Stobhill,North Northumberland
4184,Tanfield,North Durham
4185,Chatteris North & Manea,North East Cambridgeshire
4186,Chatteris South,North East Cambridgeshire
4187,Doddington & Wimblington,North East Cambridgeshire
4188,Elm & Christchurch,North East Cambridgeshire
4189,Leverington & Wisbech Rural,North East Cambridgeshire
4190,March East,North East Cambridgeshire
4191,March North,North East Cambridgeshire
4192,March South,North East Cambridgeshire
4193,March West & Benwick,North East Cambridgeshire
4194,Parson Drove & Wisbech St Mary,North East Cambridgeshire
4195,Whittlesey East & Villages,North East Cambridgeshire
4196,Whittlesey Lattersey,North East Cambridgeshire
4197,Whittlesey North West,North East Cambridgeshire
4198,Whittlesey South,North East Cambridgeshire
4199,Wisbech North,North East Cambridgeshire
4200,Wisbech Riverside,North East Cambridgeshire
4201,Wisbech South,North East Cambridgeshire
4202,Wisbech Walsoken & Waterlees,North East Cambridgeshire
4203,Staveley Central,North East Derbyshire
4204,Staveley North,North East Derbyshire
4205,Whittington,North East Derbyshire
4206,Ashover,North East Derbyshire
4207,Barlow & Holmesfield,North East Derbyshire
4208,Brampton & Walton,North East Derbyshire
4209,Clay Cross North,North East Derbyshire
4210,Clay Cross South,North East Derbyshire
4211,Coal Aston,North East Derbyshire
4212,Dronfield North,North East Derbyshire
4213,Dronfield South,North East Derbyshire
4214,Dronfield Woodhouse,North East Derbyshire
4215,Eckington North,North East Derbyshire
4216,Eckington South & Renishaw,North East Derbyshire
4217,Gosforth Valley,North East Derbyshire
4218,Grassmoor,North East Derbyshire
4219,Killamarsh East,North East Derbyshire
4220,Silverdale,Newcastle-under-Lyme
4221,Lambourn,Newbury
4222,Barnstaple with Pilton,North Devon
4223,Norham and Islandshires,North Northumberland
4224,Thistleberry,Newcastle-under-Lyme
4225,Newbury Central,Newbury
4226,Barnstaple with Westacott,North Devon
4227,Fleet West,North East Hampshire
4228,Newbury Clay Hill,Newbury
4229,Rothbury,North Northumberland
4230,Hartley Wintney,North East Hampshire
4231,Newbury Greenham,Newbury
4232,Shilbottle,North Northumberland
4233,Bickington,North Devon
4234,Hook,North East Hampshire
4235,Town,Newcastle-under-Lyme
4236,Newbury Speen,Newbury
4237,Wooler,North Northumberland
4238,Bishop's Nympton,North Devon
4239,Odiham,North East Hampshire
4240,Westbury Park & Northwood,Newcastle-under-Lyme
4241,Newbury Wash Common,Newbury
4242,Pegswood,North Northumberland
4243,Bratton Fleming,North Devon
4244,Yateley West,North East Hampshire
4245,Westlands,Newcastle-under-Lyme
4246,Thatcham Central,Newbury
4247,Ellesmere Urban,North Shropshire
4248,Braunton East,North Devon
4249,Arbury,North East Hertfordshire
4250,Wolstanton,Newcastle-under-Lyme
4251,Thatcham Colthrop & Crookham,Newbury
4252,Llanymynech,North Shropshire
4253,Braunton West & Georgeham,North Devon
4254,Baldock East,North East Hertfordshire
4255,Baldock West,North East Hertfordshire
4256,Ermine,North East Hertfordshire
4257,Great Ashby,North East Hertfordshire
4258,Letchworth Grange,North East Hertfordshire
4259,Letchworth Norton,North East Hertfordshire
4260,Letchworth South East,North East Hertfordshire
4261,Letchworth South West,North East Hertfordshire
4262,Letchworth Wilbury,North East Hertfordshire
4263,Royston Heath,North East Hertfordshire
4264,Royston Meridian,North East Hertfordshire
4265,Royston Palace,North East Hertfordshire
4266,Weston & Sandon,North East Hertfordshire
4267,"Aston, Datchworth & Walkern",North East Hertfordshire
4268,Braughing & Standon,North East Hertfordshire
4269,Buntingford,North East Hertfordshire
4270,Hertford Rural,North East Hertfordshire
4271,Little Hadham & The Pelhams,North East Hertfordshire
4272,The Mundens,North East Hertfordshire
4273,Ware Rural,North East Hertfordshire
4274,Watton-at-Stone,North East Hertfordshire
4275,Chew Valley,North East Somerset and Hanham
4276,Clutton & Farmborough,North East Somerset and Hanham
4277,High Littleton,North East Somerset and Hanham
4278,Keynsham East,North East Somerset and Hanham
4279,Keynsham North,North East Somerset and Hanham
4280,Keynsham South,North East Somerset and Hanham
4281,Mendip,North East Somerset and Hanham
4282,Paulton,North East Somerset and Hanham
4283,Publow & Whitchurch,North East Somerset and Hanham
4284,Saltford,North East Somerset and Hanham
4285,Timsbury,North East Somerset and Hanham
4286,Chittlehampton,North Devon
4287,Thatcham North East,Newbury
4288,Chulmleigh,North Devon
4289,Thatcham West,Newbury
4290,Combe Martin,North Devon
4291,Market Drayton East,North Shropshire
4292,Ambrook,Newton Abbot
4293,Arthur's Hill,Newcastle upon Tyne Central and West
4294,Fremington,North Devon
4295,Market Drayton West,North Shropshire
4296,Bishopsteignton,Newton Abbot
4297,Benwell & Scotswood,Newcastle upon Tyne Central and West
4298,Heanton Punchardon,North Devon
4299,Prees,North Shropshire
4300,Bradley,Newton Abbot
4301,Blakelaw,Newcastle upon Tyne Central and West
4302,Ilfracombe East,North Devon
4303,St Martin's,North Shropshire
4304,Buckland & Milber,Newton Abbot
4305,Chapel,Newcastle upon Tyne Central and West
4306,Ilfracombe West,North Devon
4307,Shawbury,North Shropshire
4308,Bushell,Newton Abbot
4309,Denton & Westerhope,Newcastle upon Tyne Central and West
4310,Instow,North Devon
4311,The Meres,North Shropshire
4312,College,Newton Abbot
4313,Elswick,Newcastle upon Tyne Central and West
4314,Landkey,North Devon
4315,Wem,North Shropshire
4316,Dawlish North East,Newton Abbot
4317,Kingston Park South & Newbiggin Hall,Newcastle upon Tyne Central and West
4318,Lynton & Lynmouth,North Devon
4319,Marwood,North Devon
4320,Mortehoe,North Devon
4321,Newport,North Devon
4322,North Molton,North Devon
4323,Roundswell,North Devon
4324,South Molton,North Devon
4325,Witheridge,North Devon
4326,Beacon,North Dorset
4327,Blackmore Vale,North Dorset
4328,Blandford,North Dorset
4329,Cranborne & Alderholt,North Dorset
4330,Cranborne Chase,North Dorset
4331,Gillingham,North Dorset
4332,Hill Forts & Upper Tarrants,North Dorset
4333,Puddletown & Lower Winterborne,North Dorset
4334,Shaftesbury Town,North Dorset
4335,Stalbridge & Marnhull,North Dorset
4336,Sturminster Newton,North Dorset
4337,Lemington,Newcastle upon Tyne Central and West
4338,Monument,Newcastle upon Tyne Central and West
4339,West Fenham,Newcastle upon Tyne Central and West
4340,Dawlish South West,Newton Abbot
4341,Wingrove,Newcastle upon Tyne Central and West
4342,Ipplepen,Newton Abbot
4343,Byker,Newcastle upon Tyne East and Wallsend
4344,Kenton & Starcross,Newton Abbot
4345,Heaton,Newcastle upon Tyne East and Wallsend
4346,Kerswell-with-Combe,Newton Abbot
4347,Manor Park,Newcastle upon Tyne East and Wallsend
4348,Kingsteignton East,Newton Abbot
4349,Ouseburn,Newcastle upon Tyne East and Wallsend
4350,Kingsteignton West,Newton Abbot
4351,Walker,Newcastle upon Tyne East and Wallsend
4352,Walkergate,Newcastle upon Tyne East and Wallsend
4353,Shaldon & Stokeinteignhead,Newton Abbot
4354,Battle Hill,Newcastle upon Tyne East and Wallsend
4355,Teignmouth Central,Newton Abbot
4356,Teignmouth East,Newton Abbot
4357,Whitchurch North,North Shropshire
4358,Howdon,Newcastle upon Tyne East and Wallsend
4359,Teignmouth West,Newton Abbot
4360,Whitchurch South,North Shropshire
4361,Wallsend Central,Newcastle upon Tyne East and Wallsend
4362,Aycliffe East,Newton Aycliffe and Spennymoor
4363,"Gobowen, Selattyn and Weston Rhyn",North Shropshire
4364,Wallsend North,Newcastle upon Tyne East and Wallsend
4365,Aycliffe North and Middridge,Newton Aycliffe and Spennymoor
4366,Oswestry East,North Shropshire
4367,Castle,Newcastle upon Tyne North
4368,Aycliffe West,Newton Aycliffe and Spennymoor
4369,Oswestry South,North Shropshire
4370,Dene & South Gosforth,Newcastle upon Tyne North
4371,Bishop Middleham and Cornforth,Newton Aycliffe and Spennymoor
4372,Oswestry West,North Shropshire
4373,Fawdon & West Gosforth,Newcastle upon Tyne North
4374,Chilton,Newton Aycliffe and Spennymoor
4375,Ruyton and Baschurch,North Shropshire
4376,Gosforth,Newcastle upon Tyne North
4377,Coxhoe,Newton Aycliffe and Spennymoor
4378,St Oswald,North Shropshire
4379,Kenton,Newcastle upon Tyne North
4380,Ferryhill,Newton Aycliffe and Spennymoor
4381,Whittington,North Shropshire
4382,Kingston Park South & Newbiggin Hall,Newcastle upon Tyne North
4383,Sedgefield,Newton Aycliffe and Spennymoor
4384,Backwell,North Somerset
4385,North Jesmond,Newcastle upon Tyne North
4386,Spennymoor,Newton Aycliffe and Spennymoor
4387,Clevedon East,North Somerset
4388,Trimdon and Thornley,Newton Aycliffe and Spennymoor
4389,Parklands,Newcastle upon Tyne North
4390,Clevedon South,North Somerset
4391,Tudhoe,Newton Aycliffe and Spennymoor
4392,South Jesmond,Newcastle upon Tyne North
4393,Clevedon Walton,North Somerset
4394,"Ackworth, North Elmsall and Upton",Normanton and Hemsworth
4395,Clevedon West,North Somerset
4396,"Crofton, Ryhill and Walton",Normanton and Hemsworth
4397,Clevedon Yeo,North Somerset
4398,Featherstone,Normanton and Hemsworth
4399,Gordano Valley,North Somerset
4400,Wollaton West,Nottingham South
4401,Arley and Whitacre,Nuneaton
4402,Hartshill,Nuneaton
4403,Arbury,Nuneaton
4404,Attleborough,Nuneaton
4405,Camp Hill,Nuneaton
4406,Chilvers Coton,Nuneaton
4407,Eastboro,Nuneaton
4408,Galley Common,Nuneaton
4409,East Hunsbury and Shelfleys,Northampton South
4410,Milby,Nuneaton
4411,St Mary's,Nuneaton
4412,Long Ashton,North Somerset
4413,Nene Valley,Northampton South
4414,St Nicolas,Nuneaton
4415,Hugglescote St Mary's,North West Leicestershire
4416,Clavering,North West Essex
4417,Rye Lane,Peckham
4418,Riverside Park,Northampton South
4419,Nailsea Golden Valley,North Somerset
4420,Farnborough & Crofton,Orpington
4421,Gunthorpe,Peterborough
4422,Stockingford East,Nuneaton
4423,Ibstock East,North West Leicestershire
4424,Ibstock West,North West Leicestershire
4425,Kegworth,North West Leicestershire
4426,Long Whatton & Diseworth,North West Leicestershire
4427,Measham North,North West Leicestershire
4428,Measham South,North West Leicestershire
4429,Ravenstone & Packington,North West Leicestershire
4430,Sence Valley,North West Leicestershire
4431,Snibston North,North West Leicestershire
4432,Snibston South,North West Leicestershire
4433,Thornborough,North West Leicestershire
4434,Thringstone,North West Leicestershire
4435,Valley,North West Leicestershire
4436,Worthington & Breedon,North West Leicestershire
4437,Bircham with Rudhams,North West Norfolk
4438,Brancaster,North West Norfolk
4439,Burnham Market & Docking,North West Norfolk
4440,Clenchwarton,North West Norfolk
4441,Dersingham,North West Norfolk
4442,Fairstead,North West Norfolk
4443,Gayton & Grimston,North West Norfolk
4444,Gaywood Chase,North West Norfolk
4445,Gaywood Clock,North West Norfolk
4446,Gaywood North Bank,North West Norfolk
4447,Heacham,North West Norfolk
4448,Hunstanton,North West Norfolk
4449,Massingham with Castle Acre,North West Norfolk
4450,North Lynn,North West Norfolk
4451,St. Margaret's with St. Nicholas,North West Norfolk
4452,Snettisham,North West Norfolk
4453,South & West Lynn,North West Norfolk
4454,Springwood,North West Norfolk
4455,Terrington,North West Norfolk
4456,The Woottons,North West Norfolk
4457,"Walsoken, West Walton & Walpole",North West Norfolk
4458,West Winch,North West Norfolk
4459,Abington and Phippsville,Northampton North
4460,Boothville and Parklands,Northampton North
4461,Castle,Northampton North
4462,Dallington Spencer,Northampton North
4463,Headlands,Northampton North
4464,Kingsthorpe North,Northampton North
4465,Kingsthorpe South,Northampton North
4466,St. George,Northampton North
4467,Talavera,Northampton North
4468,Billing and Rectory Farm,Northampton South
4469,Delapre and Rushmere,Northampton South
4470,Duston East,Northampton South
4471,Duston West and St. Crispin,Northampton South
4472,Nailsea West End,North Somerset
4473,Sixfields,Northampton South
4474,North,Peterborough
4475,Nailsea Yeo,North Somerset
4476,St Giles,Peckham
4477,Debden & Wimbish,North West Essex
4478,Stockingford West,Nuneaton
4479,Drayton North,Norwich North
4480,Park,Peterborough
4481,Nailsea Youngwood,North Somerset
4482,Barrowford & Pendleside,Pendle and Clitheroe
4483,Elsenham & Henham,North West Essex
4484,Orpington,Orpington
4485,Boulsworth & Foulridge,Pendle and Clitheroe
4486,Paston and Walton,Peterborough
4487,Weddington,Nuneaton
4488,Petts Wood & Knoll,Orpington
4489,Flitch Green & Little Dunmow,North West Essex
4490,Bradley,Pendle and Clitheroe
4491,Pill,North Somerset
4492,Fence & Higham,Pendle and Clitheroe
4493,Drayton South,Norwich North
4494,Great Dunmow South & Barnston,North West Essex
4495,Ravensthorpe,Peterborough
4496,Whitestone,Nuneaton
4497,St Mary Cray,Orpington
4498,Portishead East,North Somerset
4499,Werrington,Peterborough
4500,Marsden & Southfield,Pendle and Clitheroe
4501,St Paul's Cray,Orpington
4502,High Easter & the Rodings,North West Essex
4503,Blackfen & Lamorbey,Old Bexley and Sidcup
4504,Portishead North,North Somerset
4505,Hellesdon North West,Norwich North
4506,West,Peterborough
4507,Vivary Bridge,Pendle and Clitheroe
4508,Denby Dale,Ossett and Denby Dale
4509,"Littlebury, Chesterford & Wenden Lofts",North West Essex
4510,Blendon & Penhill,Old Bexley and Sidcup
4511,Portishead South,North Somerset
4512,Hellesdon South East,Norwich North
4513,Budshead,Plymouth Moor View
4514,Waterside & Horsfield,Pendle and Clitheroe
4515,Kirkburton,Ossett and Denby Dale
4516,Newport,North West Essex
4517,East Wickham,Old Bexley and Sidcup
4518,Portishead West,North Somerset
4519,Old Catton and Sprowston West,Norwich North
4520,Eggbuckland,Plymouth Moor View
4521,Whitefield & Walverden,Pendle and Clitheroe
4522,Horbury and South Ossett,Ossett and Denby Dale
4523,Saffron Walden Audley,North West Essex
4524,Falconwood & Welling,Old Bexley and Sidcup
4525,Winford,North Somerset
4526,Wrington,North Somerset
4527,Atherstone Central,North Warwickshire and Bedworth
4528,Atherstone North,North Warwickshire and Bedworth
4529,Atherstone South and Mancetter,North Warwickshire and Bedworth
4530,Baddesley and Grendon,North Warwickshire and Bedworth
4531,Coleshill North,North Warwickshire and Bedworth
4532,Coleshill South,North Warwickshire and Bedworth
4533,Curdworth,North Warwickshire and Bedworth
4534,Dordon,North Warwickshire and Bedworth
4535,Fillongley,North Warwickshire and Bedworth
4536,Hurley and Wood End,North Warwickshire and Bedworth
4537,Kingsbury,North Warwickshire and Bedworth
4538,Newton Regis and Warton,North Warwickshire and Bedworth
4539,Polesworth East,North Warwickshire and Bedworth
4540,Polesworth West,North Warwickshire and Bedworth
4541,Water Orton,North Warwickshire and Bedworth
4542,Bede,North Warwickshire and Bedworth
4543,Exhall,North Warwickshire and Bedworth
4544,Heath,North Warwickshire and Bedworth
4545,Poplar,North Warwickshire and Bedworth
4546,Slough,North Warwickshire and Bedworth
4547,Barnack,North West Cambridgeshire
4548,Fletton and Stanground,North West Cambridgeshire
4549,Fletton and Woodston,North West Cambridgeshire
4550,Glinton and Castor,North West Cambridgeshire
4551,Hampton Vale,North West Cambridgeshire
4552,Hargate and Hempsted,North West Cambridgeshire
4553,Orton Longueville,North West Cambridgeshire
4554,Orton Waterville,North West Cambridgeshire
4555,Stanground South,North West Cambridgeshire
4556,Wittering,North West Cambridgeshire
4557,Ramsey,North West Cambridgeshire
4558,"Stilton, Folksworth & Washingley",North West Cambridgeshire
4559,Yaxley,North West Cambridgeshire
4560,Boreham and The Leighs,North West Essex
4561,Broomfield and The Walthams,North West Essex
4562,Chelmsford Rural West,North West Essex
4563,Writtle,North West Essex
4564,Ashdon,North West Essex
4565,Ham,Plymouth Moor View
4566,Saffron Walden Castle,North West Essex
4567,Longlands,Old Bexley and Sidcup
4568,Sprowston Central,Norwich North
4569,Barnoldswick,Pendle and Clitheroe
4570,Ossett,Ossett and Denby Dale
4571,St Mary's & St James,Old Bexley and Sidcup
4572,Honicknowle,Plymouth Moor View
4573,Earby & Coates,Pendle and Clitheroe
4574,Wakefield Rural,Ossett and Denby Dale
4575,Sprowston East,Norwich North
4576,Sidcup,Old Bexley and Sidcup
4577,Saffron Walden Shire,North West Essex
4578,Moor View,Plymouth Moor View
4579,Chatburn,Pendle and Clitheroe
4580,Wakefield South,Ossett and Denby Dale
4581,Thorpe St Andrew North West,Norwich North
4582,Alexandra,Oldham East and Saddleworth
4583,Stansted North,North West Essex
4584,Peverell,Plymouth Moor View
4585,"East Whalley, Read & Simonstone",Pendle and Clitheroe
4586,Barton & Sandhills,Oxford East
4587,Thorpe St Andrew South East,Norwich North
4588,Coldhurst,Oldham East and Saddleworth
4589,Stansted South & Birchanger,North West Essex
4590,St Budeaux,Plymouth Moor View
4591,Edisford & Low Moor,Pendle and Clitheroe
4592,Blackbird Leys,Oxford East
4593,Catton Grove,Norwich North
4594,Crompton,Oldham East and Saddleworth
4595,Southway,Plymouth Moor View
4596,Stort Valley,North West Essex
4597,Littlemoor,Pendle and Clitheroe
4598,Churchill,Oxford East
4599,Royton North,Oldham East and Saddleworth
4600,Crome,Norwich North
4601,Compton,Plymouth Sutton and Devonport
4602,Takeley,North West Essex
4603,Primrose,Pendle and Clitheroe
4604,Royton South,Oldham East and Saddleworth
4605,Mile Cross,Norwich North
4606,Cowley,Oxford East
4607,Devonport,Plymouth Sutton and Devonport
4608,Great Dunmow North,North West Essex
4609,Sabden,Pendle and Clitheroe
4610,Saddleworth North,Oldham East and Saddleworth
4611,Sewell,Norwich North
4612,Donnington,Oxford East
4613,Drake,Plymouth Sutton and Devonport
4614,Thaxted & the Eastons,North West Essex
4615,St Mary's,Pendle and Clitheroe
4616,Saddleworth South,Oldham East and Saddleworth
4617,Bowthorpe,Norwich South
4618,Headington,Oxford East
4619,Efford and Lipson,Plymouth Sutton and Devonport
4620,Evingar,North West Hampshire
4621,Salthill,Pendle and Clitheroe
4622,Saddleworth West & Lees,Oldham East and Saddleworth
4623,Eaton,Norwich South
4624,Headington Hill & Northway,Oxford East
4625,Peverell,Plymouth Sutton and Devonport
4626,Sherborne St John & Rooksdown,North West Hampshire
4627,Whalley & Painter Wood,Pendle and Clitheroe
4628,Shaw,Oldham East and Saddleworth
4629,Lakenham,Norwich South
4630,Hinksey Park,Oxford East
4631,St James',Oldham East and Saddleworth
4632,St Peter and the Waterfront,Plymouth Sutton and Devonport
4633,St Mary's,Oldham East and Saddleworth
4634,Tadley & Pamber,North West Hampshire
4635,Mancroft,Norwich South
4636,Wiswell & Barrow,Pendle and Clitheroe
4637,Littlemore,Oxford East
4638,"Tadley North, Kingsclere & Baughurst",North West Hampshire
4639,Stoke,Plymouth Sutton and Devonport
4640,Waterhead,Oldham East and Saddleworth
4641,Lye Valley,Oxford East
4642,Dodworth,Penistone and Stocksbridge
4643,Nelson,Norwich South
4644,Sutton and Mount Gould,Plymouth Sutton and Devonport
4645,"Whitchurch, Overton & Laverstoke",North West Hampshire
4646,Chadderton Central,"Oldham West, Chadderton and Royton"
4647,Marston,Oxford East
4648,Penistone East,Penistone and Stocksbridge
4649,Thorpe Hamlet,Norwich South
4650,Airedale and Ferry Fryston,"Pontefract, Castleford and Knottingley"
4651,Andover Downlands,North West Hampshire
4652,Chadderton North,"Oldham West, Chadderton and Royton"
4653,Northfield Brook,Oxford East
4654,Penistone West,Penistone and Stocksbridge
4655,Town Close,Norwich South
4656,Altofts and Whitwood,"Pontefract, Castleford and Knottingley"
4657,Andover Romans,North West Hampshire
4658,Chadderton South,"Oldham West, Chadderton and Royton"
4659,Quarry & Risinghurst,Oxford East
4660,East Ecclesfield,Penistone and Stocksbridge
4661,University,Norwich South
4662,Castleford Central and Glasshoughton,"Pontefract, Castleford and Knottingley"
4663,Andover Harroway,North West Hampshire
4664,Rose Hill & Iffley,Oxford East
4665,Coldhurst,"Oldham West, Chadderton and Royton"
4666,Wensum,Norwich South
4667,Stocksbridge and Upper Don,Penistone and Stocksbridge
4668,Andover Millway,North West Hampshire
4669,Knottingley,"Pontefract, Castleford and Knottingley"
4670,New Costessey,Norwich South
4671,West Ecclesfield,Penistone and Stocksbridge
4672,Crompton,"Oldham West, Chadderton and Royton"
4673,St Clement's,Oxford East
4674,Andover St Mary's,North West Hampshire
4675,Pontefract North,"Pontefract, Castleford and Knottingley"
4676,Berridge,Nottingham East
4677,Aspatria,Penrith and Solway
4678,Failsworth East,"Oldham West, Chadderton and Royton"
4679,St Mary's,Oxford East
4680,Andover Winton,North West Hampshire
4681,Pontefract South,"Pontefract, Castleford and Knottingley"
4682,Castle,Nottingham East
4683,Bothel and Wharrels,Penrith and Solway
4684,Hollinwood,"Oldham West, Chadderton and Royton"
4685,Temple Cowley,Oxford East
4686,Bourne Valley,North West Hampshire
4687,Canford Cliffs,Poole
4688,Dales,Nottingham East
4689,Cockermouth North,Penrith and Solway
4690,Medlock Vale,"Oldham West, Chadderton and Royton"
4691,Carfax & Jericho,Oxford West and Abingdon
4692,Ashby Castle,North West Leicestershire
4693,Creekmoor,Poole
4694,Hyson Green & Arboretum,Nottingham East
4695,Cockermouth South,Penrith and Solway
4696,Royton North,"Oldham West, Chadderton and Royton"
4697,Cutteslowe & Sunnymead,Oxford West and Abingdon
4698,Hamworthy,Poole
4699,Ashby Holywell,North West Leicestershire
4700,Mapperley,Nottingham East
4701,Royton South,"Oldham West, Chadderton and Royton"
4702,Dalston and Burgh,Penrith and Solway
4703,Holywell,Oxford West and Abingdon
4704,Newtown & Heatherlands,Poole
4705,Ashby Ivanhoe,North West Leicestershire
4706,Werneth,"Oldham West, Chadderton and Royton"
4707,Dearham and Broughton,Penrith and Solway
4708,Osney & St Thomas,Oxford West and Abingdon
4709,St. Ann's,Nottingham East
4710,Oakdale,Poole
4711,Ashby Money Hill,North West Leicestershire
4712,Bromley Common & Holwood,Orpington
4713,Keswick,Penrith and Solway
4714,Summertown,Oxford West and Abingdon
4715,Sherwood,Nottingham East
4716,Parkstone,Poole
4717,Ashby Willesley,North West Leicestershire
4718,Chelsfield,Orpington
4719,Maryport North,Penrith and Solway
4720,Walton Manor,Oxford West and Abingdon
4721,Aspley,Nottingham North and Kimberley
4722,Penn Hill,Poole
4723,Ashby Woulds,North West Leicestershire
4724,Chislehurst,Orpington
4725,Maryport South,Penrith and Solway
4726,Wolvercote,Oxford West and Abingdon
4727,Basford,Nottingham North and Kimberley
4728,Poole Town,Poole
4729,Bardon,North West Leicestershire
4730,Solway Coast,Penrith and Solway
4731,Darwin,Orpington
4732,Abingdon Abbey Northcourt,Oxford West and Abingdon
4733,Blackfordby,North West Leicestershire
4734,Blackwall & Cubitt Town,Poplar and Limehouse
4735,Bestwood,Nottingham North and Kimberley
4736,Thursby,Penrith and Solway
4737,Broom Leys,North West Leicestershire
4738,Bromley South,Poplar and Limehouse
4739,Bulwell,Nottingham North and Kimberley
4740,Abingdon Caldecott,Oxford West and Abingdon
4741,Wetheral,Penrith and Solway
4742,Castle Donington Castle,North West Leicestershire
4743,Canary Wharf,Poplar and Limehouse
4744,Bulwell Forest,Nottingham North and Kimberley
4745,Abingdon Fitzharris,Oxford West and Abingdon
4746,Wigton,Penrith and Solway
4747,Castle Donington Central,North West Leicestershire
4748,Island Gardens,Poplar and Limehouse
4749,Leen Valley,Nottingham North and Kimberley
4750,Cumnor,Oxford West and Abingdon
4751,Alston and Fellside,Penrith and Solway
4752,Castle Donington Park,North West Leicestershire
4753,Lansbury,Poplar and Limehouse
4754,Watnall & Nuthall West,Nottingham North and Kimberley
4755,Wootton,Oxford West and Abingdon
4756,Hesket and Lazonby,Penrith and Solway
4757,Castle Rock,North West Leicestershire
4758,Limehouse,Poplar and Limehouse
4759,"Awsworth, Cossall & Trowell",Nottingham North and Kimberley
4760,Abingdon Dunmore,Oxford West and Abingdon
4761,Penrith North,Penrith and Solway
4762,Penrith South,Penrith and Solway
4763,Bretton,Peterborough
4764,Central,Peterborough
4765,Dogsthorpe,Peterborough
4766,East,Peterborough
4767,"Eye, Thorney and Newborough",Peterborough
4768,Coalville East,North West Leicestershire
4769,Abingdon Peachcroft,Oxford West and Abingdon
4770,Kimberley,Nottingham North and Kimberley
4771,Mile End,Poplar and Limehouse
4772,Coalville West,North West Leicestershire
4773,Marcham,Oxford West and Abingdon
4774,Nuthall East & Strelley,Nottingham North and Kimberley
4775,Poplar,Poplar and Limehouse
4776,Daleacre Hill,North West Leicestershire
4777,Botley & Sunningwell,Oxford West and Abingdon
4778,Bilborough,Nottingham South
4779,St Katharine's & Wapping,Poplar and Limehouse
4780,Ellistown & Battleflat,North West Leicestershire
4781,Kennington & Radley,Oxford West and Abingdon
4782,Clifton East,Nottingham South
4783,Baffins,Portsmouth North
4784,Greenhill,North West Leicestershire
4785,Faraday,Peckham
4786,Clifton West,Nottingham South
4787,Copnor,Portsmouth North
4788,Hermitage,North West Leicestershire
4789,North Walworth,Peckham
4790,Lenton & Wollaton East,Nottingham South
4791,Cosham,Portsmouth North
4792,Holly Hayes,North West Leicestershire
4793,Nunhead & Queen's Road,Peckham
4794,Meadows,Nottingham South
4795,Drayton and Farlington,Portsmouth North
4796,Radford,Nottingham South
4797,Old Kent Road,Peckham
4798,Hugglescote St John's,North West Leicestershire
4799,Peckham,Peckham
4800,Wickford Park,Rayleigh and Wickford
4801,Downhall and Rawreth,Rayleigh and Wickford
4802,Hawkwell East,Rayleigh and Wickford
4803,Hawkwell West,Rayleigh and Wickford
4804,Hockley,Rayleigh and Wickford
4805,Hockley and Ashingdon,Rayleigh and Wickford
4806,Hullbridge,Rayleigh and Wickford
4807,Lodge,Rayleigh and Wickford
4808,Sweyne Park and Grange,Rayleigh and Wickford
4809,Trinity,Rayleigh and Wickford
4810,Wheatley,Rayleigh and Wickford
4811,Abbey,Reading Central
4812,Battle,Reading Central
4813,Caversham,Reading Central
4814,Caversham Heights,Reading Central
4815,Coley,Reading Central
4816,Emmer Green,Reading Central
4817,Katesgrove,Reading Central
4818,Norcot,Reading Central
4819,Park,Reading Central
4820,Redlands,Reading Central
4821,Southcote,Reading Central
4822,Thames,Reading Central
4823,Aldermaston,Reading West and Mid Berkshire
4824,Basildon,Reading West and Mid Berkshire
4825,Bradfield,Reading West and Mid Berkshire
4826,Saltburn,Redcar
4827,Rochester West & Borstal,Rochester and Strood
4828,Thurcroft & Wickersley South,Rother Valley
4829,Bucklebury,Reading West and Mid Berkshire
4830,Burghfield & Mortimer,Reading West and Mid Berkshire
4831,Downlands,Reading West and Mid Berkshire
4832,Pangbourne,Reading West and Mid Berkshire
4833,Ridgeway,Reading West and Mid Berkshire
4834,Theale,Reading West and Mid Berkshire
4835,Tilehurst & Purley,Reading West and Mid Berkshire
4836,Tilehurst Birch Copse,Reading West and Mid Berkshire
4837,Tilehurst South & Holybrook,Reading West and Mid Berkshire
4838,Battle,Reading West and Mid Berkshire
4839,Kentwood,Reading West and Mid Berkshire
4840,Norcot,Reading West and Mid Berkshire
4841,Southcote,Reading West and Mid Berkshire
4842,Tilehurst,Reading West and Mid Berkshire
4843,Coatham,Redcar
4844,Dormanstown,Redcar
4845,Eston,Redcar
4846,Grangetown,Redcar
4847,Kirkleatham,Redcar
4848,Longbeck,Redcar
4849,Newcomen,Redcar
4850,Normanby,Redcar
4851,Ormesby,Redcar
4852,St Germain's,Redcar
4853,Thurnby & Houghton,Rutland and Stamford
4854,Weybridge Riverside,Runnymede and Weybridge
4855,Bamber Bridge West,Ribble Valley
4856,Hilsea,Portsmouth North
4857,Wales,Rother Valley
4858,Casewick,Rutland and Stamford
4859,Weybridge St George's Hill,Runnymede and Weybridge
4860,South Bank,Redcar
4861,St Mary's Island,Rochester and Strood
4862,Boston Castle,Rotherham
4863,Coupe Green & Gregson Lane,Ribble Valley
4864,Castle,Rutland and Stamford
4865,Addlestone North,Runnymede and Weybridge
4866,Addlestone South,Runnymede and Weybridge
4867,Chertsey Riverside,Runnymede and Weybridge
4868,Chertsey St Ann's,Runnymede and Weybridge
4869,Egham Hythe,Runnymede and Weybridge
4870,Egham Town,Runnymede and Weybridge
4871,"Longcross, Lyne & Chertsey South",Runnymede and Weybridge
4872,New Haw,Runnymede and Weybridge
4873,Ottershaw,Runnymede and Weybridge
4874,Thorpe,Runnymede and Weybridge
4875,Woodham & Rowtown,Runnymede and Weybridge
4876,Abbey,Rushcliffe
4877,Bunny,Rushcliffe
4878,Compton Acres,Rushcliffe
4879,Cotgrave,Rushcliffe
4880,Cropwell,Rushcliffe
4881,Edwalton,Rushcliffe
4882,Gamston,Rushcliffe
4883,Gotham,Rushcliffe
4884,Keyworth & Wolds,Rushcliffe
4885,Lady Bay,Rushcliffe
4886,Leake,Rushcliffe
4887,Lutterell,Rushcliffe
4888,Musters,Rushcliffe
4889,Nevile & Langar,Rushcliffe
4890,Newton,Rushcliffe
4891,Radcliffe on Trent,Rushcliffe
4892,Ruddington,Rushcliffe
4893,Soar Valley,Rushcliffe
4894,Tollerton,Rushcliffe
4895,Trent Bridge,Rushcliffe
4896,Barleythorpe,Rutland and Stamford
4897,Braunston & Martinsthorpe,Rutland and Stamford
4898,Cottesmore,Rutland and Stamford
4899,Exton,Rutland and Stamford
4900,Greetham,Rutland and Stamford
4901,Nelson,Portsmouth North
4902,Ketton,Rutland and Stamford
4903,Langham,Rutland and Stamford
4904,Lyddington,Rutland and Stamford
4905,Normanton,Rutland and Stamford
4906,Oakham North East,Rutland and Stamford
4907,Oakham North West,Rutland and Stamford
4908,Oakham South,Rutland and Stamford
4909,Ryhall & Casterton,Rutland and Stamford
4910,Uppingham,Rutland and Stamford
4911,Whissendine,Rutland and Stamford
4912,Billesdon & Tilton,Rutland and Stamford
4913,Nevill,Rutland and Stamford
4914,Lostock Hall,Ribble Valley
4915,Paulsgrove,Portsmouth North
4916,Teesville,Redcar
4917,Strood North & Frindsbury,Rochester and Strood
4918,Dole Wood,Rutland and Stamford
4919,Samlesbury & Walton,Ribble Valley
4920,Central Southsea,Portsmouth South
4921,Strood Rural,Rochester and Strood
4922,West Dyke,Redcar
4923,Brinsworth,Rotherham
4924,Charles Dickens,Portsmouth South
4925,Strood West,Rochester and Strood
4926,Glen,Rutland and Stamford
4927,Wheatlands,Redcar
4928,Dalton & Thrybergh,Rotherham
4929,Eastney and Craneswater,Portsmouth South
4930,Walton-le-Dale East,Ribble Valley
4931,Havering-atte-Bower,Romford
4932,Isaac Newton,Rutland and Stamford
4933,Zetland,Redcar
4934,Greasbrough,Rotherham
4935,Fratton,Portsmouth South
4936,Walton-le-Dale West,Ribble Valley
4937,Hylands & Harrow Lodge,Romford
4938,Stamford All Saints,Rutland and Stamford
4939,Astwood Bank & Feckenham,Redditch
4940,Keppel,Rotherham
4941,Milton,Portsmouth South
4942,Marshalls & Rise Park,Romford
4943,Catterick Village & Brompton-on-Swale,Richmond and Northallerton
4944,Stamford St George's,Rutland and Stamford
4945,St Jude,Portsmouth South
4946,Rother Vale,Rotherham
4947,Batchley & Brockhill,Redditch
4948,St Thomas,Portsmouth South
4949,Mawneys,Romford
4950,Great Ayton,Richmond and Northallerton
4951,Rotherham East,Rotherham
4952,Central,Redditch
4953,Stamford St John's,Rutland and Stamford
4954,Ashton,Preston
4955,Rush Green & Crowlands,Romford
4956,Hipswell & Colburn,Richmond and Northallerton
4957,Rotherham West,Rotherham
4958,Greenlands & Lakeside,Redditch
4959,Stamford St Mary's,Rutland and Stamford
4960,Brookfield,Preston
4961,St Alban's,Romford
4962,Hutton Rudby & Osmotherley,Richmond and Northallerton
4963,Wickersley North,Rotherham
4964,Headless Cross & Oakenshaw,Redditch
4965,Blackfriars & Trinity,Salford
4966,Cadley,Preston
4967,St Edward's,Romford
4968,Leyburn & Middleham,Richmond and Northallerton
4969,Bulkington,Rugby
4970,Matchborough & Woodrow,Redditch
4971,Broughton,Salford
4972,City Centre,Preston
4973,Squirrels Heath,Romford
4974,Morton-on-Swale & Appleton Wiske,Richmond and Northallerton
4975,Whitestone,Rugby
4976,North,Redditch
4977,Claremont,Salford
4978,Bassett,Romsey and Southampton North
4979,Deepdale,Preston
4980,North Richmondshire,Richmond and Northallerton
4981,Webheath & Callow Hill,Redditch
4982,Ordsall,Salford
4983,Benn,Rugby
4984,Fishwick & Frenchwood,Preston
4985,Pendlebury & Clifton,Salford
4986,Bitterne Park,Romsey and Southampton North
4987,Winyates,Redditch
4988,Bilton,Rugby
4989,Northallerton North & Brompton,Richmond and Northallerton
4990,Garrison,Preston
4991,Pendleton & Charlestown,Salford
4992,Portswood,Romsey and Southampton North
4993,Dodderhill,Redditch
4994,"Clifton, Newton and Churchover",Rugby
4995,Northallerton South,Richmond and Northallerton
4996,Ingol & Cottam,Preston
4997,Quays,Salford
4998,Swaythling,Romsey and Southampton North
4999,Harvington & Norton,Redditch
5000,Coton and Boughton,Rugby
5001,Richmond,Richmond and Northallerton
5002,Blackwater,Romsey and Southampton North
5003,Swinton Park,Salford
5004,Lea & Larches,Preston
5005,Inkberrow,Redditch
5006,Hillmorton,Rugby
5007,Romanby,Richmond and Northallerton
5008,Harewood,Romsey and Southampton North
5009,Weaste & Seedley,Salford
5010,Plungington,Preston
5011,Banstead Village,Reigate
5012,New Bilton,Rugby
5013,Scotton & Lower Wensleydale,Richmond and Northallerton
5014,Newbold and Brownsover,Rugby
5015,Mid Test,Romsey and Southampton North
5016,Paddox,Rugby
5017,"Chipstead, Kingswood & Woodmansterne",Reigate
5018,Alderbury & Whiteparish,Salisbury
5019,Ribbleton,Preston
5020,Revel and Binley Woods,Rugby
5021,Downton & Ebble Valley,Salisbury
5022,Romsey Abbey,Romsey and Southampton North
5023,Earlswood & Whitebushes,Reigate
5024,Stokesley,Richmond and Northallerton
5025,Romsey Tadburn,Romsey and Southampton North
5026,Fovant & Chalke Valley,Salisbury
5027,St Matthew's,Preston
5028,"Lower Kingswood, Tadworth & Walton",Reigate
5029,Upper Dales,Richmond and Northallerton
5030,Rokeby and Overslade,Rugby
5031,Ampfield & Braishfield,Romsey and Southampton North
5032,Laverstock,Salisbury
5033,East Putney,Putney
5034,Meadvale & St John's,Reigate
5035,Canbury Gardens,Richmond Park
5036,Eastlands,Rugby
5037,Anna,Romsey and Southampton North
5038,Nadder Valley,Salisbury
5039,Roehampton,Putney
5040,Nork,Reigate
5041,Coombe Hill,Richmond Park
5042,Wolvey and Shilton,Rugby
5043,Bellinger,Romsey and Southampton North
5044,Old Sarum & Lower Bourne Valley,Salisbury
5045,St Mary's,Putney
5046,Redhill East,Reigate
5047,Coombe Vale,Richmond Park
5048,Admirals and Cawston,Rugby
5049,Redlynch & Landford,Salisbury
5050,Charlton & the Pentons,Romsey and Southampton North
5051,Redhill West & Wray Common,Reigate
5052,Southfields,Putney
5053,Kingston Gate,Richmond Park
5054,Wolston and the Lawfords,Rugby
5055,Salisbury Bemerton Heath,Salisbury
5056,"Chilworth, Nursling & Rownhams",Romsey and Southampton North
5057,Thamesfield,Putney
5058,Reigate,Reigate
5059,Hatch End,"Ruislip, Northwood and Pinner"
5060,Tudor,Richmond Park
5061,Salisbury Fisherton & Bemerton Village,Salisbury
5062,North Baddesley,Romsey and Southampton North
5063,Wandsworth Town,Putney
5064,South Park & Woodhatch,Reigate
5065,Pinner,"Ruislip, Northwood and Pinner"
5066,Barnes,Richmond Park
5067,Salisbury Harnham East,Salisbury
5068,Romsey Cupernham,Romsey and Southampton North
5069,West Hill,Putney
5070,Tattenham Corner & Preston,Reigate
5071,Pinner South,"Ruislip, Northwood and Pinner"
5072,East Sheen,Richmond Park
5073,Salisbury Harnham West,Salisbury
5074,Blackburn South & Lower Darwen,Rossendale and Darwen
5075,West Putney,Putney
5076,Greyfriars,Ribble Valley
5077,Eastcote,"Ruislip, Northwood and Pinner"
5078,"Ham, Petersham & Richmond Riverside",Richmond Park
5079,Salisbury Milford,Salisbury
5080,Darwen East,Rossendale and Darwen
5081,Harlesden & Kensal Green,Queen's Park and Maida Vale
5082,Preston Rural East,Ribble Valley
5083,Salisbury St Edmund's,Salisbury
5084,Harefield Village,"Ruislip, Northwood and Pinner"
5085,Salisbury St Francis & Stratford,Salisbury
5086,Darwen South,Rossendale and Darwen
5087,Preston Rural North,Ribble Valley
5088,Kilburn,Queen's Park and Maida Vale
5089,Salisbury St Paul's,Salisbury
5090,Northwood,"Ruislip, Northwood and Pinner"
5091,Kew,Richmond Park
5092,Tisbury,Salisbury
5093,Queens Park,Queen's Park and Maida Vale
5094,Darwen West,Rossendale and Darwen
5095,Sharoe Green,Ribble Valley
5096,Mortlake & Barnes Common,Richmond Park
5097,Northwood Hills,"Ruislip, Northwood and Pinner"
5098,Wilton,Salisbury
5099,Church Street,Queen's Park and Maida Vale
5100,West Pennine,Rossendale and Darwen
5101,Alston & Hothersall,Ribble Valley
5102,North Richmond,Richmond Park
5103,Ruislip,"Ruislip, Northwood and Pinner"
5104,Winterslow & Upper Bourne Valley,Salisbury
5105,Harrow Road,Queen's Park and Maida Vale
5106,Bacup,Rossendale and Darwen
5107,Billington & Langho,Ribble Valley
5108,South Richmond,Richmond Park
5109,Beechwood & Heath,Runcorn and Helsby
5110,Castle,Scarborough and Whitby
5111,Little Venice,Queen's Park and Maida Vale
5112,Britannia & Lee Mill,Rossendale and Darwen
5113,Bowland,Ribble Valley
5114,Balderstone & Kirkholt,Rochdale
5115,Bridgewater,Runcorn and Helsby
5116,Cayton,Scarborough and Whitby
5117,Danby & Mulgrave,Scarborough and Whitby
5118,Derwent Valley & Moor,Scarborough and Whitby
5119,Eastfield,Scarborough and Whitby
5120,Esk Valley & Coast,Scarborough and Whitby
5121,Falsgrave & Stepney,Scarborough and Whitby
5122,Newby,Scarborough and Whitby
5123,Northstead,Scarborough and Whitby
5124,Scalby & the Coast,Scarborough and Whitby
5125,Seamer,Scarborough and Whitby
5126,Weaponness & Ramshill,Scarborough and Whitby
5127,Whitby Streonshalh,Scarborough and Whitby
5128,Goodshaw & Cribden,Rossendale and Darwen
5129,Maida Vale,Queen's Park and Maida Vale
5130,"Daresbury, Moore & Sandymoor",Runcorn and Helsby
5131,Bamford,Rochdale
5132,Greenfield & Eden,Rossendale and Darwen
5133,Queen's Park,Queen's Park and Maida Vale
5134,Grange,Runcorn and Helsby
5135,Central Rochdale,Rochdale
5136,Hareholme & Waterfoot,Rossendale and Darwen
5137,Westbourne,Queen's Park and Maida Vale
5138,Halton Castle,Runcorn and Helsby
5139,Brockhall & Dinckley,Ribble Valley
5140,Healey,Rochdale
5141,Helmshore,Rossendale and Darwen
5142,Conisbrough,Rawmarsh and Conisbrough
5143,Halton Lea,Runcorn and Helsby
5144,Chipping,Ribble Valley
5145,Kingsway,Rochdale
5146,Longholme,Rossendale and Darwen
5147,Edlington & Warmsworth,Rawmarsh and Conisbrough
5148,Mersey & Weston,Runcorn and Helsby
5149,Clayton-le-Dale & Salesbury,Ribble Valley
5150,Derby & Thornley,Ribble Valley
5151,Dilworth,Ribble Valley
5152,Gisburn & Rimington,Ribble Valley
5153,Hurst Green & Whitewell,Ribble Valley
5154,Mellor,Ribble Valley
5155,Ribchester,Ribble Valley
5156,"Waddington, Bashall Eaves & Mitton",Ribble Valley
5157,West Bradford & Grindleton,Ribble Valley
5158,Whalley Nethertown,Ribble Valley
5159,Wilpshire & Ramsgreave,Ribble Valley
5160,Bamber Bridge East,Ribble Valley
5161,Littleborough Lakeside,Rochdale
5162,Bramley & Ravenfield,Rawmarsh and Conisbrough
5163,Whitewell & Stacksteads,Rossendale and Darwen
5164,Milkstone & Deeplish,Rochdale
5165,Norton North,Runcorn and Helsby
5166,Hoober,Rawmarsh and Conisbrough
5167,Whitworth,Rossendale and Darwen
5168,Milnrow & Newhey,Rochdale
5169,Norton South & Preston Brook,Runcorn and Helsby
5170,Kilnhurst & Swinton East,Rawmarsh and Conisbrough
5171,Anston & Woodsetts,Rother Valley
5172,Smallbridge & Firgrove,Rochdale
5173,Frodsham,Runcorn and Helsby
5174,Rawmarsh East,Rawmarsh and Conisbrough
5175,Aston & Todwick,Rother Valley
5176,Spotland & Falinge,Rochdale
5177,Gowy Rural,Runcorn and Helsby
5178,Rawmarsh West,Rawmarsh and Conisbrough
5179,Aughton & Swallownest,Rother Valley
5180,"Wardle, Shore & West Littleborough",Rochdale
5181,Helsby,Runcorn and Helsby
5182,Swinton Rockingham,Rawmarsh and Conisbrough
5183,All Saints,Rochester and Strood
5184,Dinnington,Rother Valley
5185,Sandstone,Runcorn and Helsby
5186,Wath,Rawmarsh and Conisbrough
5187,Hellaby & Maltby West,Rother Valley
5188,Chatham Central & Brompton,Rochester and Strood
5189,Cobham and Downside,Runnymede and Weybridge
5190,Castledon & Crouch,Rayleigh and Wickford
5191,Maltby East,Rother Valley
5192,"Cuxton, Halling & Riverside",Rochester and Strood
5193,Oxshott and Stoke D'Abernon,Runnymede and Weybridge
5194,Wickford North,Rayleigh and Wickford
5195,Sitwell,Rother Valley
5196,Fort Pitt,Rochester and Strood
5197,Gillingham North,Rochester and Strood
5198,Hoo St Werburgh & High Halstow,Rochester and Strood
5199,Rochester East & Warren Wood,Rochester and Strood
5200,Whitby West,Scarborough and Whitby
5201,Woodlands,Scarborough and Whitby
5202,Ashby Central,Scunthorpe
5203,Ashby Lakeside,Scunthorpe
5204,Bottesford,Scunthorpe
5205,Brigg & Wolds,Scunthorpe
5206,Broughton & Scawby,Scunthorpe
5207,Brumby,Scunthorpe
5208,Burringham & Gunness,Scunthorpe
5209,Burton upon Stather & Winterton,Scunthorpe
5210,Crosby & Park,Scunthorpe
5211,Frodingham,Scunthorpe
5212,Kingsway with Lincoln Gardens,Scunthorpe
5213,Smethwick,Smethwick
5214,Messingham,Scunthorpe
5215,Ridge,Scunthorpe
5216,Town,Scunthorpe
5217,Ainsdale,Sefton Central
5218,Blundellsands,Sefton Central
5219,Harington,Sefton Central
5220,Manor,Sefton Central
5221,Molyneux,Sefton Central
5222,Park,Sefton Central
5223,Ravenmeols,Sefton Central
5224,Sudell,Sefton Central
5225,Barlby & Riccall,Selby
5226,Brayton & Barlow,Selby
5227,Kemble,South Cotswolds
5228,Camblesforth & Carlton,Selby
5229,Cawood & Escrick,Selby
5230,Cliffe & North Duffield,Selby
5231,Monk Fryston & South Milford,Selby
5232,Osgoldcross,Selby
5233,Selby East,Selby
5234,Selby West,Selby
5235,Sherburn in Elmet,Selby
5236,Thorpe Willoughby & Hambleton,Selby
5237,Kippax & Methley,Selby
5238,"Wilmington, Sutton-at-Hone & Hawley",Sevenoaks
5239,Crockenhill and Well Hill,Sevenoaks
5240,Dunton Green and Riverhead,Sevenoaks
5241,"Farningham, Horton Kirby and South Darenth",Sevenoaks
5242,Fawkham and West Kingsdown,Sevenoaks
5243,Radipole,South Dorset
5244,"Halstead, Knockholt and Badgers Mount",Sevenoaks
5245,Kemsing,Sevenoaks
5246,Sevenoaks Eastern,Sevenoaks
5247,Sevenoaks Kippington,Sevenoaks
5248,Sevenoaks Northern,Sevenoaks
5249,Sevenoaks Town and St John's,Sevenoaks
5250,Swanley St Mary's,Sevenoaks
5251,Swanley White Oak,Sevenoaks
5252,Eynsford,Sevenoaks
5253,Skipton West & West Craven,Skipton and Ripon
5254,Hextable,Sevenoaks
5255,Shipley,Shipley
5256,Narborough & Littlethorpe,South Leicestershire
5257,North Whetstone,South Leicestershire
5258,Washburn & Birstwith,Skipton and Ripon
5259,"Lechlade, Kempsford & Fairford South",South Cotswolds
5260,Soho and Victoria,Smethwick
5261,Rodwell & Wyke,South Dorset
5262,Wharfedale,Shipley
5263,New Mills,South Cotswolds
5264,Otford and Shoreham,Sevenoaks
5265,Blythe,Solihull West and Shirley
5266,South East Purbeck,South Dorset
5267,Windhill and Wrose,Shipley
5268,St Michael's,South Cotswolds
5269,Bosworth,South Leicestershire
5270,Swanley Christchurch and Swanley Village,Sevenoaks
5271,Wathvale & Bishop Monkton,Skipton and Ripon
5272,Lyndon,Solihull West and Shirley
5273,Swanage,South Dorset
5274,Abbey,Shrewsbury
5275,Siddington & Cerney Rural,South Cotswolds
5276,Broughton Astley-Primethorpe & Sutton,South Leicestershire
5277,Westerham and Crockham Hill,Sevenoaks
5278,Wharfedale,Skipton and Ripon
5279,Olton,Solihull West and Shirley
5280,Upwey & Broadwey,South Dorset
5281,Bagley,Shrewsbury
5282,South Cerney Village,South Cotswolds
5283,Broughton Astley South & Leire,South Leicestershire
5284,"Brasted, Chevening and Sundridge",Sevenoaks
5285,"Ashby de la Launde, Digby & Scopwick",Sleaford and North Hykeham
5286,St Alphege,Solihull West and Shirley
5287,West Purbeck,South Dorset
5288,Battlefield,Shrewsbury
5289,Tetbury East & Rural,South Cotswolds
5290,Dunton,South Leicestershire
5291,Seal and Weald,Sevenoaks
5292,Bassingham Rural,Sleaford and North Hykeham
5293,Shirley East,Solihull West and Shirley
5294,Westham,South Dorset
5295,Callington & St Dominic,South East Cornwall
5296,Calstock,South East Cornwall
5297,Liskeard Central,South East Cornwall
5298,Liskeard South & Dobwalls,South East Cornwall
5299,Looe East & Deviock,South East Cornwall
5300,"Looe West, Pelynt, Lansallos & Lanteglos",South East Cornwall
5301,Lostwithiel & Lanreath,South East Cornwall
5302,Lynher,South East Cornwall
5303,Rame Peninsula & St Germans,South East Cornwall
5304,St Cleer & Menheniot,South East Cornwall
5305,Saltash Essa,South East Cornwall
5306,Saltash Tamar,South East Cornwall
5307,Saltash Trematon & Landrake,South East Cornwall
5308,Torpoint,South East Cornwall
5309,Crowland and Deeping St Nicholas,South Holland and the Deepings
5310,"Donington, Quadring and Gosberton",South Holland and the Deepings
5311,Fleet,South Holland and the Deepings
5312,Gedney,South Holland and the Deepings
5313,Holbeach Hurn,South Holland and the Deepings
5314,Holbeach Town,South Holland and the Deepings
5315,Long Sutton,South Holland and the Deepings
5316,"Moulton, Weston and Cowbit",South Holland and the Deepings
5317,Pinchbeck and Surfleet,South Holland and the Deepings
5318,Spalding Castle,South Holland and the Deepings
5319,Spalding Monks House,South Holland and the Deepings
5320,Spalding St John's,South Holland and the Deepings
5321,Spalding St Mary's,South Holland and the Deepings
5322,Spalding St Paul's,South Holland and the Deepings
5323,Spalding Wygate,South Holland and the Deepings
5324,Sutton Bridge,South Holland and the Deepings
5325,The Saints,South Holland and the Deepings
5326,Whaplode and Holbeach St John's,South Holland and the Deepings
5327,Deeping St James,South Holland and the Deepings
5328,Market & West Deeping,South Holland and the Deepings
5329,Blaby,South Leicestershire
5330,Cosby & South Whetstone,South Leicestershire
5331,Countesthorpe,South Leicestershire
5332,Enderby,South Leicestershire
5333,Fosse Highcross,South Leicestershire
5334,Fosse Normanton,South Leicestershire
5335,Fosse Stoney Cove,South Leicestershire
5336,Glen Parva,South Leicestershire
5337,Leicester Forest & Lubbesthorpe,South Leicestershire
5338,"Bayston Hill, Column and Sutton",Shrewsbury
5339,Belle Vue,Shrewsbury
5340,Shirley South,Solihull West and Shirley
5341,Burngreave,Sheffield Brightside and Hillsborough
5342,Tetbury Town,South Cotswolds
5343,Firth Park,Sheffield Brightside and Hillsborough
5344,Fleckney,South Leicestershire
5345,Bowbrook,Shrewsbury
5346,Shirley West,Solihull West and Shirley
5347,Billinghay Rural,Sleaford and North Hykeham
5348,Lutterworth East,South Leicestershire
5349,Tetbury with Upton,South Cotswolds
5350,Hillsborough,Sheffield Brightside and Hillsborough
5351,Branston,Sleaford and North Hykeham
5352,Castlefields and Ditherington,Shrewsbury
5353,Chadwell St Mary,South Basildon and East Thurrock
5354,Lutterworth West,South Leicestershire
5355,The Ampneys & Hampton,South Cotswolds
5356,Shiregreen and Brightside,Sheffield Brightside and Hillsborough
5357,"Cranwell, Leasingham & Wilsford",Sleaford and North Hykeham
5358,Copthorne,Shrewsbury
5359,Corringham and Fobbing,South Basildon and East Thurrock
5360,Misterton,South Leicestershire
5361,The Beeches,South Cotswolds
5362,Southey,Sheffield Brightside and Hillsborough
5363,Heighington & Washingborough,Sleaford and North Hykeham
5364,Hykeham Central,Sleaford and North Hykeham
5365,Harlescott,Shrewsbury
5366,East Tilbury,South Basildon and East Thurrock
5367,Ullesthorpe,South Leicestershire
5368,Watermoor,South Cotswolds
5369,Broomhill and Sharrow Vale,Sheffield Central
5370,Longden,Shrewsbury
5371,Hykeham Fosse,Sleaford and North Hykeham
5372,Brooke,South Norfolk
5373,Orsett,South Basildon and East Thurrock
5374,City,Sheffield Central
5375,Stratton,South Cotswolds
5376,Loton,Shrewsbury
5377,Hykeham Memorial,Sleaford and North Hykeham
5378,Central Wymondham,South Norfolk
5379,Stanford East and Corringham Town,South Basildon and East Thurrock
5380,Nether Edge and Sharrow,Sheffield Central
5381,Kingswood,South Cotswolds
5382,Meole,Shrewsbury
5383,Kirkby la Thorpe & South Kyme,Sleaford and North Hykeham
5384,Cringleford,South Norfolk
5385,Stanford-le-Hope West,South Basildon and East Thurrock
5386,Walkley,Sheffield Central
5387,Aston,South Derbyshire
5388,Rea Valley,Shrewsbury
5389,Metheringham Rural,Sleaford and North Hykeham
5390,Easton,South Norfolk
5391,The Homesteads,South Basildon and East Thurrock
5392,Crookes and Crosspool,Sheffield Hallam
5393,Church Gresley,South Derbyshire
5394,Monkmoor,Shrewsbury
5395,Navenby & Brant Broughton,Sleaford and North Hykeham
5396,Forncett,South Norfolk
5397,Langdon Hills,South Basildon and East Thurrock
5398,Porthill,Shrewsbury
5399,Dore and Totley,Sheffield Hallam
5400,Quarry and Coton Hill,Shrewsbury
5401,Ruskington,Sleaford and North Hykeham
5402,Radbrook,Shrewsbury
5403,Ecclesall,Sheffield Hallam
5404,Nethermayne,South Basildon and East Thurrock
5405,Etwall,South Derbyshire
5406,Hempnall,South Norfolk
5407,Skellingthorpe & Eagle,Sleaford and North Hykeham
5408,Sundorne,Shrewsbury
5409,Linton,South Derbyshire
5410,Fulwood,Sheffield Hallam
5411,Hethersett,South Norfolk
5412,Pitsea North West,South Basildon and East Thurrock
5413,Sleaford Castle,Sleaford and North Hykeham
5414,Tern,Shrewsbury
5415,Melbourne,South Derbyshire
5416,Stannington,Sheffield Hallam
5417,Loddon & Chedgrave,South Norfolk
5418,Pitsea South East,South Basildon and East Thurrock
5419,Sleaford Holdingham,Sleaford and North Hykeham
5420,Underdale,Shrewsbury
5421,Midway,South Derbyshire
5422,Beauchief and Greenhill,Sheffield Heeley
5423,Mulbarton & Stoke Holy Cross,South Norfolk
5424,Cherry Hinton,South Cambridgeshire
5425,Sleaford Navigation,Sleaford and North Hykeham
5426,"Bobbing, Iwade and Lower Halstow",Sittingbourne and Sheppey
5427,Newhall and Stanton,South Derbyshire
5428,Gleadless Valley,Sheffield Heeley
5429,Newton Flotman,South Norfolk
5430,Queen Edith's,South Cambridgeshire
5431,Sleaford Quarrington & Mareham,Sleaford and North Hykeham
5432,Repton,South Derbyshire
5433,Borden and Grove Park,Sittingbourne and Sheppey
5434,Graves Park,Sheffield Heeley
5435,North Wymondham,South Norfolk
5436,Balsham,South Cambridgeshire
5437,Sleaford Westholme,Sleaford and North Hykeham
5438,Chalkwell,Sittingbourne and Sheppey
5439,Old Costessey,South Norfolk
5440,Waddington Rural,Sleaford and North Hykeham
5441,Seales,South Derbyshire
5442,Barrington,South Cambridgeshire
5443,Manor Castle,Sheffield Heeley
5444,"Hartlip, Newington and Upchurch",Sittingbourne and Sheppey
5445,"Poringland, Framinghams & Trowse",South Norfolk
5446,Witham St Hughs & Swinderby,Sleaford and North Hykeham
5447,Stenson,South Derbyshire
5448,Bassingbourn,South Cambridgeshire
5449,Park and Arbourthorne,Sheffield Heeley
5450,Homewood,Sittingbourne and Sheppey
5451,Rockland,South Norfolk
5452,Baylis & Salt Hill,Slough
5453,Swadlincote,South Derbyshire
5454,Fen Ditton & Fulbourn,South Cambridgeshire
5455,Richmond,Sheffield Heeley
5456,Kemsley,Sittingbourne and Sheppey
5457,South Wymondham,South Norfolk
5458,Britwell,Slough
5459,Willington and Findern,South Derbyshire
5460,Foxton,South Cambridgeshire
5461,Beighton,Sheffield South East
5462,Milton Regis,Sittingbourne and Sheppey
5463,Stratton,South Norfolk
5464,Chalvey,Slough
5465,Woodville,South Derbyshire
5466,Gamlingay,South Cambridgeshire
5467,Hardwick,South Cambridgeshire
5468,Harston & Comberton,South Cambridgeshire
5469,Linton,South Cambridgeshire
5470,Melbourn,South Cambridgeshire
5471,Shelford,South Cambridgeshire
5472,The Mordens,South Cambridgeshire
5473,Whittlesford,South Cambridgeshire
5474,Duxford,South Cambridgeshire
5475,Sawston,South Cambridgeshire
5476,Brinkworth,South Cotswolds
5477,By Brook,South Cotswolds
5478,Cricklade & Latton,South Cotswolds
5479,Kington,South Cotswolds
5480,Malmesbury,South Cotswolds
5481,Minety,South Cotswolds
5482,Purton,South Cotswolds
5483,Sherston,South Cotswolds
5484,Abbey,South Cotswolds
5485,Chesterton,South Cotswolds
5486,Fairford North,South Cotswolds
5487,Four Acres,South Cotswolds
5488,Grumbolds Ash with Avening,South Cotswolds
5489,Birley,Sheffield South East
5490,Thurlton,South Norfolk
5491,Minster Cliffs,Sittingbourne and Sheppey
5492,Darnall,Sheffield South East
5493,Churston with Galmpton,South Devon
5494,Irchester,South Northamptonshire
5495,Murston,Sittingbourne and Sheppey
5496,Mosborough,Sheffield South East
5497,Collaton St Mary,South Devon
5498,Brackley,South Northamptonshire
5499,Queenborough and Halfway,Sittingbourne and Sheppey
5500,Cippenham Green,Slough
5501,Richmond,Sheffield South East
5502,Furzeham with Summercombe,South Devon
5503,Bugbrooke,South Northamptonshire
5504,Roman,Sittingbourne and Sheppey
5505,Cippenham Manor,Slough
5506,Deanshanger,South Northamptonshire
5507,King's Ash,South Devon
5508,Woodhouse,Sheffield South East
5509,Sheerness,Sittingbourne and Sheppey
5510,Cippenham Village,Slough
5511,Hackleton and Grange Park,South Northamptonshire
5512,St Peter's with St Mary's,South Devon
5513,Hucknall Central,Sherwood Forest
5514,Sheppey Central,Sittingbourne and Sheppey
5515,Elliman,Slough
5516,Middleton Cheney,South Northamptonshire
5517,Allington & Strete,South Devon
5518,Sheppey East,Sittingbourne and Sheppey
5519,Hucknall North,Sherwood Forest
5520,Farnham,Slough
5521,Blackawton & Stoke Fleming,South Devon
5522,Silverstone,South Northamptonshire
5523,Hucknall South,Sherwood Forest
5524,Haymill,Slough
5525,Charterlands,South Devon
5526,The Meads,Sittingbourne and Sheppey
5527,Towcester and Roade,South Northamptonshire
5528,Hucknall West,Sherwood Forest
5529,Herschel Park,Slough
5530,Dartington & Staverton,South Devon
5531,Woodstock,Sittingbourne and Sheppey
5532,"Croston, Mawdesley & Euxton South",South Ribble
5533,Calverton,Sherwood Forest
5534,Langley Marish,Slough
5535,Dartmouth & East Dart,South Devon
5536,Aire Valley,Skipton and Ripon
5537,"Eccleston, Heskin & Charnock Richard",South Ribble
5538,Newstead Abbey,Sherwood Forest
5539,Langley Meads,Slough
5540,Kingsbridge,South Devon
5541,Bentham & Ingleton,Skipton and Ripon
5542,Broad Oak,South Ribble
5543,Bilsthorpe,Sherwood Forest
5544,Langley St Mary's,Slough
5545,Loddiswell & Aveton Gifford,South Devon
5546,"Glusburn, Cross Hills & Sutton-in-Craven",Skipton and Ripon
5547,Broadfield,South Ribble
5548,Boughton,Sherwood Forest
5549,Manor Park & Stoke,Slough
5550,Marldon & Littlehempston,South Devon
5551,Masham & Fountains,Skipton and Ripon
5552,Buckshaw & Worden,South Ribble
5553,Dover Beck,Sherwood Forest
5554,Edwinstowe & Clipstone,Sherwood Forest
5555,Northborough & Lynch Hill Valley,Slough
5556,Charnock,South Ribble
5557,Salcombe & Thurlestone,South Devon
5558,Mid Craven,Skipton and Ripon
5559,Farnsfield,Sherwood Forest
5560,Slough Central,Slough
5561,South Brent,South Devon
5562,Earnshaw Bridge,South Ribble
5563,Pateley Bridge & Nidderdale,Skipton and Ripon
5564,Lowdham,Sherwood Forest
5565,Upton,Slough
5566,Stokenham,South Devon
5567,Farington East,South Ribble
5568,Ripon Minster & Moorside,Skipton and Ripon
5569,Ollerton,Sherwood Forest
5570,Upton Lea,Slough
5571,Totnes,South Devon
5572,Farington West,South Ribble
5573,Ripon Ure Bank & Spa,Skipton and Ripon
5574,Rainworth North & Rufford,Sherwood Forest
5575,Wexham Court,Slough
5576,West Dart,South Devon
5577,Hoole,South Ribble
5578,Settle & Penyghent,Skipton and Ripon
5579,Rainworth South & Blidworth,Sherwood Forest
5580,Abbey,Smethwick
5581,Chickerell,South Dorset
5582,Howick & Priory,South Ribble
5583,Skipton East & South,Skipton and Ripon
5584,Baildon,Shipley
5585,Blackheath,Smethwick
5586,Crossways,South Dorset
5587,Leyland Central,South Ribble
5588,Skipton North & Embsay-with-Eastby,Skipton and Ripon
5589,Bingley,Shipley
5590,Littlemoor & Preston,South Dorset
5591,Bristnall,Smethwick
5592,Bingley Rural,Shipley
5593,Longton & Hutton West,South Ribble
5594,Middleforth,South Ribble
5595,Langley,Smethwick
5596,Melcombe Regis,South Dorset
5597,Old Warley,Smethwick
5598,Portland,South Dorset
5599,St Pauls,Smethwick
5600,North West Cosford,South Suffolk
5601,Orwell,South Suffolk
5602,South East Cosford,South Suffolk
5603,Sproughton & Pinewood,South Suffolk
5604,Stour,South Suffolk
5605,Sudbury North East,South Suffolk
5606,Sudbury North West,South Suffolk
5607,Sudbury South East,South Suffolk
5608,Sudbury South West,South Suffolk
5609,Plympton Chaddlewood,South West Devon
5610,Plympton Erle,South West Devon
5611,Plympton St Mary,South West Devon
5612,Plymstock Dunstone,South West Devon
5613,Plymstock Radford,South West Devon
5614,Bickleigh & Cornwood,South West Devon
5615,Ermington & Ugborough,South West Devon
5616,Ivybridge East,South West Devon
5617,Ivybridge West,South West Devon
5618,Newton & Yealmpton,South West Devon
5619,Wembury & Brixton,South West Devon
5620,Woolwell,South West Devon
5621,Buckland Monachorum,South West Devon
5622,Burrator,South West Devon
5623,Kings Langley,South West Hertfordshire
5624,Sunbury East,Spelthorne
5625,Abbots Langley & Bedmond,South West Hertfordshire
5626,Carpenders Park,South West Hertfordshire
5627,Chorleywood North & Sarratt,South West Hertfordshire
5628,Chorleywood South & Maple Cross,South West Hertfordshire
5629,Dickinsons,South West Hertfordshire
5630,Durrants,South West Hertfordshire
5631,Gade Valley,South West Hertfordshire
5632,Leavesden,South West Hertfordshire
5633,Moor Park & Eastbury,South West Hertfordshire
5634,Oxhey Hall & Hayling,South West Hertfordshire
5635,Penn & Mill End,South West Hertfordshire
5636,Rickmansworth Town,South West Hertfordshire
5637,South Oxhey,South West Hertfordshire
5638,Ashill,South West Norfolk
5639,Bedingfeld,South West Norfolk
5640,Forest,South West Norfolk
5641,Guiltcross,South West Norfolk
5642,Harling & Heathlands,South West Norfolk
5643,Nar Valley,South West Norfolk
5644,Swaffham,South West Norfolk
5645,Thetford Boudica,South West Norfolk
5646,Thetford Burrell,South West Norfolk
5647,Thetford Castle,South West Norfolk
5648,Thetford Priory,South West Norfolk
5649,Airfield,South West Norfolk
5650,Denver,South West Norfolk
5651,Highfields & Western Downs,Stafford
5652,Downham Old Town,South West Norfolk
5653,Eccleston,St Helens South and Whiston
5654,Moss Side,South Ribble
5655,Shoeburyness,Southend East and Rochford
5656,Longmeadow,Stevenage
5657,Peasley Cross & Fingerpost,St Helens South and Whiston
5658,East Downham,South West Norfolk
5659,Southchurch,Southend East and Rochford
5660,Birstall and Birkenshaw,Spen Valley
5661,New Longton & Hutton East,South Ribble
5662,Rainhill,St Helens South and Whiston
5663,Cleckheaton,Spen Valley
5664,Holmcroft,Stafford
5665,Manor,Stevenage
5666,Dalton,Spen Valley
5667,Thorpe,Southend East and Rochford
5668,St Ambrose,South Ribble
5669,Emneth & Outwell,South West Norfolk
5670,Martins Wood,Stevenage
5671,Littleworth,Stafford
5672,Seven Stars,South Ribble
5673,Victoria,Southend East and Rochford
5674,Heckmondwike,Spen Valley
5675,St Helens Town Centre,St Helens South and Whiston
5676,Old Town,Stevenage
5677,Liversedge and Gomersal,Spen Valley
5678,Feltwell,South West Norfolk
5679,West Shoebury,Southend East and Rochford
5680,Beacon and Bents,South Shields
5681,Sutton North West,St Helens South and Whiston
5682,Roebuck,Stevenage
5683,Mirfield,Spen Valley
5684,Methwold,South West Norfolk
5685,Sutton South East,St Helens South and Whiston
5686,Shephall,Stevenage
5687,Batchwood,St Albans
5688,Manor,Stafford
5689,Foulness and The Wakerings,Southend East and Rochford
5690,Biddick and All Saints,South Shields
5691,Penkside,Stafford
5692,North Downham,South West Norfolk
5693,St Nicholas,Stevenage
5694,Bernards Heath,St Albans
5695,Cleadon and East Boldon,South Shields
5696,Roche North and Rural,Southend East and Rochford
5697,Rowley,Stafford
5698,Thatto Heath,St Helens South and Whiston
5699,South Downham,South West Norfolk
5700,Roche South,Southend East and Rochford
5701,Cleadon Park,South Shields
5702,Seighford & Church Eaton,Stafford
5703,Symonds Green,Stevenage
5704,West Park,St Helens South and Whiston
5705,Harton,South Shields
5706,"Tilney, Mershe Lande & Wiggenhall",South West Norfolk
5707,Woodfield,Stevenage
5708,Belfairs,Southend West and Leigh
5709,Weeping Cross & Wildwood,Stafford
5710,Clarence,St Albans
5711,Horsley Hill,South Shields
5712,Brinnington & Stockport Central,Stockport
5713,Blenheim Park,Southend West and Leigh
5714,Helston South & Meneage,St Ives
5715,Alton,Staffordshire Moorlands
5716,Colney Heath,St Albans
5717,Upwell & Delph,South West Norfolk
5718,Cheadle East & Cheadle Hulme North,Stockport
5719,Land's End,St Ives
5720,Bagnall and Stanley,Staffordshire Moorlands
5721,Watlington,South West Norfolk
5722,Davenport & Cale Green,Stockport
5723,"Ludgvan, Madron, Gulval & Heamoor",St Ives
5724,Cunningham,St Albans
5725,Simonside and Rekendyke,South Shields
5726,Chalkwell,Southend West and Leigh
5727,Biddulph East,Staffordshire Moorlands
5728,"Mousehole, Newlyn & St Buryan",St Ives
5729,Wissey,South West Norfolk
5730,Edgeley,Stockport
5731,Hill End,St Albans
5732,Biddulph Moor,Staffordshire Moorlands
5733,Eastwood Park,Southend West and Leigh
5734,Biddulph North,Staffordshire Moorlands
5735,Mullion & St Keverne,St Ives
5736,Ethandune,South West Wiltshire
5737,London Colney,St Albans
5738,Penzance East,St Ives
5739,Hilperton,South West Wiltshire
5740,Biddulph South,Staffordshire Moorlands
5741,Leigh,Southend West and Leigh
5742,Heatons North,Stockport
5743,Westoe,South Shields
5744,Heatons South,Stockport
5745,Mere,South West Wiltshire
5746,West Park,South Shields
5747,Park Street,St Albans
5748,Reddish North,Stockport
5749,Prittlewell,Southend West and Leigh
5750,Biddulph West,Staffordshire Moorlands
5751,Penzance Promenade,St Ives
5752,Southwick,South West Wiltshire
5753,Whitburn and Marsden,South Shields
5754,Sopwell,St Albans
5755,Reddish South,Stockport
5756,St Laurence,Southend West and Leigh
5757,Brown Edge and Endon,Staffordshire Moorlands
5758,"Porthleven, Breage & Germoe",St Ives
5759,Trowbridge Adcroft,South West Wiltshire
5760,Whiteleas,South Shields
5761,St Peters,St Albans
5762,Billingham Central,Stockton North
5763,St. Luke's,Southend West and Leigh
5764,Caverswall,Staffordshire Moorlands
5765,"Crowan, Sithney & Wendron",St Ives
5766,Trowbridge Central,South West Wiltshire
5767,Westborough,Southend West and Leigh
5768,Billingham East,Stockton North
5769,Alveley and Claverley,South Shropshire
5770,Cellarhead,Staffordshire Moorlands
5771,Trowbridge Drynham,South West Wiltshire
5772,Billingham North,Stockton North
5773,Bishop's Castle,South Shropshire
5774,West Leigh,Southend West and Leigh
5775,Helston North,St Ives
5776,St Stephen,St Albans
5777,Billingham South,Stockton North
5778,Cheadle North East,Staffordshire Moorlands
5779,Arnos Grove,Southgate and Wood Green
5780,"Long Rock, Marazion & St Erth",St Ives
5781,Bridgnorth East and Astley Abbotts,South Shropshire
5782,Verulam,St Albans
5783,Trowbridge Grove,South West Wiltshire
5784,Billingham West & Wolviston,Stockton North
5785,Cheadle South East,Staffordshire Moorlands
5786,Bowes,Southgate and Wood Green
5787,"St Ives East, Lelant & Carbis Bay",St Ives
5788,Bridgnorth West and Tasley,South Shropshire
5789,Marshalswick East & Jersey Farm,St Albans
5790,Trowbridge Lambrok,South West Wiltshire
5791,Eaglescliffe East,Stockton North
5792,Cheadle West,Staffordshire Moorlands
5793,Cockfosters,Southgate and Wood Green
5794,St Ives West & Towednack,St Ives
5795,Broseley,South Shropshire
5796,Marshalswick West,St Albans
5797,Trowbridge Park,South West Wiltshire
5798,Grangefield,Stockton North
5799,New Southgate,Southgate and Wood Green
5800,Brown Clee,South Shropshire
5801,"Fowey, Tywardreath & Par",St Austell and Newquay
5802,Hardwick & Salters Lane,Stockton North
5803,Trowbridge Paxcroft,South West Wiltshire
5804,Burnell,South Shropshire
5805,Hartburn,Stockton North
5806,Cheddleton,Staffordshire Moorlands
5807,Newquay Central & Pentire,St Austell and Newquay
5808,Oakwood,Southgate and Wood Green
5809,Bryher,St Ives
5810,Chirbury and Worthen,South Shropshire
5811,Newtown,Stockton North
5812,Palmers Green,Southgate and Wood Green
5813,Warminster Broadway,South West Wiltshire
5814,Newquay Porth & Tretherras,St Austell and Newquay
5815,St Agnes,St Ives
5816,Church Stretton and Craven Arms,South Shropshire
5817,Churnet,Staffordshire Moorlands
5818,Northern Parishes,Stockton North
5819,Southgate,Southgate and Wood Green
5820,Warminster East,South West Wiltshire
5821,Penwithick & Boscoppa,St Austell and Newquay
5822,St Martin's,St Ives
5823,Clee,South Shropshire
5824,Dane,Staffordshire Moorlands
5825,Norton Central,Stockton North
5826,Bounds Green,Southgate and Wood Green
5827,Warminster North & Rural,South West Wiltshire
5828,Roche & Bugle,St Austell and Newquay
5829,St Mary's,St Ives
5830,Cleobury Mortimer,South Shropshire
5831,Hamps Valley,Staffordshire Moorlands
5832,Norton North,Stockton North
5833,Warminster West,South West Wiltshire
5834,Noel Park,Southgate and Wood Green
5835,Tresco,St Ives
5836,St Blazey,St Austell and Newquay
5837,Clun,South Shropshire
5838,Norton South,Stockton North
5839,Horton,Staffordshire Moorlands
5840,St Stephen-in-Brannel,St Austell and Newquay
5841,Corvedale,South Shropshire
5842,Ropner,Stockton North
5843,Ipstones,Staffordshire Moorlands
5844,Fenstanton,St Neots and Mid Cambridgeshire
5845,Westbury East,South West Wiltshire
5846,St Austell Poltair & Mount Charles,St Austell and Newquay
5847,White Hart Lane,Southgate and Wood Green
5848,Highley,South Shropshire
5849,Roseworth,Stockton North
5850,Leek East,Staffordshire Moorlands
5851,Great Paxton,St Neots and Mid Cambridgeshire
5852,Westbury North,South West Wiltshire
5853,Mevagissey & St Austell Bay,St Austell and Newquay
5854,Woodside,Southgate and Wood Green
5855,Ludlow East,South Shropshire
5856,Stockton Town Centre,Stockton North
5857,Leek North,Staffordshire Moorlands
5858,St Neots East,St Neots and Mid Cambridgeshire
5859,Westbury West,South West Wiltshire
5860,Newquay Trenance,St Austell and Newquay
5861,Burscough Bridge & Rufford,Southport
5862,Ludlow North,South Shropshire
5863,Bishopsgarth & Elm Tree,Stockton West
5864,Leek South,Staffordshire Moorlands
5865,St Neots Eatons,St Neots and Mid Cambridgeshire
5866,Wylye Valley,South West Wiltshire
5867,St Austell Bethel & Holmbush,St Austell and Newquay
5868,St Austell Central & Gover,St Austell and Newquay
5869,St Columb Minor & Colan,St Austell and Newquay
5870,St Dennis & St Enoder,St Austell and Newquay
5871,St Mewan & Grampound,St Austell and Newquay
5872,"St Newlyn East, Cubert & Goonhavern",St Austell and Newquay
5873,Billinge & Seneley Green,St Helens North
5874,Blackbrook,St Helens North
5875,Haydock,St Helens North
5876,Moss Bank,St Helens North
5877,Newton-le-Willows East,St Helens North
5878,Newton-le-Willows West,St Helens North
5879,Parr,St Helens North
5880,Rainford,St Helens North
5881,Sutton South East,St Helens North
5882,Windle,St Helens North
5883,Prescot South,St Helens South and Whiston
5884,Whiston and Cronton,St Helens South and Whiston
5885,Bold & Lea Green,St Helens South and Whiston
5886,North Meols & Hesketh Bank,Southport
5887,St Neots Eynesbury,St Neots and Mid Cambridgeshire
5888,Leek West,Staffordshire Moorlands
5889,Eaglescliffe East,Stockton West
5890,Tarleton Village,Southport
5891,Ludlow South,South Shropshire
5892,St Neots Priory Park & Little Paxton,St Neots and Mid Cambridgeshire
5893,Manifold,Staffordshire Moorlands
5894,Eaglescliffe West,Stockton West
5895,Birkdale,Southport
5896,Much Wenlock,South Shropshire
5897,Bar Hill,St Neots and Mid Cambridgeshire
5898,Werrington,Staffordshire Moorlands
5899,Fairfield,Stockton West
5900,Grangefield,Stockton West
5901,Hartburn,Stockton West
5902,Ingleby Barwick North,Stockton West
5903,Ingleby Barwick South,Stockton West
5904,Northern Parishes,Stockton West
5905,Southern Villages,Stockton West
5906,Stainsby Hill,Stockton West
5907,Village,Stockton West
5908,Yarm,Stockton West
5909,Hurworth,Stockton West
5910,Sadberge & Middleton St George,Stockton West
5911,Abbey Hulton,Stoke-on-Trent Central
5912,Banister & Polygon,Southampton Itchen
5913,Ashton Hurst,Stalybridge and Hyde
5914,Bargate,Southampton Itchen
5915,Severn Valley,South Shropshire
5916,Cambridge,Southport
5917,Dukinfield,Stalybridge and Hyde
5918,Caldecote,St Neots and Mid Cambridgeshire
5919,Bitterne Park,Southampton Itchen
5920,Worfield,South Shropshire
5921,Duke's,Southport
5922,Dukinfield Stalybridge,Stalybridge and Hyde
5923,Girton,St Neots and Mid Cambridgeshire
5924,Harefield,Southampton Itchen
5925,Assington,South Suffolk
5926,Kew,Southport
5927,Hyde Godley,Stalybridge and Hyde
5928,Histon & Impington,St Neots and Mid Cambridgeshire
5929,Peartree,Southampton Itchen
5930,Box Vale,South Suffolk
5931,Meols,Southport
5932,Hyde Newton,Stalybridge and Hyde
5933,Brantham,South Suffolk
5934,Swavesey,St Neots and Mid Cambridgeshire
5935,Brett Vale,South Suffolk
5936,Sholing,Southampton Itchen
5937,Longstanton,St Neots and Mid Cambridgeshire
5938,Bures St Mary & Nayland,South Suffolk
5939,Hyde Werneth,Stalybridge and Hyde
5940,Norwood,Southport
5941,Thornhill,Southampton Itchen
5942,Longdendale,Stalybridge and Hyde
5943,Over & Willingham,St Neots and Mid Cambridgeshire
5944,Ashford Common,Spelthorne
5945,Capel St Mary,South Suffolk
5946,Woolston,Southampton Itchen
5947,Mossley,Stalybridge and Hyde
5948,Cambourne,St Neots and Mid Cambridgeshire
5949,Ashford East,Spelthorne
5950,Chadacre,South Suffolk
5951,Banister & Polygon,Southampton Test
5952,Stalybridge North,Stalybridge and Hyde
5953,Caxton & Papworth,St Neots and Mid Cambridgeshire
5954,Ashford North and Stanwell South,Spelthorne
5955,Copdock & Washbrook,South Suffolk
5956,Bassett,Southampton Test
5957,Stalybridge South,Stalybridge and Hyde
5958,Loggerheads,Stafford
5959,Ashford Town,Spelthorne
5960,East Bergholt,South Suffolk
5961,Bevois,Southampton Test
5962,Codicote & Kimpton,Stevenage
5963,Maer & Whitmore,Stafford
5964,Halliford and Sunbury West,Spelthorne
5965,Ganges,South Suffolk
5966,Coxford,Southampton Test
5967,Baswich,Stafford
5968,Knebworth,Stevenage
5969,Common,Stafford
5970,Laleham and Shepperton Green,Spelthorne
5971,Freemantle,Southampton Test
5972,Coton,Stafford
5973,"Aston, Datchworth & Walkern",Stevenage
5974,Great Cornard,South Suffolk
5975,Millbrook,Southampton Test
5976,Almond Hill,Stevenage
5977,Doxey & Castletown,Stafford
5978,Hadleigh North,South Suffolk
5979,Riverside and Laleham,Spelthorne
5980,Portswood,Southampton Test
5981,Bandley Hill & Poplars,Stevenage
5982,Eccleshall,Stafford
5983,Hadleigh South,South Suffolk
5984,Shepperton Town,Spelthorne
5985,Redbridge,Southampton Test
5986,Bedwell,Stevenage
5987,Forebridge,Stafford
5988,Lavenham,South Suffolk
5989,Staines,Spelthorne
5990,Shirley,Southampton Test
5991,Chells,Stevenage
5992,Gnosall & Woodseaves,Stafford
5993,Long Melford,South Suffolk
5994,Staines South,Spelthorne
5995,Swaythling,Southampton Test
5996,Stanwell North,Spelthorne
5997,Kursaal,Southend East and Rochford
5998,Sunbury Common,Spelthorne
5999,Milton,Southend East and Rochford
6000,Hailsham South,Sussex Weald
6001,Hailsham West,Sussex Weald
6002,Basford & Hartshill,Stoke-on-Trent Central
6003,Hartfield,Sussex Weald
6004,"Bentilee, Ubberley & Townsend",Stoke-on-Trent Central
6005,Filey,Thirsk and Malton
6006,Heathfield North,Sussex Weald
6007,Great Wyrley Town,"Stone, Great Wyrley and Penkridge"
6008,Whittington & Streethay,Tamworth
6009,Eastern Felixstowe,Suffolk Coastal
6010,Birches Head & Northwood,Stoke-on-Trent Central
6011,Woodside,Telford
6012,Helmsley & Sinnington,Thirsk and Malton
6013,Heathfield South,Sussex Weald
6014,Huntington & Hatherton,"Stone, Great Wyrley and Penkridge"
6015,Tanworth-in-Arden,Stratford-on-Avon
6016,Amington,Tamworth
6017,Kelsale & Yoxford,Suffolk Coastal
6018,Boothen,Stoke-on-Trent Central
6019,Wrockwardine Wood & Trench,Telford
6020,Hillside & Raskelf,Thirsk and Malton
6021,Hellingly,Sussex Weald
6022,"Lapley, Stretton & Wheaton Aston","Stone, Great Wyrley and Penkridge"
6023,Tredington,Stratford-on-Avon
6024,Belgrave,Tamworth
6025,Rendlesham & Orford,Suffolk Coastal
6026,Bucknall & Eaton Park,Stoke-on-Trent Central
6027,Hesters Way,Tewkesbury
6028,Hunmanby & Sherburn,Thirsk and Malton
6029,Horam & Punnetts Town,Sussex Weald
6030,Penkridge North & Acton Trussell,"Stone, Great Wyrley and Penkridge"
6031,Tysoe,Stratford-on-Avon
6032,Bolehall,Tamworth
6033,Southwold,Suffolk Coastal
6034,Etruria & Hanley,Stoke-on-Trent Central
6035,Pittville,Tewkesbury
6036,Kirkbymoorside & Dales,Thirsk and Malton
6037,Mayfield & Five Ashes,Sussex Weald
6038,Penkridge South & Gailey,"Stone, Great Wyrley and Penkridge"
6039,Welford-on-Avon,Stratford-on-Avon
6040,Wellesbourne East & Rural,Stratford-on-Avon
6041,Wellesbourne North & Rural,Stratford-on-Avon
6042,Wootton Wawen,Stratford-on-Avon
6043,Crystal Palace & Upper Norwood,Streatham and Croydon North
6044,Norbury & Pollards Hill,Streatham and Croydon North
6045,Norbury Park,Streatham and Croydon North
6046,Thornton Heath,Streatham and Croydon North
6047,Clapham Park,Streatham and Croydon North
6048,St Martin's,Streatham and Croydon North
6049,Streatham Common & Vale,Streatham and Croydon North
6050,Streatham Hill East,Streatham and Croydon North
6051,Streatham Hill West & Thornton,Streatham and Croydon North
6052,Streatham St Leonard's,Streatham and Croydon North
6053,Streatham Wells,Streatham and Croydon North
6054,Bucklow-St Martins,Stretford and Urmston
6055,Davyhulme,Stretford and Urmston
6056,Flixton,Stretford and Urmston
6057,Gorse Hill & Cornbrook,Stretford and Urmston
6058,Longford,Stretford and Urmston
6059,Lostock & Barton,Stretford and Urmston
6060,Old Trafford,Stretford and Urmston
6061,Stretford & Humphrey Park,Stretford and Urmston
6062,Urmston,Stretford and Urmston
6063,Berkeley Vale,Stroud
6064,Cam East,Stroud
6065,Cam West,Stroud
6066,Coaley and Uley,Stroud
6067,Dursley,Stroud
6068,"Randwick, Whiteshill and Ruscombe",Stroud
6069,Stroud Central,Stroud
6070,Stroud Farmhill and Paganhill,Stroud
6071,Stroud Slade,Stroud
6072,Stroud Uplands,Stroud
6073,Stroud Valley,Stroud
6074,The Stanleys,Stroud
6075,Amberley and Woodchester,Stroud
6076,Chalford,Stroud
6077,Nailsworth,Stroud
6078,Rodborough,Stroud
6079,Stroud Trinity,Stroud
6080,Thrupp,Stroud
6081,Wotton-under-Edge,Stroud
6082,Cainscross,Stroud
6083,Severn,Stroud
6084,Stonehouse,Stroud
6085,Deben,Suffolk Coastal
6086,Castle,Tamworth
6087,Fenton East,Stoke-on-Trent Central
6088,Haywood & Hixon,"Stone, Great Wyrley and Penkridge"
6089,Prestbury,Tewkesbury
6090,Western Felixstowe,Suffolk Coastal
6091,Malton,Thirsk and Malton
6092,"Wrentham, Wangford & Westleton",Suffolk Coastal
6093,Glascote,Tamworth
6094,Springbank,Tewkesbury
6095,Fenton West & Mount Pleasant,Stoke-on-Trent Central
6096,Milford,"Stone, Great Wyrley and Penkridge"
6097,Withyham,Sussex Weald
6098,Milwich,"Stone, Great Wyrley and Penkridge"
6099,"Hanley Park, Joiner's Square & Shelton",Stoke-on-Trent Central
6100,St Michael's & Stonefield,"Stone, Great Wyrley and Penkridge"
6101,Belmont,Sutton and Cheam
6102,Mercian,Tamworth
6103,Aldeburgh & Leiston,Suffolk Coastal
6104,Norton,Thirsk and Malton
6105,Hartshill Park & Stoke,Stoke-on-Trent Central
6106,Swindon Village,Tewkesbury
6107,Walton,"Stone, Great Wyrley and Penkridge"
6108,Cheam,Sutton and Cheam
6109,Spital,Tamworth
6110,Martlesham & Purdis Farm,Suffolk Coastal
6111,Pickering,Thirsk and Malton
6112,Longton & Meir Hay South,Stoke-on-Trent Central
6113,Elmbridge,Tewkesbury
6114,Amblecote,Stourbridge
6115,North Cheam,Sutton and Cheam
6116,Stonecot,Sutton and Cheam
6117,Sutton Central,Sutton and Cheam
6118,Sutton North,Sutton and Cheam
6119,Sutton South,Sutton and Cheam
6120,Sutton West & East Cheam,Sutton and Cheam
6121,Worcester Park North,Sutton and Cheam
6122,Worcester Park South,Sutton and Cheam
6123,Sutton Four Oaks,Sutton Coldfield
6124,Sutton Mere Green,Sutton Coldfield
6125,Sutton Reddicap,Sutton Coldfield
6126,Sutton Roughley,Sutton Coldfield
6127,Sutton Trinity,Sutton Coldfield
6128,Sutton Vesey,Sutton Coldfield
6129,Sutton Walmley & Minworth,Sutton Coldfield
6130,Sutton Wylde Green,Sutton Coldfield
6131,Gorse Hill and Pinehurst,Swindon North
6132,Priory Vale,Swindon North
6133,Rodbourne Cheney,Swindon North
6134,St Andrews,Swindon North
6135,St Margaret and South Marston,Swindon North
6136,Blunsdon and Highworth,Swindon North
6137,Haydon Wick,Swindon North
6138,Penhill and Upper Stratton,Swindon North
6139,Central,Swindon South
6140,Chiseldon and Lawn,Swindon South
6141,Covingham and Dorcan,Swindon South
6142,Eastcott,Swindon South
6143,"Liden, Eldene and Park South",Swindon South
6144,Lydiard and Freshbrook,Swindon South
6145,Mannington and Western,Swindon South
6146,Old Town,Swindon South
6147,Shaw,Swindon South
6148,Walcot and Park North,Swindon South
6149,Bourne Vale,Tamworth
6150,Fazeley,Tamworth
6151,Little Aston & Stonnall,Tamworth
6152,Mease Valley,Tamworth
6153,Shenstone,Tamworth
6154,Brierley Hill & Wordsley South,Stourbridge
6155,"Meir Hay North, Parkhall & Weston Coyney",Stoke-on-Trent Central
6156,Lye & Stourbridge North,Stourbridge
6157,Sheriff Hutton & Derwent,Thirsk and Malton
6158,Melton,Suffolk Coastal
6159,Stonydelph,Tamworth
6160,Netherton & Holly Hall,Stourbridge
6161,Sowerby & Topcliffe,Thirsk and Malton
6162,Moorcroft & Sneyd Green,Stoke-on-Trent Central
6163,Longlevens,Tewkesbury
6164,Norton,Stourbridge
6165,Thirsk,Thirsk and Malton
6166,Trinity,Tamworth
6167,Cleeve St Michael's,Tewkesbury
6168,Pedmore & Stourbridge East,Stourbridge
6169,Orwell & Villages,Suffolk Coastal
6170,Penkhull & Springfields,Stoke-on-Trent Central
6171,Thornton Dale & Wolds,Thirsk and Malton
6172,Wilnecote,Tamworth
6173,Cleeve West,Tewkesbury
6174,Wollaston & Stourbridge Town,Stourbridge
6175,Saxmundham,Suffolk Coastal
6176,Sandford Hill,Stoke-on-Trent Central
6177,Boyd Valley,Thornbury and Yate
6178,Lymm North and Thelwall,Tatton
6179,Northway,Tewkesbury
6180,Forest Gate North,Stratford and Bow
6181,Woodbridge,Suffolk Coastal
6182,Trent Vale & Oak Hill,Stoke-on-Trent Central
6183,Charfield,Thornbury and Yate
6184,Lymm South,Tatton
6185,Severn Vale North,Tewkesbury
6186,Forest Gate South,Stratford and Bow
6187,Barnes,Sunderland Central
6188,"Baddeley, Milton & Norton",Stoke-on-Trent North
6189,Chipping Sodbury & Cotswold Edge,Thornbury and Yate
6190,Alderley Edge,Tatton
6191,Severn Vale South,Tewkesbury
6192,Green Street West,Stratford and Bow
6193,Dodington,Thornbury and Yate
6194,Tewkesbury North & Twyning,Tewkesbury
6195,Chelford,Tatton
6196,Bradeley & Chell Heath,Stoke-on-Trent North
6197,Maryland,Stratford and Bow
6198,Frampton Cotterell,Thornbury and Yate
6199,Tewkesbury South,Tewkesbury
6200,Fulwell,Sunderland Central
6201,Winchcombe,Tewkesbury
6202,Hendon,Sunderland Central
6203,Churchdown Brookfield with Hucclecote,Tewkesbury
6204,Pilning & Severn Beach,Thornbury and Yate
6205,Millfield,Sunderland Central
6206,Stratford,Stratford and Bow
6207,Churchdown St John's,Tewkesbury
6208,Handforth,Tatton
6209,Burslem,Stoke-on-Trent North
6210,Severn Vale,Thornbury and Yate
6211,Pallion,Sunderland Central
6212,Stratford Olympic Park,Stratford and Bow
6213,Cleeve Grange,Tewkesbury
6214,High Legh,Tatton
6215,Burslem Park,Stoke-on-Trent North
6216,Thornbury,Thornbury and Yate
6217,Ryhope,Sunderland Central
6218,Bow East,Stratford and Bow
6219,Cleeve Hill,Tewkesbury
6220,Knutsford,Tatton
6221,Etruria & Hanley,Stoke-on-Trent North
6222,Yate Central,Thornbury and Yate
6223,St Michael's,Sunderland Central
6224,Bow West,Stratford and Bow
6225,Innsworth,Tewkesbury
6226,Mobberley,Tatton
6227,Wilmslow Dean Row,Tatton
6228,Wilmslow East,Tatton
6229,Yate North,Thornbury and Yate
6230,Isbourne,Tewkesbury
6231,Ford Green & Smallthorne,Stoke-on-Trent North
6232,Wilmslow Lacey Green,Tatton
6233,Tewkesbury East,Tewkesbury
6234,Aveley and Uplands,Thurrock
6235,St Peter's,Sunderland Central
6236,Bromley North,Stratford and Bow
6237,Admaston & Bratton,The Wrekin
6238,Alcester East,Stratford-on-Avon
6239,Alcester West,Stratford-on-Avon
6240,Apley Castle,The Wrekin
6241,Goldenhill & Sandyford,Stoke-on-Trent North
6242,Bidford East,Stratford-on-Avon
6243,Arleston & College,The Wrekin
6244,Southwick,Sunderland Central
6245,Belhus,Thurrock
6246,Great Chell & Packmoor,Stoke-on-Trent North
6247,Wilmslow West and Chorley,Tatton
6248,Bidford West,Stratford-on-Avon
6249,Church Aston & Lilleshall,The Wrekin
6250,Normandy & Pirbright,Surrey Heath
6251,Chafford and North Stifford,Thurrock
6252,Marbury,Tatton
6253,Little Chell & Stanfield,Stoke-on-Trent North
6254,Brailes & Compton,Stratford-on-Avon
6255,Donnington,The Wrekin
6256,Bagshot,Surrey Heath
6257,Grays Riverside,Thurrock
6258,Shakerley,Tatton
6259,Moorcroft & Sneyd Green,Stoke-on-Trent North
6260,Claverdon & Snitterfield,Stratford-on-Avon
6261,Tunstall,Stoke-on-Trent North
6262,Grays Thurrock,Thurrock
6263,Edgmond,The Wrekin
6264,Bishop's Hull & Taunton West,Taunton and Wellington
6265,Ercall,The Wrekin
6266,Henley-in-Arden,Stratford-on-Avon
6267,Kidsgrove & Ravenscliffe,Stoke-on-Trent North
6268,Little Thurrock Blackshots,Thurrock
6269,Bisley & West End,Surrey Heath
6270,Little Thurrock Rectory,Thurrock
6271,Blackdown & Neroche,Taunton and Wellington
6272,Newchapel & Mow Cop,Stoke-on-Trent North
6273,Frimley,Surrey Heath
6274,Ercall Magna,The Wrekin
6275,Kinwarton,Stratford-on-Avon
6276,Ockendon,Thurrock
6277,Comeytrowe & Trull,Taunton and Wellington
6278,Talke & Butt Lane,Stoke-on-Trent North
6279,Frimley Green,Surrey Heath
6280,Hadley & Leegomery,The Wrekin
6281,Long Marston,Stratford-on-Avon
6282,South Chafford,Thurrock
6283,Lydeard,Taunton and Wellington
6284,Blurton,Stoke-on-Trent South
6285,Heatherside,Surrey Heath
6286,Haygate & Park,The Wrekin
6287,Quinton,Stratford-on-Avon
6288,Stifford Clays,Thurrock
6289,Monkton & North Curry,Taunton and Wellington
6290,Dresden & Florence,Stoke-on-Trent South
6291,Lightwater,Surrey Heath
6292,Lawley,The Wrekin
6293,Salford Priors & Alcester Rural,Stratford-on-Avon
6294,Tilbury Riverside and Thurrock Park,Thurrock
6295,Tilbury St Chads,Thurrock
6296,West Thurrock and South Stifford,Thurrock
6297,Coseley,Tipton and Wednesbury
6298,Friar Park,Tipton and Wednesbury
6299,Great Bridge,Tipton and Wednesbury
6300,Hateley Heath,Tipton and Wednesbury
6301,Princes End,Tipton and Wednesbury
6302,Tipton Green,Tipton and Wednesbury
6303,Wednesbury North,Tipton and Wednesbury
6304,Wednesbury South,Tipton and Wednesbury
6305,Dulverton & Exmoor,Tiverton and Minehead
6306,Dunster,Tiverton and Minehead
6307,Lydeard,Tiverton and Minehead
6308,Minehead,Tiverton and Minehead
6309,Upper Tone,Tiverton and Minehead
6310,Watchet & Stogursey,Tiverton and Minehead
6311,Canonsleigh,Tiverton and Minehead
6312,Shipston North,Stratford-on-Avon
6313,Rowbarton & Staplegrove,Taunton and Wellington
6314,Muxton,The Wrekin
6315,"Hanford, Newstead & Trentham",Stoke-on-Trent South
6316,Shipston South,Stratford-on-Avon
6317,Mytchett & Deepcut,Surrey Heath
6318,Taunton East,Taunton and Wellington
6319,Newport East,The Wrekin
6320,Hollybush,Stoke-on-Trent South
6321,Stratford Avenue,Stratford-on-Avon
6322,Old Dean,Surrey Heath
6323,Taunton North,Taunton and Wellington
6324,Newport North,The Wrekin
6325,Lightwood North & Normacot,Stoke-on-Trent South
6326,Stratford Bishopton,Stratford-on-Avon
6327,Parkside,Surrey Heath
6328,Taunton South,Taunton and Wellington
6329,Stratford Clopton,Stratford-on-Avon
6330,Newport South,The Wrekin
6331,St Michaels,Surrey Heath
6332,Longton & Meir Hay South,Stoke-on-Trent South
6333,Upper Tone,Taunton and Wellington
6334,St Pauls,Surrey Heath
6335,Stratford Guildhall & Bridgetown,Stratford-on-Avon
6336,"Meir Hay North, Parkhall & Weston Coyney",Stoke-on-Trent South
6337,Newport West,The Wrekin
6338,Wellington,Taunton and Wellington
6339,Town,Surrey Heath
6340,Stratford Hathaway,Stratford-on-Avon
6341,Meir North,Stoke-on-Trent South
6342,Shawbirch & Dothill,The Wrekin
6343,Brookside,Telford
6344,Watchetts,Surrey Heath
6345,Stratford Orchard Hill,Stratford-on-Avon
6346,Meir Park,Stoke-on-Trent South
6347,Wrockwardine,The Wrekin
6348,Dawley & Aqueduct,Telford
6349,Windlesham & Chobham,Surrey Heath
6350,Stratford Shottery,Stratford-on-Avon
6351,Meir South,Stoke-on-Trent South
6352,Albrighton,The Wrekin
6353,Donnington,Telford
6354,"Chiddingly, East Hoathly & Waldron",Sussex Weald
6355,Stratford Tiddington,Stratford-on-Avon
6356,Barlaston,Stoke-on-Trent South
6357,Cheswardine,The Wrekin
6358,Horsehay & Lightmoor,Telford
6359,Crowborough Central,Sussex Weald
6360,Stratford Welcombe,Stratford-on-Avon
6361,Fulford,Stoke-on-Trent South
6362,Swynnerton & Oulton,Stoke-on-Trent South
6363,Checkley,Stoke-on-Trent South
6364,Forsbrook,Stoke-on-Trent South
6365,"Brewood, Coven & Blymhill","Stone, Great Wyrley and Penkridge"
6366,Cheslyn Hay Village,"Stone, Great Wyrley and Penkridge"
6367,Essington,"Stone, Great Wyrley and Penkridge"
6368,"Featherstone, Sharehill & Saredon","Stone, Great Wyrley and Penkridge"
6369,Great Wyrley Landywood,"Stone, Great Wyrley and Penkridge"
6370,Ironbridge Gorge,Telford
6371,Studley North,Stratford-on-Avon
6372,Ketley,Telford
6373,Lawley,Telford
6374,Studley South,Stratford-on-Avon
6375,Madeley & Sutton Hill,Telford
6376,Crowborough Jarvis Brook,Sussex Weald
6377,Malinslee & Dawley Bank,Telford
6378,Crowborough North,Sussex Weald
6379,Hodnet,The Wrekin
6380,Oakengates & Ketley Bank,Telford
6381,Crowborough South East,Sussex Weald
6382,Shifnal North,The Wrekin
6383,Overdale & The Rock,Telford
6384,Crowborough South West,Sussex Weald
6385,Shifnal South and Cosford,The Wrekin
6386,Priorslee,Telford
6387,Crowborough St Johns,Sussex Weald
6388,Aiskew & Leeming,Thirsk and Malton
6389,St Georges,Telford
6390,Framfield & Cross-in-Hand,Sussex Weald
6391,Amotherby & Ampleforth,Thirsk and Malton
6392,The Nedge,Telford
6393,Frant & Wadhurst,Sussex Weald
6394,Bedale,Thirsk and Malton
6395,Hadlow Down & Rotherfield,Sussex Weald
6396,Hailsham Central,Sussex Weald
6397,Hailsham East,Sussex Weald
6398,Hailsham North,Sussex Weald
6399,Hailsham North West,Sussex Weald
6400,Latchford East,Warrington South
6401,Latchford West,Warrington South
6402,Lymm North and Thelwall,Warrington South
6403,Penketh and Cuerdley,Warrington South
6404,Stockton Heath,Warrington South
6405,Bishop's Tachbrook,Warwick and Leamington
6406,Leamington Brunswick,Warwick and Leamington
6407,Leamington Clarendon,Warwick and Leamington
6408,Leamington Lillington,Warwick and Leamington
6409,Leamington Milverton,Warwick and Leamington
6410,Leamington Willes,Warwick and Leamington
6411,Radford Semele,Warwick and Leamington
6412,Warwick All Saints & Woodloes,Warwick and Leamington
6413,Warwick Aylesford,Warwick and Leamington
6414,Warwick Myton & Heathcote,Warwick and Leamington
6415,Warwick Saltisford,Warwick and Leamington
6416,Whitnash,Warwick and Leamington
6417,Castle,Washington and Gateshead South
6418,Redhill,Washington and Gateshead South
6419,Washington Central,Washington and Gateshead South
6420,Washington East,Washington and Gateshead South
6421,Washington North,Washington and Gateshead South
6422,Washington South,Washington and Gateshead South
6423,Washington West,Washington and Gateshead South
6424,Bideford South,Torridge and Tavistock
6425,Birtley,Washington and Gateshead South
6426,Lamesley,Washington and Gateshead South
6427,Bushey North,Watford
6428,Callowland,Watford
6429,Central,Watford
6430,Holywell,Watford
6431,Leggatts,Watford
6432,Meriden,Watford
6433,Nascot,Watford
6434,Oxhey,Watford
6435,Park,Watford
6436,Stanborough,Watford
6437,Tudor,Watford
6438,Vicarage,Watford
6439,Woodside,Watford
6440,"Beck Vale, Dickleburgh & Scole",Waveney Valley
6441,Bressingham & Burston,Waveney Valley
6442,Bunwell,Waveney Valley
6443,Diss & Roydon,Waveney Valley
6444,Ditchingham & Earsham,Waveney Valley
6445,Harleston,Waveney Valley
6446,Bacton,Waveney Valley
6447,Eye,Waveney Valley
6448,Fressingfield,Waveney Valley
6449,Gislingham,Waveney Valley
6450,"Haughley, Stowupland & Wetherden",Waveney Valley
6451,Rothwell,Wakefield and Rothwell
6452,Hoxne & Worlingworth,Waveney Valley
6453,Culverden,Tunbridge Wells
6454,Clare & Shuttern,Tiverton and Minehead
6455,Plaistow South,West Ham and Beckton
6456,Rural Tunbridge Wells,Tunbridge Wells
6457,Mendlesham,Waveney Valley
6458,Bideford West,Torridge and Tavistock
6459,Plaistow West & Canning Town East,West Ham and Beckton
6460,Halberton,Tiverton and Minehead
6461,"Hawkhurst, Sandhurst & Benenden",Tunbridge Wells
6462,Stanley and Outwood East,Wakefield and Rothwell
6463,Palgrave,Waveney Valley
6464,Broadheath,Torridge and Tavistock
6465,Royal Albert,West Ham and Beckton
6466,Rickinghall,Waveney Valley
6467,Lower Culm,Tiverton and Minehead
6468,Stradbroke & Laxfield,Waveney Valley
6469,High Brooms,Tunbridge Wells
6470,Wakefield East,Wakefield and Rothwell
6471,Tiverton Castle,Tiverton and Minehead
6472,Walsham-le-Willows,Waveney Valley
6473,Paddock Wood,Tunbridge Wells
6474,Royal Victoria,West Ham and Beckton
6475,Great Torrington,Torridge and Tavistock
6476,Pantiles,Tunbridge Wells
6477,Tiverton Cranmore,Tiverton and Minehead
6478,West Ham,West Ham and Beckton
6479,Wakefield North,Wakefield and Rothwell
6480,Hartland,Torridge and Tavistock
6481,Bungay & Wainford,Waveney Valley
6482,Park,Tunbridge Wells
6483,Tiverton Lowman,Tiverton and Minehead
6484,Aughton & Holborn,West Lancashire
6485,Wakefield West,Wakefield and Rothwell
6486,Holsworthy,Torridge and Tavistock
6487,Halesworth & Blything,Waveney Valley
6488,Pembury & Capel,Tunbridge Wells
6489,Tiverton Westexe,Tiverton and Minehead
6490,Burscough Bridge & Rufford,West Lancashire
6491,Wrenthorpe and Outwood West,Wakefield and Rothwell
6492,Milton & Tamarside,Torridge and Tavistock
6493,Biddenden,Weald of Kent
6494,Rusthall & Speldhurst,Tunbridge Wells
6495,Upper Culm,Tiverton and Minehead
6496,Burscough Town,West Lancashire
6497,Leasowe and Moreton East,Wallasey
6498,Monkleigh & Putford,Torridge and Tavistock
6499,Charing,Weald of Kent
6500,Cowden and Hever,Tonbridge
6501,Sherwood,Tunbridge Wells
6502,Edenbridge North and East,Tonbridge
6503,Northam,Torridge and Tavistock
6504,Southborough & Bidborough,Tunbridge Wells
6505,Edenbridge South and West,Tonbridge
6506,Downs North,Weald of Kent
6507,Liscard,Wallasey
6508,Old Skelmersdale,West Lancashire
6509,St James',Tunbridge Wells
6510,Shebbear & Langtree,Torridge and Tavistock
6511,Moreton West and Saughall Massie,Wallasey
6512,Isle of Oxney,Weald of Kent
6513,Ormskirk East,West Lancashire
6514,Ash and New Ash Green,Tonbridge
6515,St John's,Tunbridge Wells
6516,Two Rivers & Three Moors,Torridge and Tavistock
6517,New Brighton,Wallasey
6518,Kingsnorth Village & Bridgefield,Weald of Kent
6519,Ormskirk West,West Lancashire
6520,Hartley and Hodsoll Street,Tonbridge
6521,Fulwell & Hampton Hill,Twickenham
6522,Westward Ho!,Torridge and Tavistock
6523,Seacombe,Wallasey
6524,Rolvenden & Tenterden West,Weald of Kent
6525,Rural North East,West Lancashire
6526,Leigh and Chiddingstone Causeway,Tonbridge
6527,Hampton,Twickenham
6528,Winkleigh,Torridge and Tavistock
6529,Upton,Wallasey
6530,Saxon Shore,Weald of Kent
6531,Rural South,West Lancashire
6532,"Penshurst, Fordcombe and Chiddingstone",Tonbridge
6533,Hampton North,Twickenham
6534,Bere Ferrers,Torridge and Tavistock
6535,Wallasey,Wallasey
6536,Tenterden North,Weald of Kent
6537,Tenterden South,Weald of Kent
6538,Tenterden St Michael's,Weald of Kent
6539,Upper Weald,Weald of Kent
6540,Weald Central,Weald of Kent
6541,Weald North,Weald of Kent
6542,Weald South,Weald of Kent
6543,Downs West,Weald of Kent
6544,Goat Lees,Weald of Kent
6545,Boughton Monchelsea & Chart Sutton,Weald of Kent
6546,Coxheath & Farleigh,Weald of Kent
6547,Headcorn & Sutton Valence,Weald of Kent
6548,Leeds & Langley,Weald of Kent
6549,Loose & Linton,Weald of Kent
6550,Marden & Yalding,Weald of Kent
6551,Staplehurst,Weald of Kent
6552,"Cranbrook, Sissinghurst & Frittenden",Weald of Kent
6553,"Hawkhurst, Sandhurst & Benenden",Weald of Kent
6554,Brickhill and Queensway,Wellingborough and Rushden
6555,Croyland and Swanspool,Wellingborough and Rushden
6556,Finedon,Wellingborough and Rushden
6557,Hatton Park,Wellingborough and Rushden
6558,Higham Ferrers,Wellingborough and Rushden
6559,Irchester,Wellingborough and Rushden
6560,Irthlingborough,Wellingborough and Rushden
6561,Rushden Pemberton West,Wellingborough and Rushden
6562,Rushden South,Wellingborough and Rushden
6563,Banwell & Winscombe,Wells and Mendip Hills
6564,Blagdon & Churchill,Wells and Mendip Hills
6565,Congresbury & Puxton,Wells and Mendip Hills
6566,Yatton,Wells and Mendip Hills
6567,Brent,Wells and Mendip Hills
6568,Cheddar,Wells and Mendip Hills
6569,Huntspill,Wells and Mendip Hills
6570,King Alfred,Wells and Mendip Hills
6571,"Birling, Leybourne & Ryarsh",Tonbridge
6572,Hampton Wick & South Teddington,Twickenham
6573,Birchills Leamore,Walsall and Bloxwich
6574,Borough Green & Platt,Tonbridge
6575,Heathfield,Twickenham
6576,Bridestowe,Torridge and Tavistock
6577,Dartmoor,Torridge and Tavistock
6578,Rural West,West Lancashire
6579,St Margarets & North Twickenham,Twickenham
6580,Blakenall,Walsall and Bloxwich
6581,Mary Tavy,Torridge and Tavistock
6582,Skelmersdale North,West Lancashire
6583,Bourne,Tonbridge
6584,South Twickenham,Twickenham
6585,Bloxwich East,Walsall and Bloxwich
6586,Milton Ford,Torridge and Tavistock
6587,Skelmersdale South,West Lancashire
6588,Cage Green & Angel,Tonbridge
6589,Teddington,Twickenham
6590,Bloxwich West,Walsall and Bloxwich
6591,Tamarside,Torridge and Tavistock
6592,Tanhouse & Skelmersdale Town Centre,West Lancashire
6593,"East and West Peckham, Mereworth & Wateringbury",Tonbridge
6594,Twickenham Riverside,Twickenham
6595,Paddock,Walsall and Bloxwich
6596,Tavistock North,Torridge and Tavistock
6597,Up Holland,West Lancashire
6598,"East Malling, West Malling & Offham",Tonbridge
6599,West Twickenham,Twickenham
6600,Palfrey,Walsall and Bloxwich
6601,Tavistock South East,Torridge and Tavistock
6602,Barrow,West Suffolk
6603,Higham,Tonbridge
6604,Chirton & Percy Main,Tynemouth
6605,Pleck,Walsall and Bloxwich
6606,Tavistock South West,Torridge and Tavistock
6607,Brandon Central,West Suffolk
6608,Brandon East,West Suffolk
6609,Brandon West,West Suffolk
6610,Chedburgh & Chevington,West Suffolk
6611,"Clare, Hundon & Kedington",West Suffolk
6612,Exning,West Suffolk
6613,Haverhill Central,West Suffolk
6614,Haverhill East,West Suffolk
6615,Haverhill North,West Suffolk
6616,Haverhill South,West Suffolk
6617,Haverhill South East,West Suffolk
6618,Haverhill West,West Suffolk
6619,Horringer,West Suffolk
6620,Kentford & Moulton,West Suffolk
6621,Lakenheath,West Suffolk
6622,Mildenhall Great Heath,West Suffolk
6623,Mildenhall Kingsway & Market,West Suffolk
6624,Mildenhall Queensway,West Suffolk
6625,Newmarket East,West Suffolk
6626,Newmarket North,West Suffolk
6627,Newmarket West,West Suffolk
6628,Risby,West Suffolk
6629,The Rows,West Suffolk
6630,Whepstead & Wickhambrook,West Suffolk
6631,Withersfield,West Suffolk
6632,Iceni,West Suffolk
6633,Manor,West Suffolk
6634,"Alfrick, Leigh & Rushwick",West Worcestershire
6635,Baldwin,West Worcestershire
6636,Barnards Green,West Worcestershire
6637,Broadheath,West Worcestershire
6638,St Matthew's,Walsall and Bloxwich
6639,Brownswood,Tottenham
6640,Chapel End,Walthamstow
6641,Cullercoats & Whitley Bay South,Tynemouth
6642,Woodberry Down,Tottenham
6643,Hale End & Highams Park South,Walthamstow
6644,High Street,Walthamstow
6645,Higham Hill,Walthamstow
6646,Hoe Street,Walthamstow
6647,Larkswood,Walthamstow
6648,Lea Bridge,Walthamstow
6649,Leyton,Walthamstow
6650,Markhouse,Walthamstow
6651,St James,Walthamstow
6652,Upper Walthamstow,Walthamstow
6653,William Morris,Walthamstow
6654,Wood Street,Walthamstow
6655,Birchwood,Warrington North
6656,Burtonwood and Winwick,Warrington North
6657,"Culcheth, Glazebury and Croft",Warrington North
6658,Fairfield and Howley,Warrington North
6659,Orford,Warrington North
6660,Poplars and Hulme,Warrington North
6661,Poulton North,Warrington North
6662,Poulton South,Warrington North
6663,Rixton and Woolston,Warrington North
6664,Westbrook,Warrington North
6665,Appleton,Warrington South
6666,Bewsey and Whitecross,Warrington South
6667,Chapelford and Old Hall,Warrington South
6668,Grappenhall,Warrington South
6669,Great Sankey North and Whittle Hall,Warrington South
6670,Great Sankey South,Warrington South
6671,Hildenborough,Tonbridge
6672,Mendip Hills,Wells and Mendip Hills
6673,Mendip South,Wells and Mendip Hills
6674,Judd,Tonbridge
6675,Mendip West,Wells and Mendip Hills
6676,Bruce Castle,Tottenham
6677,Pilgrims with Ightham,Tonbridge
6678,Shepton Mallet,Wells and Mendip Hills
6679,Hermitage & Gardens,Tottenham
6680,Northumberland Park,Tottenham
6681,St Ann's,Tottenham
6682,Seven Sisters,Tottenham
6683,South Tottenham,Tottenham
6684,Tottenham Central,Tottenham
6685,Tottenham Hale,Tottenham
6686,West Green,Tottenham
6687,Falmouth Arwenack,Truro and Falmouth
6688,Falmouth Penwerris,Truro and Falmouth
6689,Feock & Kea,Truro and Falmouth
6690,"Gloweth, Malabar & Shortlanesend",Truro and Falmouth
6691,"Mylor, Perranarworthal & Ponsanooth",Truro and Falmouth
6692,"St Goran, Tregony & the Roseland",Truro and Falmouth
6693,Truro Boscawen & Redannick,Truro and Falmouth
6694,Truro Moresk & Trehaverne,Truro and Falmouth
6695,Truro Tregolls,Truro and Falmouth
6696,Falmouth Boslowick,Truro and Falmouth
6697,Falmouth Trescobeas & Budock,Truro and Falmouth
6698,Penryn,Truro and Falmouth
6699,Perranporth,Truro and Falmouth
6700,Probus & St Erme,Truro and Falmouth
6701,St Mewan & Grampound,Truro and Falmouth
6702,"St Newlyn East, Cubert & Goonhavern",Truro and Falmouth
6703,Threemilestone & Chacewater,Truro and Falmouth
6704,Monkseaton,Tynemouth
6705,New York & Murton,Tynemouth
6706,Wells,Wells and Mendip Hills
6707,Trench,Tonbridge
6708,North Shields,Tynemouth
6709,Brookmans Park and Little Heath,Welwyn Hatfield
6710,Vauxhall,Tonbridge
6711,Preston with Preston Grange,Tynemouth
6712,Haldens,Welwyn Hatfield
6713,Balham,Tooting
6714,Furzedown,Tooting
6715,Shiremoor,Tynemouth
6716,South Balham,Tooting
6717,Handside,Welwyn Hatfield
6718,St Mary's,Tynemouth
6719,Tooting Bec,Tooting
6720,Hatfield Central,Welwyn Hatfield
6721,Tynemouth,Tynemouth
6722,Tooting Broadway,Tooting
6723,Hatfield East,Welwyn Hatfield
6724,Whitley Bay North,Tynemouth
6725,Trinity,Tooting
6726,Hatfield South West,Welwyn Hatfield
6727,Colham & Cowley,Uxbridge and South Ruislip
6728,Wandle,Tooting
6729,Hatfield Villages,Welwyn Hatfield
6730,Hillingdon East,Uxbridge and South Ruislip
6731,Wandsworth Common,Tooting
6732,Hollybush,Welwyn Hatfield
6733,Hillingdon West,Uxbridge and South Ruislip
6734,Wandsworth Town,Tooting
6735,Howlands,Welwyn Hatfield
6736,Ickenham & South Harefield,Uxbridge and South Ruislip
6737,Barton with Watcombe,Torbay
6738,Panshanger,Welwyn Hatfield
6739,Ruislip Manor,Uxbridge and South Ruislip
6740,Clifton with Maidenway,Torbay
6741,Peartree,Welwyn Hatfield
6742,South Ruislip,Uxbridge and South Ruislip
6743,Cockington with Chelston,Torbay
6744,Sherrards,Welwyn Hatfield
6745,Uxbridge,Uxbridge and South Ruislip
6746,Ellacombe,Torbay
6747,Welham Green and Hatfield South,Welwyn Hatfield
6748,Yiewsley,Uxbridge and South Ruislip
6749,Goodrington with Roselands,Torbay
6750,Welwyn East,Welwyn Hatfield
6751,Kennington,Vauxhall and Camberwell Green
6752,Preston,Torbay
6753,Welwyn West,Welwyn Hatfield
6754,Myatt's Fields,Vauxhall and Camberwell Green
6755,Roundham with Hyde,Torbay
6756,Charlemont with Grove Vale,West Bromwich
6757,Oval,Vauxhall and Camberwell Green
6758,St Marychurch,Torbay
6759,Great Barr with Yew Tree,West Bromwich
6760,Stockwell East,Vauxhall and Camberwell Green
6761,Shiphay,Torbay
6762,Greets Green and Lyng,West Bromwich
6763,Stockwell West & Larkhall,Vauxhall and Camberwell Green
6764,Tormohun,Torbay
6765,Newton,West Bromwich
6766,Vauxhall,Vauxhall and Camberwell Green
6767,Wellswood,Torbay
6768,Oldbury,West Bromwich
6769,Waterloo & South Bank,Vauxhall and Camberwell Green
6770,Appledore,Torridge and Tavistock
6771,Rowley,West Bromwich
6772,Camberwell Green,Vauxhall and Camberwell Green
6773,Bideford East,Torridge and Tavistock
6774,Tividale,West Bromwich
6775,Newington,Vauxhall and Camberwell Green
6776,Bideford North,Torridge and Tavistock
6777,West Bromwich Central,West Bromwich
6778,Beaminster,West Dorset
6779,Chalk Valleys,West Dorset
6780,Charminster St Mary's,West Dorset
6781,Dorchester East,West Dorset
6782,Dorchester Poundbury,West Dorset
6783,Dorchester West,West Dorset
6784,Lyme & Charmouth,West Dorset
6785,Sherborne East,West Dorset
6786,Sherborne Rural,West Dorset
6787,Sherborne West,West Dorset
6788,Winterborne & Broadmayne,West Dorset
6789,Yetminster,West Dorset
6790,Bridport,West Dorset
6791,Chesil Bank,West Dorset
6792,Eggardon,West Dorset
6793,Marshwood Vale,West Dorset
6794,Beckton,West Ham and Beckton
6795,Canning Town North,West Ham and Beckton
6796,Canning Town South,West Ham and Beckton
6797,Custom House,West Ham and Beckton
6798,Green Street West,West Ham and Beckton
6799,Plaistow North,West Ham and Beckton
6800,"Castlemorton, Welland & Wells",West Worcestershire
6801,Great Malvern,West Worcestershire
6802,Hallow & Holt,West Worcestershire
6803,Kempsey,West Worcestershire
6804,Lindridge,West Worcestershire
6805,Link,West Worcestershire
6806,Longdon,West Worcestershire
6807,Martley,West Worcestershire
6808,Pickersleigh,West Worcestershire
6809,Powick & the Hanleys,West Worcestershire
6810,Tenbury,West Worcestershire
6811,Upper Howsell,West Worcestershire
6812,Upton & Ripple,West Worcestershire
6813,West,West Worcestershire
6814,Bredon,West Worcestershire
6815,Bredon Hill,West Worcestershire
6816,"Broadway, Sedgeberrow & Childswickham",West Worcestershire
6817,Eckington,West Worcestershire
6818,Pershore,West Worcestershire
6819,Appleby and Brough,Westmorland and Lonsdale
6820,New Malden Village,Wimbledon
6821,"Twyford, Ruscombe & Hurst",Wokingham
6822,Brympton,Yeovil
6823,Bowness and Lyth,Westmorland and Lonsdale
6824,Coniston and Hawkshead,Westmorland and Lonsdale
6825,Eamont and Shap,Westmorland and Lonsdale
6826,Eden and Lyvennet Vale,Westmorland and Lonsdale
6827,Grange and Cartmel,Westmorland and Lonsdale
6828,Greystoke and Ullswater,Westmorland and Lonsdale
6829,Kendal Castle,Westmorland and Lonsdale
6830,Kendal Highgate,Westmorland and Lonsdale
6831,Kendal Nether,Westmorland and Lonsdale
6832,Kendal South,Westmorland and Lonsdale
6833,Kendal Strickland and Fell,Westmorland and Lonsdale
6834,Kirkby Stephen and Tebay,Westmorland and Lonsdale
6835,Levens and Crooklands,Westmorland and Lonsdale
6836,Sedbergh and Kirkby Lonsdale,Westmorland and Lonsdale
6837,Upper Kent,Westmorland and Lonsdale
6838,Windermere and Ambleside,Westmorland and Lonsdale
6839,Hutton & Locking,Weston-super-Mare
6840,Weston-super-Mare South,Weston-super-Mare
6841,Weston-super-Mare Central,Weston-super-Mare
6842,Weston-super-Mare Hillside,Weston-super-Mare
6843,Weston-super-Mare Kewstoke,Weston-super-Mare
6844,Weston-super-Mare Mid Worle,Weston-super-Mare
6845,Weston-super-Mare Milton,Weston-super-Mare
6846,Weston-super-Mare North Worle,Weston-super-Mare
6847,Weston-super-Mare South Worle,Weston-super-Mare
6848,Weston-super-Mare Uphill,Weston-super-Mare
6849,Weston-super-Mare Winterstoke,Weston-super-Mare
6850,Wick St Lawrence & St Georges,Weston-super-Mare
6851,Dundonald,Belfast East
6852,Boothstown & Ellenbrook,Worsley and Eccles
6853,Appleton Roebuck & Church Fenton,Wetherby and Easingwold
6854,Boroughbridge & Claro,Wetherby and Easingwold
6855,Easingwold,Wetherby and Easingwold
6856,Witham West,Witham
6857,Cadishead & Lower Irlam,Worsley and Eccles
6858,Enler,Belfast East
6859,Chard North,Yeovil
6860,Eccles,Worsley and Eccles
6861,Graham's Bridge,Belfast East
6862,Chard South,Yeovil
6863,Wescott,Wokingham
6864,Old Malden,Wimbledon
6865,Higher Irlam & Peel Green,Worsley and Eccles
6866,Hatfield Peverel & Terling,Witham
6867,Hillside & Raskelf,Wetherby and Easingwold
6868,Abbey,Belfast North
6869,Coker,Yeovil
6870,Winnersh,Wokingham
6871,Abbey,Wimbledon
6872,Swinton & Wardley,Worsley and Eccles
6873,Silver End & Cressing,Witham
6874,Huby & Tollerton,Wetherby and Easingwold
6875,Ballyhenry,Belfast North
6876,Crewkerne,Yeovil
6877,Wokingham Without,Wokingham
6878,Hillside,Wimbledon
6879,Worsley & Westwood Park,Worsley and Eccles
6880,Witham Central,Witham
6881,Ouseburn,Wetherby and Easingwold
6882,Carnmoney Hill,Belfast North
6883,Ilminster,Yeovil
6884,Short Heath,Wolverhampton North East
6885,Merton Park,Wimbledon
6886,Astley,Worsley and Eccles
6887,Witham North,Witham
6888,Spofforth with Lower Wharfedale & Tockwith,Wetherby and Easingwold
6889,Collinbridge,Belfast North
6890,South Petherton & Islemoor,Yeovil
6891,Willenhall North,Wolverhampton North East
6892,Raynes Park,Wimbledon
6893,Village,Wimbledon
6894,Wandle,Wimbledon
6895,West Barnes,Wimbledon
6896,Wimbledon Park,Wimbledon
6897,Wimbledon Town & Dundonald,Wimbledon
6898,Alresford and Itchen Valley,Winchester
6899,Badger Farm and Oliver's Battery,Winchester
6900,Bishop's Waltham,Winchester
6901,Central Meon Valley,Winchester
6902,Colden Common and Twyford,Winchester
6903,St Barnabas,Winchester
6904,St Bartholomew,Winchester
6905,St Luke,Winchester
6906,St Michael,Winchester
6907,St Paul,Winchester
6908,The Worthys,Winchester
6909,Upper Meon Valley,Winchester
6910,Wonston and Micheldever,Winchester
6911,Colnbrook & Poyle,Windsor
6912,Langley Foxborough,Windsor
6913,Langley Marish,Windsor
6914,Langley St Mary's,Windsor
6915,Ascot & Sunninghill,Windsor
6916,Clewer & Dedworth East,Windsor
6917,Clewer & Dedworth West,Windsor
6918,Clewer East,Windsor
6919,"Datchet, Horton & Wraysbury",Windsor
6920,Eton & Castle,Windsor
6921,Old Windsor,Windsor
6922,Sunningdale & Cheapside,Windsor
6923,Englefield Green East,Windsor
6924,Englefield Green West,Windsor
6925,Virginia Water,Windsor
6926,Clatterbridge,Wirral West
6927,"Greasby, Frankby and Irby",Wirral West
6928,Heswall,Wirral West
6929,Hoylake and Meols,Wirral West
6930,Pensby and Thingwall,Wirral West
6931,Upton,Wirral West
6932,West Kirby and Thurstaston,Wirral West
6933,Coggeshall,Witham
6934,Kelvedon & Feering,Witham
6935,The Colnes,Witham
6936,Witham South,Witham
6937,Bushbury North,Wolverhampton North East
6938,Tadcaster,Wetherby and Easingwold
6939,Marks Tey and Layer,Witham
6940,Glebe,Belfast North
6941,Bushbury South & Low Hill,Wolverhampton North East
6942,Yeovil Central,Yeovil
6943,Wathvale & Bishop Monkton,Wetherby and Easingwold
6944,Glengormley,Belfast North
6945,Stanway,Witham
6946,Leigh South,Worsley and Eccles
6947,Tiptree,Witham
6948,Harewood,Wetherby and Easingwold
6949,Hightown,Belfast North
6950,Tyldesley & Mosley Common,Worsley and Eccles
6951,Fallings Park,Wolverhampton North East
6952,Great Totham,Witham
6953,Yeovil East,Yeovil
6954,Wetherby,Wetherby and Easingwold
6955,O'Neill,Belfast North
6956,Angmering & Findon,Worthing West
6957,Heath Town,Wolverhampton North East
6958,Tollesbury,Witham
6959,Yeovil South,Yeovil
6960,Bransty,Whitehaven and Workington
6961,Rathcoole,Belfast North
6962,East Preston,Worthing West
6963,Oxley,Wolverhampton North East
6964,Tolleshunt D'arcy,Witham
6965,Yeovil West,Yeovil
6966,Cleator Moor East and Frizington,Whitehaven and Workington
6967,Valley,Belfast North
6968,Ferring,Worthing West
6969,St Peters,Wolverhampton North East
6970,Wickham Bishops and Woodham,Witham
6971,Cleator Moor West,Whitehaven and Workington
6972,Acomb,York Central
6973,Whitehouse,Belfast North
6974,Thames,Witney
6975,Castle,Worthing West
6976,Wednesfield North,Wolverhampton North East
6977,Faringdon,Witney
6978,Cockermouth South,Whitehaven and Workington
6979,Ardoyne,Belfast North
6980,Clifton,York Central
6981,Wednesfield South,Wolverhampton North East
6982,Central,Worthing West
6983,Watchfield & Shrivenham,Witney
6984,Egremont,Whitehaven and Workington
6985,Ballysillan,Belfast North
6986,Fishergate,York Central
6987,Bentley and Darlaston North,Wolverhampton South East
6988,Durrington,Worthing West
6989,Kingston Bagpuize,Witney
6990,Egremont North and St Bees,Whitehaven and Workington
6991,Bellevue,Belfast North
6992,Guildhall,York Central
6993,Darlaston South,Wolverhampton South East
6994,Goring,Worthing West
6995,Alvescot and Filkins,Witney
6996,Gosforth,Whitehaven and Workington
6997,Cavehill,Belfast North
6998,Willenhall South,Wolverhampton South East
6999,Heworth,York Central
7000,Heene,Worthing West
7001,Ascott and Shipton,Witney
7002,Bilston North,Wolverhampton South East
7003,Harrington,Whitehaven and Workington
7004,Chichester Park,Belfast North
7005,Holgate,York Central
7006,Marine,Worthing West
7007,Hull Road,York Central
7008,Bilston South,Wolverhampton South East
7009,Micklegate,York Central
7010,Bampton and Clanfield,Witney
7011,Hillcrest and Hensingham,Whitehaven and Workington
7012,Cliftonville,Belfast North
7013,East Park,Wolverhampton South East
7014,Carterton North East,Witney
7015,Westfield,York Central
7016,Northbrook,Worthing West
7017,Carterton South,Witney
7018,Duncairn,Belfast North
7019,Howgate,Whitehaven and Workington
7020,Bishopthorpe,York Outer
7021,Salvington,Worthing West
7022,Ettingshall North,Wolverhampton South East
7023,Ducklington,Witney
7024,Forth River,Belfast North
7025,Kells and Sandwith,Whitehaven and Workington
7026,Copmanthorpe,York Outer
7027,Tarring,Worthing West
7028,Ettingshall South & Spring Vale,Wolverhampton South East
7029,Milton-under-Wychwood,Witney
7030,Fortwilliam,Belfast North
7031,Maryport South,Whitehaven and Workington
7032,Dringhouses & Woodthorpe,York Outer
7033,Abbey,Wycombe
7034,St Peters,Wolverhampton South East
7035,"Standlake, Aston and Stanton Harcourt",Witney
7036,Innisfayle,Belfast North
7037,Millom Without,Whitehaven and Workington
7038,Fulford & Heslington,York Outer
7039,"Booker, Cressex and Castlefield",Wycombe
7040,Blakenhall,Wolverhampton West
7041,Witney Central,Witney
7042,Legoniel,Belfast North
7043,New Lodge,Belfast North
7044,Water Works,Belfast North
7045,Belvoir,Belfast South and Mid Down
7046,Blackstaff,Belfast South and Mid Down
7047,Central,Belfast South and Mid Down
7048,Finaghy,Belfast South and Mid Down
7049,Malone,Belfast South and Mid Down
7050,Musgrave,Belfast South and Mid Down
7051,Ormeau,Belfast South and Mid Down
7052,Ravenhill,Belfast South and Mid Down
7053,Rosetta,Belfast South and Mid Down
7054,Stranmillis,Belfast South and Mid Down
7055,Upper Malone,Belfast South and Mid Down
7056,Windsor,Belfast South and Mid Down
7057,Beechill,Belfast South and Mid Down
7058,Cairnshill,Belfast South and Mid Down
7059,Carryduff East,Belfast South and Mid Down
7060,Carryduff West,Belfast South and Mid Down
7061,Drumbo,Belfast South and Mid Down
7062,Galwally,Belfast South and Mid Down
7063,Knockbracken,Belfast South and Mid Down
7064,Moneyreagh,Belfast South and Mid Down
7065,Newtownbreda,Belfast South and Mid Down
7066,Saintfield,Belfast South and Mid Down
7067,Andersonstown,Belfast West
7068,Bushbury North,Wolverhampton West
7069,Witney East,Witney
7070,Haxby & Wigginton,York Outer
7071,Mirehouse,Whitehaven and Workington
7072,Graiseley,Wolverhampton West
7073,Chiltern Villages,Wycombe
7074,Witney North,Witney
7075,Moss Bay and Moorclose,Whitehaven and Workington
7076,Merry Hill,Wolverhampton West
7077,Downley,Wycombe
7078,Witney South,Witney
7079,St John's and Great Clifton,Whitehaven and Workington
7080,Oxley,Wolverhampton West
7081,Heworth Without,York Outer
7082,Park,Wolverhampton West
7083,St Michael's,Whitehaven and Workington
7084,Ryemead and Micklefield,Wycombe
7085,Huntington & New Earswick,York Outer
7086,Witney West,Witney
7087,Penn,Wolverhampton West
7088,Seaton,Whitehaven and Workington
7089,Terriers and Amersham Hill,Wycombe
7090,Osbaldwick & Derwent,York Outer
7091,Burford,Witney
7092,Appleton,Widnes and Halewood
7093,St Peters,Wolverhampton West
7094,Totteridge and Bowerdean,Wycombe
7095,Rawcliffe & Clifton Without,York Outer
7096,Brize Norton and Shilton,Witney
7097,Bankfield,Widnes and Halewood
7098,Tylers Green and Loudwater,Wycombe
7099,Carterton North West,Witney
7100,Tettenhall Regis,Wolverhampton West
7101,Rural West York,York Outer
7102,Birchfield,Widnes and Halewood
7103,West Wycombe,Wycombe
7104,"Hailey, Minster Lovell and Leafield",Witney
7105,Tettenhall Wightwick,Wolverhampton West
7106,Strensall,York Outer
7107,Central & West Bank,Widnes and Halewood
7108,Aggborough & Spennells,Wyre Forest
7109,Byfleet and West Byfleet,Woking
7110,Arboretum,Worcester
7111,Wheldrake,York Outer
7112,"Ditton, Hale Village & Halebank",Widnes and Halewood
7113,Areley Kings & Riverside,Wyre Forest
7114,Canalside,Woking
7115,Battenhall,Worcester
7116,Ballymacarrett,Belfast East
7117,Farnworth,Widnes and Halewood
7118,Bewdley & Rock,Wyre Forest
7119,Goldsworth Park,Woking
7120,Cathedral,Worcester
7121,Beersbridge,Belfast East
7122,Halton View,Widnes and Halewood
7123,Blakebrook & Habberley South,Wyre Forest
7124,Heathlands,Woking
7125,Claines,Worcester
7126,Belmont,Belfast East
7127,Highfield,Widnes and Halewood
7128,Broadwaters,Wyre Forest
7129,Hoe Valley,Woking
7130,Dines Green & Grove Farm,Worcester
7131,Foley Park & Hoobrook,Wyre Forest
7132,Hough Green,Widnes and Halewood
7133,Franche & Habberley North,Wyre Forest
7134,Horsell,Woking
7135,Fort Royal,Worcester
7136,Bloomfield,Belfast East
7137,Lickhill,Wyre Forest
7138,Leopard Hill,Worcester
7139,Halewood North,Widnes and Halewood
7140,Connswater,Belfast East
7141,Mitton,Wyre Forest
7142,Knaphill,Woking
7143,Lower Wick & Pitmaston,Worcester
7144,Halewood South,Widnes and Halewood
7145,Cregagh,Belfast East
7146,Offmore & Comberton,Wyre Forest
7147,Mount Hermon,Woking
7148,Nunnery,Worcester
7149,Whiston and Cronton,Widnes and Halewood
7150,Gilnahirk,Belfast East
7151,Wribbenhall & Arley,Wyre Forest
7152,Pyrford,Woking
7153,Rainbow Hill,Worcester
7154,"Aspull, New Springs & Whelley",Wigan
7155,Hillfoot,Belfast East
7156,Wyre Forest Rural,Wyre Forest
7157,St John's,Woking
7158,St Clement,Worcester
7159,Douglas,Wigan
7160,Knock,Belfast East
7161,Baguley,Wythenshawe and Sale East
7162,Barkham & Arborfield,Wokingham
7163,St John's,Worcester
7164,Hindley,Wigan
7165,Merok,Belfast East
7166,Brooklands,Wythenshawe and Sale East
7167,Emmbrook,Wokingham
7168,Ince,Wigan
7169,St Nicholas,Worcester
7170,Northenden,Wythenshawe and Sale East
7171,Orangefield,Belfast East
7172,Evendons,Wokingham
7173,Pemberton,Wigan
7174,Sharston,Wythenshawe and Sale East
7175,Finchampstead,Wokingham
7176,Sandown,Belfast East
7177,Shevington with Lower Ground & Moor,Wigan
7178,Woodhouse Park,Wythenshawe and Sale East
7179,Norreys,Wokingham
7180,St Peter's Parish,Worcester
7181,Shandon,Belfast East
7182,Standish with Langtree,Wigan
7183,Brooklands,Wythenshawe and Sale East
7184,Spencers Wood & Swallowfield,Wokingham
7185,St Stephen,Worcester
7186,Stormont,Belfast East
7187,Wigan Central,Wigan
7188,Sale Central,Wythenshawe and Sale East
7189,Thames,Wokingham
7190,Warndon & Elbury Park,Worcester
7191,Sydenham,Belfast East
7192,Wigan West,Wigan
7193,Sale Moor,Wythenshawe and Sale East
7194,Barton & Winton,Worsley and Eccles
7195,Woodstock,Belfast East
7196,Green Lane & St James,Wimbledon
7197,Ballyhanwood,Belfast East
7198,Motspur Park & Old Malden East,Wimbledon
7199,Carrowreagh,Belfast East
7200,Scrabo,Strangford
7201,West Winds,Strangford
7202,Castlerock,East Londonderry
7203,Banbridge East,South Down
7204,Ballybay,Upper Bann
7205,Banbridge East,Upper Bann
7206,Banbridge North,Upper Bann
7207,Banbridge South,Upper Bann
7208,Banbridge West,Upper Bann
7209,Bleary,Upper Bann
7210,Brownlow,Upper Bann
7211,Corcrain,Upper Bann
7212,Craigavon Centre,Upper Bann
7213,Derrytrasna,Upper Bann
7214,Donaghcloney,Upper Bann
7215,Gilford,Upper Bann
7216,Kernan,Upper Bann
7217,Killycomain,Upper Bann
7218,Knocknashane,Upper Bann
7219,Lough Road,Upper Bann
7220,Loughgall,Upper Bann
7221,Mahon,Upper Bann
7222,Mourneview,Upper Bann
7223,Parklake,Upper Bann
7224,Shankill,Upper Bann
7225,The Birches,Upper Bann
7226,Waringstown,Upper Bann
7227,Artigarvan,West Tyrone
7228,Ballycolman,West Tyrone
7229,Castlederg,West Tyrone
7230,Knockmore,Lagan Valley
7231,Richhill,Newry and Armagh
7232,Ballygawley,Fermanagh and South Tyrone
7233,Ballyholme,North Down
7234,Dunnamanagh,West Tyrone
7235,Finn,West Tyrone
7236,Glenderg,West Tyrone
7237,Glenelly Valley,West Tyrone
7238,Newtownstewart,West Tyrone
7239,Sion Mills,West Tyrone
7240,Slievekirk,West Tyrone
7241,Strabane North,West Tyrone
7242,Strabane West,West Tyrone
7243,Beragh,West Tyrone
7244,Camowen,West Tyrone
7245,Coolnagard,West Tyrone
7246,Dergmoney,West Tyrone
7247,Dromore,West Tyrone
7248,Drumnakilly,West Tyrone
7249,Drumquin,West Tyrone
7250,Fairy Water,West Tyrone
7251,Fintona,West Tyrone
7252,Gortin,West Tyrone
7253,Gortrush,West Tyrone
7254,Killyclogher,West Tyrone
7255,Newtownsaville,West Tyrone
7256,Lagan,Lagan Valley
7257,Lagan Valley,Lagan Valley
7258,Lambeg,Lagan Valley
7259,Lisnagarvey,Lagan Valley
7260,Maghaberry,Lagan Valley
7261,Magheralave,Lagan Valley
7262,Maze,Lagan Valley
7263,Moira,Lagan Valley
7264,Old Warren,Lagan Valley
7265,Ravernet,Lagan Valley
7266,Wallace Park,Lagan Valley
7267,White Mountain,Lagan Valley
7268,Loughgall,Mid Ulster
7269,The Birches,Mid Ulster
7270,Ardboe,Mid Ulster
7271,Ballymaguigan,Mid Ulster
7272,Bellaghy,Mid Ulster
7273,Castlecaulfield,Mid Ulster
7274,Castledawson,Mid Ulster
7275,Coagh,Mid Ulster
7276,Coalisland North,Mid Ulster
7277,Coalisland South,Mid Ulster
7278,Cookstown East,Mid Ulster
7279,Cookstown South,Mid Ulster
7280,Cookstown West,Mid Ulster
7281,Coolshinny,Mid Ulster
7282,Donaghmore,Mid Ulster
7283,Draperstown,Mid Ulster
7284,Glebe,Mid Ulster
7285,Killyman,Mid Ulster
7286,Lissan,Mid Ulster
7287,Loughry,Mid Ulster
7288,Lower Glenshane,Mid Ulster
7289,Maghera,Mid Ulster
7290,Oaklands,Mid Ulster
7291,Stewartstown,Mid Ulster
7292,Swatragh,Mid Ulster
7293,Tamlaght O'Crilly,Mid Ulster
7294,The Loup,Mid Ulster
7295,Tobermore,Mid Ulster
7296,Town Parks East,Mid Ulster
7297,Valley,Mid Ulster
7298,Washing Bay,Mid Ulster
7299,Cathedral,Newry and Armagh
7300,Demesne,Newry and Armagh
7301,Seagahan,Newry and Armagh
7302,Gransha,South Down
7303,Ballymagee,North Down
7304,Hamiltonsbawn,Newry and Armagh
7305,Keady,Newry and Armagh
7306,Ballysaggart,Fermanagh and South Tyrone
7307,Markethill,Newry and Armagh
7308,Navan,Newry and Armagh
7309,Churchland,East Londonderry
7310,Tandragee,Newry and Armagh
7311,Loughbrickland,South Down
7312,Bloomfield,North Down
7313,The Mall,Newry and Armagh
7314,Caledon,Fermanagh and South Tyrone
7315,Rathfriland,South Down
7316,Broadway,North Down
7317,Abbey,Newry and Armagh
7318,Castlecaulfield,Fermanagh and South Tyrone
7319,Coolessan,East Londonderry
7320,Annalong,South Down
7321,Bryansburn,North Down
7322,Ballybot,Newry and Armagh
7323,Fivemiletown,Fermanagh and South Tyrone
7324,Drumsurn,East Londonderry
7325,Ballydugan,South Down
7326,Carrowdore,North Down
7327,Bessbrook,Newry and Armagh
7328,Killymeal,Fermanagh and South Tyrone
7329,Dundooan,East Londonderry
7330,Ballyward,South Down
7331,Castle,North Down
7332,Camlough,Newry and Armagh
7333,Moy,Fermanagh and South Tyrone
7334,Dungiven,East Londonderry
7335,Feeny,East Londonderry
7336,Garvagh,East Londonderry
7337,Greysteel,East Londonderry
7338,Greystone,East Londonderry
7339,Hopefield,East Londonderry
7340,Kilrea,East Londonderry
7341,Macosquin,East Londonderry
7342,Magilligan,East Londonderry
7343,Mountsandel,East Londonderry
7344,Portrush and Dunluce,East Londonderry
7345,Portstewart,East Londonderry
7346,Quarry,East Londonderry
7347,Roeside,East Londonderry
7348,University,East Londonderry
7349,Waterside,East Londonderry
7350,Windy Hall,East Londonderry
7351,Claudy,East Londonderry
7352,Eglinton,East Londonderry
7353,Park,East Londonderry
7354,Blackwatertown,Fermanagh and South Tyrone
7355,Ballinamallard,Fermanagh and South Tyrone
7356,Belcoo and Garrison,Fermanagh and South Tyrone
7357,Belleek and Boa,Fermanagh and South Tyrone
7358,"Boho, Cleenish and Letterbreen",Fermanagh and South Tyrone
7359,Brookeborough,Fermanagh and South Tyrone
7360,Castlecoole,Fermanagh and South Tyrone
7361,Derrygonnelly,Fermanagh and South Tyrone
7362,Derrylin,Fermanagh and South Tyrone
7363,Donagh,Fermanagh and South Tyrone
7364,Ederney and Kesh,Fermanagh and South Tyrone
7365,Erne,Fermanagh and South Tyrone
7366,Florence Court and Kinawley,Fermanagh and South Tyrone
7367,Irvinestown,Fermanagh and South Tyrone
7368,Lisbellaw,Fermanagh and South Tyrone
7369,Lisnarrick,Fermanagh and South Tyrone
7370,Lisnaskea,Fermanagh and South Tyrone
7371,Maguiresbridge,Fermanagh and South Tyrone
7372,Newtownbutler,Fermanagh and South Tyrone
7373,Portora,Fermanagh and South Tyrone
7374,Rosslea,Fermanagh and South Tyrone
7375,Rossorry,Fermanagh and South Tyrone
7376,Tempo,Fermanagh and South Tyrone
7377,Augher and Clogher,Fermanagh and South Tyrone
7378,Aughnacloy,Fermanagh and South Tyrone
7379,Clandeboye,North Down
7380,Crossmaglen,Newry and Armagh
7381,Moygashel,Fermanagh and South Tyrone
7382,Cultra,North Down
7383,Damolly,Newry and Armagh
7384,Binnian,South Down
7385,Drumalane,Newry and Armagh
7386,Burren,South Down
7387,Fathom,Newry and Armagh
7388,Castlewellan,South Down
7389,Forkhill,Newry and Armagh
7390,Cathedral,South Down
7391,Mullaghbane,Newry and Armagh
7392,Derryleckagh,South Down
7393,Donaghadee,North Down
7394,Newtownhamilton,Newry and Armagh
7395,Mullaghmore,Fermanagh and South Tyrone
7396,Groomsport,North Down
7397,Donard,South Down
7398,Harbour,North Down
7399,St. Patrick's,Newry and Armagh
7400,Ballymagroarty,Foyle
7401,Helen's Bay,North Down
7402,Brandywell,Foyle
7403,Holywood,North Down
7404,Dundrum,South Down
7405,Whitecross,Newry and Armagh
7406,Carn Hill,Foyle
7407,Kilcooley,North Down
7408,Hilltown,South Down
7409,Ballycastle,North Antrim
7410,Caw,Foyle
7411,Loughries,North Down
7412,Kilkeel,South Down
7413,Ballymoney East,North Antrim
7414,City Walls,Foyle
7415,Loughview,North Down
7416,Knocknashinna,South Down
7417,Ballymoney North,North Antrim
7418,Clondermot,Foyle
7419,Rathgael,North Down
7420,Lecale,South Down
7421,Ballymoney South,North Antrim
7422,Creggan,Foyle
7423,Rathmore,North Down
7424,Lisnacree,South Down
7425,Clogh Mills,North Antrim
7426,Creggan South,Foyle
7427,Silverbirch,North Down
7428,Dervock,North Antrim
7429,Culmore,Foyle
7430,Silverstream,North Down
7431,Dunloy,North Antrim
7432,Mayobridge,South Down
7433,Drumahoe,Foyle
7434,Murlough,South Down
7435,Ebrington,Foyle
7436,Giant's Causeway,North Antrim
7437,Quoile,South Down
7438,Warren,North Down
7439,Enagh,Foyle
7440,Kinbane,North Antrim
7441,Rostrevor,South Down
7442,Aldergrove,South Antrim
7443,Foyle Springs,Foyle
7444,Loughguile and Stranocum,North Antrim
7445,Strangford,South Down
7446,Antrim Centre,South Antrim
7447,Galliagh,Foyle
7448,Rasharkin,North Antrim
7449,Tollymore,South Down
7450,Ballyclare East,South Antrim
7451,Kilfennan,Foyle
7452,Route,North Antrim
7453,Warrenpoint,South Down
7454,Ballyclare West,South Antrim
7455,Lisnagelvin,Foyle
7456,Torr Head and Rathlin,North Antrim
7457,Ballynahinch,Strangford
7458,Madam's Bank,Foyle
7459,Ballyduff,South Antrim
7460,New Buildings,Foyle
7461,Ballynure,South Antrim
7462,Ballyward,Strangford
7463,Northland,Foyle
7464,Ballyrobert,South Antrim
7465,Academy,North Antrim
7466,Burnthill,South Antrim
7467,Ahoghill,North Antrim
7468,Shantallow,Foyle
7469,Carnmoney,South Antrim
7470,Ardeevin,North Antrim
7471,Crossgar and Killyleagh,Strangford
7472,Shantallow East,Foyle
7473,Clady,South Antrim
7474,Ballee and Harryville,North Antrim
7475,Derryboy,Strangford
7476,Sheriff's Mountain,Foyle
7477,Cranfield,South Antrim
7478,Ballykeel,North Antrim
7479,Drumaness,Strangford
7480,Skeoge,Foyle
7481,Crumlin,South Antrim
7482,Braidwater,North Antrim
7483,Kilmore,Strangford
7484,Springtown,Foyle
7485,Doagh,South Antrim
7486,Broughshane,North Antrim
7487,Quoile,Strangford
7488,Victoria,Foyle
7489,Aghagallon,Lagan Valley
7490,Donaghcloney,Lagan Valley
7491,Dromore,Lagan Valley
7492,Gransha,Lagan Valley
7493,Magheralin,Lagan Valley
7494,Quilly,Lagan Valley
7495,Ballinderry,Lagan Valley
7496,Ballymacash,Lagan Valley
7497,Ballymacbrennan,Lagan Valley
7498,Ballymacoss,Lagan Valley
7499,Blaris,Lagan Valley
7500,Dromara,Lagan Valley
7501,Harmony Hill,Lagan Valley
7502,Hilden,Lagan Valley
7503,Hillhall,Lagan Valley
7504,Hillsborough,Lagan Valley
7505,Fairview,South Antrim
7506,Fountain Hill,South Antrim
7507,Greystone,South Antrim
7508,Mallusk,South Antrim
7509,Mossley,South Antrim
7510,Parkgate,South Antrim
7511,Randalstown,South Antrim
7512,Shilvodan,South Antrim
7513,Springfarm,South Antrim
7514,Steeple,South Antrim
7515,Stiles,South Antrim
7516,Templepatrick,South Antrim
7517,Toome,South Antrim
7518,Glenavy,South Antrim
7519,Stonyford,South Antrim
7520,Castle Demesne,North Antrim
7521,Cullybackey,North Antrim
7522,Fair Green,North Antrim
7523,Galgorm,North Antrim
7524,Grange,North Antrim
7525,Kells,North Antrim
7526,Kirkinriola,North Antrim
7527,Maine,North Antrim
7528,Park,North Antrim
7529,Portglenone,North Antrim
7530,Garnerville,North Down
7531,Ballycrochan,North Down
7532,Ballygrainey,North Down
7533,Strangford,Strangford
7534,Ballygowan,Strangford
7535,Ballywalter,Strangford
7536,Carrowdore,Strangford
7537,Comber North,Strangford
7538,Comber South,Strangford
7539,Comber West,Strangford
7540,Conway Square,Strangford
7541,Cronstown,Strangford
7542,Glen,Strangford
7543,Gregstown,Strangford
7544,Killinchy,Strangford
7545,Kircubbin,Strangford
7546,Loughries,Strangford
7547,Movilla,Strangford
7548,Portaferry,Strangford
7549,Portavogie,Strangford
7550,Ballygomartin,Belfast West
7551,Ballymurphy,Belfast West
7552,Beechmount,Belfast West
7553,Clonard,Belfast West
7554,Collin Glen,Belfast West
7555,Dunmurry,Belfast West
7556,Falls,Belfast West
7557,Falls Park,Belfast West
7558,Ladybrook,Belfast West
7559,Lagmore,Belfast West
7560,Poleglass,Belfast West
7561,Shankill,Belfast West
7562,Shaw's Road,Belfast West
7563,Stewartstown,Belfast West
7564,Turf Lodge,Belfast West
7565,Twinbrook,Belfast West
7566,Woodvale,Belfast West
7567,Derryaghy,Belfast West
7568,Abbey,East Antrim
7569,Jordanstown,East Antrim
7570,Monkstown,East Antrim
7571,Rostulla,East Antrim
7572,Lurigethan,East Antrim
7573,Ballycarry and Glynn,East Antrim
7574,Boneybefore,East Antrim
7575,Burleigh Hill,East Antrim
7576,Cairncastle,East Antrim
7577,Carnlough and Glenarm,East Antrim
7578,Castle,East Antrim
7579,Craigyhill,East Antrim
7580,Curran and Inver,East Antrim
7581,Gardenmore,East Antrim
7582,Glenravel,East Antrim
7583,Glenwhirry,East Antrim
7584,Gortalee,East Antrim
7585,Greenisland,East Antrim
7586,Islandmagee,East Antrim
7587,Kilroot,East Antrim
7588,Kilwaughter,East Antrim
7589,Love Lane,East Antrim
7590,Slemish,East Antrim
7591,Sunnylands,East Antrim
7592,The Maidens,East Antrim
7593,Victoria,East Antrim
7594,Whitehead South,East Antrim
7595,Woodburn,East Antrim
7596,Aghadowey,East Londonderry
7597,Altahullion,East Londonderry
7598,Atlantic,East Londonderry
7599,Ballykelly,East Londonderry
7600,Livingston South,Livingston
7601,East Livingston and East Calder,Livingston
7602,Fauldhouse and the Breich Valley,Livingston
7603,Musselburgh,Lothian East
7604,"Preston, Seton and Gosford",Lothian East
7605,"Tranent, Wallyford and Macmerry",Lothian East
7606,North Berwick Coastal,Lothian East
7607,Haddington and Lammermuir,Lothian East
7608,Dunbar and East Linton,Lothian East
7609,Milngavie,Mid Dunbartonshire
7610,Bearsden North,Mid Dunbartonshire
7611,Bearsden South,Mid Dunbartonshire
7612,Bishopbriggs North and Campsie,Mid Dunbartonshire
7613,Bishopbriggs South,Mid Dunbartonshire
7614,Lenzie and Kirkintilloch South,Mid Dunbartonshire
7615,Kirkintilloch East and North and Twechar,Mid Dunbartonshire
7616,Culloden and Ardersier,"Moray West, Nairn and Strathspey"
7617,Leith,Edinburgh North and Leith
7618,Nairn and Cawdor,"Moray West, Nairn and Strathspey"
7619,Badenoch and Strathspey,"Moray West, Nairn and Strathspey"
7620,Speyside Glenlivet,"Moray West, Nairn and Strathspey"
7621,Fochabers Lhanbryde,"Moray West, Nairn and Strathspey"
7622,Heldon and Laich,"Moray West, Nairn and Strathspey"
7623,Elgin City North,"Moray West, Nairn and Strathspey"
7624,Elgin City South,"Moray West, Nairn and Strathspey"
7625,Forres,"Moray West, Nairn and Strathspey"
7626,Clydesdale West,"Motherwell, Wishaw and Carluke"
7627,Clydesdale North,"Motherwell, Wishaw and Carluke"
7628,Motherwell West,"Motherwell, Wishaw and Carluke"
7629,Motherwell North,"Motherwell, Wishaw and Carluke"
7630,Motherwell South East and Ravenscraig,"Motherwell, Wishaw and Carluke"
7631,Murdostoun,"Motherwell, Wishaw and Carluke"
7632,Wishaw,"Motherwell, Wishaw and Carluke"
7633,Howe of Fife and Tay Coast,North East Fife
7634,Tay Bridgehead,North East Fife
7635,St Andrews,North East Fife
7636,East Neuk and Landward,North East Fife
7637,Cupar,North East Fife
7638,"Leven, Kennoway and Largo",North East Fife
7639,Renfrew North and Braehead,Paisley and Renfrewshire North
7640,Renfrew South and Gallowhill,Paisley and Renfrewshire North
7641,Paisley Northeast and Ralston,Paisley and Renfrewshire North
7642,Paisley Northwest,Paisley and Renfrewshire North
7643,"Houston, Crosslee and Linwood",Paisley and Renfrewshire North
7644,"Bishopton, Bridge of Weir and Langbank",Paisley and Renfrewshire North
7645,Erskine and Inchinnan,Paisley and Renfrewshire North
7646,Cardonald,Paisley and Renfrewshire North
7647,Paisley Northwest,Paisley and Renfrewshire South
7648,Paisley East and Central,Paisley and Renfrewshire South
7649,Paisley Southeast,Paisley and Renfrewshire South
7650,Paisley Southwest,Paisley and Renfrewshire South
7651,Cumbernauld East,Cumbernauld and Kirkintilloch
7652,The Ferry,Arbroath and Broughty Ferry
7653,Kingswells/Sheddocksley/Summerhill,Aberdeen North
7654,Cardonald,Glasgow South West
7655,Owenkillew,West Tyrone
7656,North East,Arbroath and Broughty Ferry
7657,Sixmilecross,West Tyrone
7658,Govan,Glasgow South West
7659,Fort William and Ardnamurchan,"Argyll, Bute and South Lochaber"
7660,Colinton/Fairmilehead,Edinburgh South
7661,Strule,West Tyrone
7662,Northfield/Mastrick North,Aberdeen North
7663,Morningside,Edinburgh South
7664,Termon,West Tyrone
7665,Pollokshields,Glasgow South West
7666,South Kintyre,"Argyll, Bute and South Lochaber"
7667,"Stepps, Chryston and Muirhead",Cumbernauld and Kirkintilloch
7668,Hilton/Woodside/Stockethill,Aberdeen North
7669,Southside/Newington,Edinburgh South
7670,Trillick,West Tyrone
7671,Victoria Park,Glasgow West
7672,Kintyre and the Islands,"Argyll, Bute and South Lochaber"
7673,Stranraer and the Rhins,Dumfries and Galloway
7674,Tillydrone/Seaton/Old Aberdeen,Aberdeen North
7675,Liberton/Gilmerton,Edinburgh South
7676,Pomeroy,West Tyrone
7677,Garscadden/Scotstounhill,Glasgow West
7678,Mid Argyll,"Argyll, Bute and South Lochaber"
7679,Mid Galloway and Wigtown West,Dumfries and Galloway
7680,Midstocket/Rosemount,Aberdeen North
7681,Almond,Edinburgh South West
7682,"Barrhead, Liboside and Uplawmoor",East Renfrewshire
7683,Drumchapel/Anniesland,Glasgow West
7684,Oban South and the Isles,"Argyll, Bute and South Lochaber"
7685,Dee and Glenkens,Dumfries and Galloway
7686,Castle Douglas and Crocketford,Dumfries and Galloway
7687,Abbey,Dumfries and Galloway
7688,North West Dumfries,Dumfries and Galloway
7689,Mid and Upper Nithsdale,Dumfries and Galloway
7690,Lochar,Dumfries and Galloway
7691,Nith,Dumfries and Galloway
7692,Mid and Upper Nithsdale,"Dumfriesshire, Clydesdale and Tweeddale"
7693,Lochar,"Dumfriesshire, Clydesdale and Tweeddale"
7694,Annandale South,"Dumfriesshire, Clydesdale and Tweeddale"
7695,Annandale North,"Dumfriesshire, Clydesdale and Tweeddale"
7696,Annandale East and Eskdale,"Dumfriesshire, Clydesdale and Tweeddale"
7697,Tweeddale West,"Dumfriesshire, Clydesdale and Tweeddale"
7698,Tweeddale East,"Dumfriesshire, Clydesdale and Tweeddale"
7699,Clydesdale East,"Dumfriesshire, Clydesdale and Tweeddale"
7700,Clydesdale South,"Dumfriesshire, Clydesdale and Tweeddale"
7701,Strathmartine,Dundee Central
7702,Lochee,Dundee Central
7703,West End,Dundee Central
7704,Coldside,Dundee Central
7705,Maryfield,Dundee Central
7706,East End,Dundee Central
7707,Clackmannanshire East,Dunfermline and Dollar
7708,Dunfermline North,Dunfermline and Dollar
7709,Dunfermline Central,Dunfermline and Dollar
7710,Dunfermline South,Dunfermline and Dollar
7711,Rosyth,Dunfermline and Dollar
7712,West Fife and Coastal Villages,Dunfermline and Dollar
7713,Avondale and Stonehouse,East Kilbride and Strathaven
7714,East Kilbride South,East Kilbride and Strathaven
7715,East Kilbride Central South,East Kilbride and Strathaven
7716,East Kilbride Central North,East Kilbride and Strathaven
7717,East Kilbride West,East Kilbride and Strathaven
7718,East Kilbride East,East Kilbride and Strathaven
7719,Musselburgh,Edinburgh East and Musselburgh
7720,City Centre,Edinburgh East and Musselburgh
7721,Leith Walk,Edinburgh East and Musselburgh
7722,Leith,Edinburgh East and Musselburgh
7723,Craigentinny/Duddingston,Edinburgh East and Musselburgh
7724,Southside/Newington,Edinburgh East and Musselburgh
7725,Portobello/Craigmillar,Edinburgh East and Musselburgh
7726,Almond,Edinburgh North and Leith
7727,Forth,Edinburgh North and Leith
7728,Inverleith,Edinburgh North and Leith
7729,City Centre,Edinburgh North and Leith
7730,Leith Walk,Edinburgh North and Leith
7731,Johnstone South and Elderslie,Paisley and Renfrewshire South
7732,Midstocket/Rosemount,Aberdeen South
7733,Oban North and Lorn,"Argyll, Bute and South Lochaber"
7734,"Johnstone North, Kilbarchan, Howwood and Lochwinnoch",Paisley and Renfrewshire South
7735,George St/Harbour,Aberdeen South
7736,Partick East/Kelvindale,Glasgow West
7737,Newton Mearns North and Neilston,East Renfrewshire
7738,Cowal,"Argyll, Bute and South Lochaber"
7739,Lower Deeside,Aberdeen South
7740,"Houston, Crosslee and Linwood",Paisley and Renfrewshire South
7741,"Glenrothes North, Leslie and Markinch",Glenrothes and Mid Fife
7742,Carse of Gowrie,Perth and Kinross-shire
7743,Pentland Hills,Edinburgh South West
7744,Hazlehead/Queens Cross/Countesswells,Aberdeen South
7745,Strathmore,Perth and Kinross-shire
7746,Drum Brae/Gyle,Edinburgh South West
7747,Giffnock and Thornliebank,East Renfrewshire
7748,Dunoon,"Argyll, Bute and South Lochaber"
7749,Airyhall/Broomhill/Garthdee,Aberdeen South
7750,Strathtay,Perth and Kinross-shire
7751,"Clarkston, Netherlee and Williamwood",East Renfrewshire
7752,Sighthill/Gorgie,Edinburgh South West
7753,Isle of Bute,"Argyll, Bute and South Lochaber"
7754,Strathearn,Perth and Kinross-shire
7755,Torry/Ferryhill,Aberdeen South
7756,Newton Mearns South and Eaglesham,East Renfrewshire
7757,Colinton/Fairmilehead,Edinburgh South West
7758,Glenrothes Central and Thornton,Glenrothes and Mid Fife
7759,Strathallan,Perth and Kinross-shire
7760,Lomond North,"Argyll, Bute and South Lochaber"
7761,Kincorth/Nigg/Cove,Aberdeen South
7762,Fountainbridge/Craiglockhart,Edinburgh South West
7763,"Buckhaven, Methil and Wemyss Villages",Glenrothes and Mid Fife
7764,An Taobh Siar agus Nis,Na h-Eileanan an Iar
7765,Almond and Earn,Perth and Kinross-shire
7766,Helensburgh Central,"Argyll, Bute and South Lochaber"
7767,Keith and Cullen,Aberdeenshire North and Moray East
7768,Morningside,Edinburgh South West
7769,Barraigh agus Bhatarsaigh,Na h-Eileanan an Iar
7770,Perth City South,Perth and Kinross-shire
7771,Buckie,Aberdeenshire North and Moray East
7772,Helensburgh and Lomond South,"Argyll, Bute and South Lochaber"
7773,Cowdenbeath,Glenrothes and Mid Fife
7774,Fochabers Lhanbryde,Aberdeenshire North and Moray East
7775,City Centre,Edinburgh South West
7776,Perth City North,Perth and Kinross-shire
7777,Bo'ness and Blackness,Bathgate and Linlithgow
7778,Glenrothes West and Kinglassie,Glenrothes and Mid Fife
7779,Loch a Tuath,Na h-Eileanan an Iar
7780,Banff and District,Aberdeenshire North and Moray East
7781,Almond,Edinburgh West
7782,Perth City Centre,Perth and Kinross-shire
7783,Linlithgow,Bathgate and Linlithgow
7784,Na Hearadh,Na h-Eileanan an Iar
7785,Kinross-shire,Perth and Kinross-shire
7786,Troup,Aberdeenshire North and Moray East
7787,Pentland Hills,Edinburgh West
7788,"Lochgelly, Cardenden and Benarty",Glenrothes and Mid Fife
7789,Rutherglen South,Rutherglen
7790,Fraserburgh and District,Aberdeenshire North and Moray East
7791,"Broxburn, Uphall and Winchburgh",Bathgate and Linlithgow
7792,Drum Brae/Gyle,Edinburgh West
7793,Central Buchan,Gordon and Buchan
7794,Sgìr Ùige agus Càrlabhagh,Na h-Eileanan an Iar
7795,Rutherglen Central and North,Rutherglen
7796,Turriff and District,Gordon and Buchan
7797,Sgìre an Rubha,Na h-Eileanan an Iar
7798,Cambuslang West,Rutherglen
7799,Mid Formartine,Gordon and Buchan
7800,Central Buchan,Aberdeenshire North and Moray East
7801,Whitburn and Blackburn,Bathgate and Linlithgow
7802,Inverleith,Edinburgh West
7803,Ellon and District,Gordon and Buchan
7804,Cambuslang East,Rutherglen
7805,Sgìre nan Loch,Na h-Eileanan an Iar
7806,Corstorphine/Murrayfield,Edinburgh West
7807,Peterhead North and Rattray,Aberdeenshire North and Moray East
7808,Bathgate,Bathgate and Linlithgow
7809,West Garioch,Gordon and Buchan
7810,Blantyre,Rutherglen
7811,Inverurie and District,Gordon and Buchan
7812,Sighthill/Gorgie,Edinburgh West
7813,Steòrnabhagh a Deas,Na h-Eileanan an Iar
7814,Armadale and Blackridge,Bathgate and Linlithgow
7815,East Garioch,Gordon and Buchan
7816,Bothwell and Uddingston,Rutherglen
7817,City Centre,Edinburgh West
7818,Peterhead South and Cruden,Aberdeenshire North and Moray East
7819,Denny and Banknock,Falkirk
7820,"Huntly, Strathbogie and Howe of Alford",Gordon and Buchan
7821,"North, West and Central Sutherland","Caithness, Sutherland and Easter Ross"
7822,Steòrnabhagh a Tuath,Na h-Eileanan an Iar
7823,Airdrie North,Airdrie and Shotts
7824,Trossachs and Teith,Stirling and Strathallan
7825,Bonnybridge and Larbert,Falkirk
7826,Clydesdale West,Hamilton and Clyde Valley
7827,Thurso and Northwest Caithness,"Caithness, Sutherland and Easter Ross"
7828,"Uibhist a Deas, Èirisgeigh agus Beinn na Faoghla",Na h-Eileanan an Iar
7829,Airdrie Central,Airdrie and Shotts
7830,Forth and Endrick,Stirling and Strathallan
7831,Falkirk North,Falkirk
7832,Clydesdale North,Hamilton and Clyde Valley
7833,Wick and East Caithness,"Caithness, Sutherland and Easter Ross"
7834,Uibhist a Tuath,Na h-Eileanan an Iar
7835,Airdrie South,Airdrie and Shotts
7836,Dunblane and Bridge of Allan,Stirling and Strathallan
7837,Falkirk South,Falkirk
7838,Clydesdale South,Hamilton and Clyde Valley
7839,East Sutherland and Edderton,"Caithness, Sutherland and Easter Ross"
7840,Fortissat,Airdrie and Shotts
7841,Penicuik,Midlothian
7842,Mossend and Holytown,Airdrie and Shotts
7843,Stirling North,Stirling and Strathallan
7844,Lower Braes,Falkirk
7845,"Wester Ross, Strathpeffer and Lochalsh","Caithness, Sutherland and Easter Ross"
7846,Motherwell North,Airdrie and Shotts
7847,Bonnyrigg,Midlothian
7848,Stirling West,Stirling and Strathallan
7849,Upper Braes,Falkirk
7850,Hamilton North and East,Hamilton and Clyde Valley
7851,Murdostoun,Airdrie and Shotts
7852,Stirling East,Stirling and Strathallan
7853,Cromarty Firth,"Caithness, Sutherland and Easter Ross"
7854,Southside Central,Glasgow East
7855,Hamilton West and Earnock,Hamilton and Clyde Valley
7856,Clackmannanshire West,Alloa and Grangemouth
7857,Dalkeith,Midlothian
7858,Bannockburn,Stirling and Strathallan
7859,Tain and Easter Ross,"Caithness, Sutherland and Easter Ross"
7860,Calton,Glasgow East
7861,Hamilton South,Hamilton and Clyde Valley
7862,Clackmannanshire North,Alloa and Grangemouth
7863,Midlothian West,Midlothian
7864,Strathallan,Stirling and Strathallan
7865,Dingwall and Seaforth,"Caithness, Sutherland and Easter Ross"
7866,Anderston/City/Yorkhill,Glasgow East
7867,Larkhall,Hamilton and Clyde Valley
7868,Clackmannanshire Central,Alloa and Grangemouth
7869,Midlothian East,Midlothian
7870,Lomond,West Dunbartonshire
7871,Black Isle,"Caithness, Sutherland and Easter Ross"
7872,Aird and Loch Ness,"Caithness, Sutherland and Easter Ross"
7873,"Gartcosh, Glenboig and Moodiesburn",Coatbridge and Bellshill
7874,Coatbridge North,Coatbridge and Bellshill
7875,Airdrie Central,Coatbridge and Bellshill
7876,Coatbridge West,Coatbridge and Bellshill
7877,Coatbridge South,Coatbridge and Bellshill
7878,Thorniewood,Coatbridge and Bellshill
7879,Bellshill,Coatbridge and Bellshill
7880,Mossend and Holytown,Coatbridge and Bellshill
7881,Dunfermline North,Cowdenbeath and Kirkcaldy
7882,Inverkeithing and Dalgety Bay,Cowdenbeath and Kirkcaldy
7883,"Burntisland, Kinghorn and Western Kirkcaldy",Cowdenbeath and Kirkcaldy
7884,Kirkcaldy North,Cowdenbeath and Kirkcaldy
7885,Kirkcaldy Central,Cowdenbeath and Kirkcaldy
7886,Kirkcaldy East,Cowdenbeath and Kirkcaldy
7887,Cowdenbeath,Cowdenbeath and Kirkcaldy
7888,Lenzie and Kirkintilloch South,Cumbernauld and Kirkintilloch
7889,Kirkintilloch East and North and Twechar,Cumbernauld and Kirkintilloch
7890,Kilsyth,Cumbernauld and Kirkintilloch
7891,Cumbernauld North,Cumbernauld and Kirkintilloch
7892,Cumbernauld South,Cumbernauld and Kirkintilloch
7893,Midlothian South,Midlothian
7894,Clackmannanshire South,Alloa and Grangemouth
7895,Leven,West Dunbartonshire
7896,Irvine West,North Ayrshire and Arran
7897,Inverclyde East,Inverclyde and Renfrewshire West
7898,Clackmannanshire East,Alloa and Grangemouth
7899,Dumbarton,West Dunbartonshire
7900,Kilwinning,North Ayrshire and Arran
7901,Grangemouth,Alloa and Grangemouth
7902,Ardrossan,North Ayrshire and Arran
7903,Kilpatrick,West Dunbartonshire
7904,Inverclyde East Central,Inverclyde and Renfrewshire West
7905,Arran,North Ayrshire and Arran
7906,Shettleston,Glasgow East
7907,"Carse, Kinnaird and Tryst",Alloa and Grangemouth
7908,Clydebank Central,West Dunbartonshire
7909,Garnock Valley,North Ayrshire and Arran
7910,Baillieston,Glasgow East
7911,Inverclyde Central,Inverclyde and Renfrewshire West
7912,Bonnybridge and Larbert,Alloa and Grangemouth
7913,Clydebank Waterfront,West Dunbartonshire
7914,North Coast,North Ayrshire and Arran
7915,Anderston/City/Yorkhill,Glasgow North
7916,Inverclyde North,Inverclyde and Renfrewshire West
7917,Kirriemuir and Dean,Angus and Perthshire Glens
7918,Garscadden/Scotstounhill,West Dunbartonshire
7919,Saltcoats and Stevenston,North Ayrshire and Arran
7920,Hillhead,Glasgow North
7921,Inverclyde West,Inverclyde and Renfrewshire West
7922,Brechin and Edzell,Angus and Perthshire Glens
7923,Cumnock and New Cumnock,"Ayr, Carrick and Cumnock"
7924,Stromness and South Isles,Orkney and Shetland
7925,Maryhill,Glasgow North
7926,Inverclyde South West,Inverclyde and Renfrewshire West
7927,Forfar and District,Angus and Perthshire Glens
7928,Doon Valley,"Ayr, Carrick and Cumnock"
7929,West Mainland,Orkney and Shetland
7930,Canal,Glasgow North
7931,Inverclyde South,Inverclyde and Renfrewshire West
7932,Monifieth and Sidlaw,Angus and Perthshire Glens
7933,North Isles,Orkney and Shetland
7934,Ayr North,"Ayr, Carrick and Cumnock"
7935,"Houston, Crosslee and Linwood",Inverclyde and Renfrewshire West
7936,Partick East/Kelvindale,Glasgow North
7937,Montrose and District,Angus and Perthshire Glens
7938,Calton,Glasgow North East
7939,"East Mainland, South Ronaldsay and Burray",Orkney and Shetland
7940,Ayr East,"Ayr, Carrick and Cumnock"
7941,"Bishopton, Bridge of Weir and Langbank",Inverclyde and Renfrewshire West
7942,Strathmore,Angus and Perthshire Glens
7943,Anderston/City/Yorkhill,Glasgow North East
7944,Kirkwall East,Orkney and Shetland
7945,Ayr West,"Ayr, Carrick and Cumnock"
7946,"Wester Ross, Strathpeffer and Lochalsh","Inverness, Skye and West Ross-shire"
7947,Blairgowrie and Glens,Angus and Perthshire Glens
7948,Springburn/Robroyston,Glasgow North East
7949,Kirkwall West and Orphir,Orkney and Shetland
7950,"Maybole, North Carrick and Coylton","Ayr, Carrick and Cumnock"
7951,Eilean á Chèo,"Inverness, Skye and West Ross-shire"
7952,Highland,Angus and Perthshire Glens
7953,East Centre,Glasgow North East
7954,North Isles,Orkney and Shetland
7955,Girvan and South Carrick,"Ayr, Carrick and Cumnock"
7956,Caol and Mallaig,"Inverness, Skye and West Ross-shire"
7957,Strathtay,Angus and Perthshire Glens
7958,Baillieston,Glasgow North East
7959,Shetland North,Orkney and Shetland
7960,Tweeddale East,"Berwickshire, Roxburgh and Selkirk"
7961,Aird and Loch Ness,"Inverness, Skye and West Ross-shire"
7962,Monifieth and Sidlaw,Arbroath and Broughty Ferry
7963,Dennistoun,Glasgow North East
7964,Galashiels and District,"Berwickshire, Roxburgh and Selkirk"
7965,Lerwick North and Bressay,Orkney and Shetland
7966,Carnoustie and District,Arbroath and Broughty Ferry
7967,Inverness West,"Inverness, Skye and West Ross-shire"
7968,North East,Glasgow North East
7969,"Arbroath West, Letham and Friockheim",Arbroath and Broughty Ferry
7970,Lerwick South,Orkney and Shetland
7971,Inverness Central,"Inverness, Skye and West Ross-shire"
7972,Selkirkshire,"Berwickshire, Roxburgh and Selkirk"
7973,Linn,Glasgow South
7974,Arbroath East and Lunan,Arbroath and Broughty Ferry
7975,Shetland Central,Orkney and Shetland
7976,Inverness Ness-side,"Inverness, Skye and West Ross-shire"
7977,Leaderdale and Melrose,"Berwickshire, Roxburgh and Selkirk"
7978,Newlands/Auldburn,Glasgow South
7979,East End,Arbroath and Broughty Ferry
7980,Shetland South,Orkney and Shetland
7981,Inverness Millburn,"Inverness, Skye and West Ross-shire"
7982,Mid Berwickshire,"Berwickshire, Roxburgh and Selkirk"
7983,Pollokshields,Glasgow South
7984,Shetland West,Orkney and Shetland
7985,Culloden and Ardersier,"Inverness, Skye and West Ross-shire"
7986,East Berwickshire,"Berwickshire, Roxburgh and Selkirk"
7987,Langside,Glasgow South
7988,Dyce/Bucksburn/Danestone,Aberdeen North
7989,Inverness South,"Inverness, Skye and West Ross-shire"
7990,Kelso and District,"Berwickshire, Roxburgh and Selkirk"
7991,Southside Central,Glasgow South
7992,Bridge of Don,Aberdeen North
7993,Fort William and Ardnamurchan,"Inverness, Skye and West Ross-shire"
7994,Jedburgh and District,"Berwickshire, Roxburgh and Selkirk"
7995,Newlands/Auldburn,Glasgow South West
7996,"Broxburn, Uphall and Winchburgh",Livingston
7997,Hawick and Denholm,"Berwickshire, Roxburgh and Selkirk"
7998,Greater Pollok,Glasgow South West
7999,Livingston North,Livingston
8000,Buckley: Mountain,Alyn and Deeside
8001,Buckley: Pentrobin,Alyn and Deeside
8002,Caergwrle,Alyn and Deeside
8003,Connah's Quay Central,Alyn and Deeside
8004,Connah's Quay: Golftyn,Alyn and Deeside
8005,Connah's Quay South,Alyn and Deeside
8006,Connah's Quay: Wepre,Alyn and Deeside
8007,Flint: Castle,Alyn and Deeside
8008,Flint: Coleshill and Trelawny,Alyn and Deeside
8009,Flint: Oakenholt,Alyn and Deeside
8010,Hawarden: Aston,Alyn and Deeside
8011,Hawarden: Ewloe,Alyn and Deeside
8012,Hawarden: Mancot,Alyn and Deeside
8013,Higher Kinnerton,Alyn and Deeside
8014,Hope,Alyn and Deeside
8015,Llanfynydd,Alyn and Deeside
8016,Uwch Conwy,Bangor Aberconwy
8017,Llangadog,Caerfyrddin
8018,Pen-y-ffordd,Alyn and Deeside
8019,Queensferry and Sealand,Alyn and Deeside
8020,Saltney Ferry,Alyn and Deeside
8021,Shotton East and Shotton Higher,Alyn and Deeside
8022,Shotton West,Alyn and Deeside
8023,Hawick and Hermitage,"Berwickshire, Roxburgh and Selkirk"
8024,Treuddyn,Alyn and Deeside
8025,Arllechwedd,Bangor Aberconwy
8026,Canol Bangor,Bangor Aberconwy
8027,Canol Bethesda,Bangor Aberconwy
8028,Dewi,Bangor Aberconwy
8029,Dwyrain Bangor,Bangor Aberconwy
8030,Gerlan,Bangor Aberconwy
8031,Glyder,Bangor Aberconwy
8032,Rachub,Bangor Aberconwy
8033,Tre-garth a Mynydd Llandygái,Bangor Aberconwy
8034,Y Faenol,Bangor Aberconwy
8035,Betws-yn-Rhos,Bangor Aberconwy
8036,Betws-y-Coed and Trefriw,Bangor Aberconwy
8037,Bryn,Bangor Aberconwy
8038,Caerhun,Bangor Aberconwy
8039,Conwy,Bangor Aberconwy
8040,Craig-y-don,Bangor Aberconwy
8041,Deganwy,Bangor Aberconwy
8042,Eglwys-bach a Llangernyw,Bangor Aberconwy
8043,Glyn y Marl,Bangor Aberconwy
8044,Gogarth Mostyn,Bangor Aberconwy
8045,Pen-sarn Pentre Mawr,Clwyd North
8046,Cathays,Cardiff South and Penarth
8047,Llanrwst a Llanddoged,Bangor Aberconwy
8048,Llansanffraid,Bangor Aberconwy
8049,Llansannan,Bangor Aberconwy
8050,Pandy,Bangor Aberconwy
8051,Penmaenmawr,Bangor Aberconwy
8052,Penrhyn,Bangor Aberconwy
8053,Tudno,Bangor Aberconwy
8054,Uwch Aled,Bangor Aberconwy
8055,Cilgerran and Eglwyswrw,Ceredigion Preseli
8056,Llanwrtyd Wells,"Brecon, Radnor and Cwm Tawe"
8057,Rhiw,Clwyd North
8058,Grangetown,Cardiff South and Penarth
8059,Towyn,Clwyd North
8060,Irvine West,Central Ayrshire
8061,Llanyre with Nantmel,"Brecon, Radnor and Cwm Tawe"
8062,Bodelwyddan,Clwyd North
8063,Efenechdyd,Bangor Aberconwy
8064,Maescar and Llywel,"Brecon, Radnor and Cwm Tawe"
8065,Irvine East,Central Ayrshire
8066,Denbigh Caledfryn Henllan,Clwyd North
8067,Old Radnor,"Brecon, Radnor and Cwm Tawe"
8068,Llangunnor,Caerfyrddin
8069,Llanrhaeadr-yng-Nghinmeirch,Bangor Aberconwy
8070,Crymych and Mynachlog-ddu,Ceredigion Preseli
8071,Kilwinning,Central Ayrshire
8072,Splott,Cardiff South and Penarth
8073,Denbigh Lower,Clwyd North
8074,Presteigne,"Brecon, Radnor and Cwm Tawe"
8075,Llanybydder,Caerfyrddin
8076,Aberbargoed and Bargoed,Blaenau Gwent and Rhymney
8077,Irvine South,Central Ayrshire
8078,Fishguard: North East,Ceredigion Preseli
8079,Troon,Central Ayrshire
8080,Darran Valley,Blaenau Gwent and Rhymney
8081,Rhayader,"Brecon, Radnor and Cwm Tawe"
8082,Caerau,Cardiff West
8083,Prestwick,Central Ayrshire
8084,Fishguard: North West,Ceredigion Preseli
8085,Gilfach,Blaenau Gwent and Rhymney
8086,Manordeilo and Salem,Caerfyrddin
8087,Rhuddlan,Clwyd North
8088,Moriah and Pontlottyn,Blaenau Gwent and Rhymney
8089,Ayr North,Central Ayrshire
8090,Canton,Cardiff West
8091,Talgarth,"Brecon, Radnor and Cwm Tawe"
8092,Rhyl East,Clwyd North
8093,Penygroes,Caerfyrddin
8094,Goodwick,Ceredigion Preseli
8095,New Tredegar,Blaenau Gwent and Rhymney
8096,Kyle,Central Ayrshire
8097,Ely,Cardiff West
8098,Talybont-on-Usk,"Brecon, Radnor and Cwm Tawe"
8099,Rhyl South,Clwyd North
8100,Saron,Caerfyrddin
8101,Twyn Carno,Blaenau Gwent and Rhymney
8102,Llanrhian,Ceredigion Preseli
8103,Fairwater,Cardiff West
8104,"Maybole, North Carrick and Coylton",Central Ayrshire
8105,St Clears and Llansteffan,Caerfyrddin
8106,Tawe Uchaf,"Brecon, Radnor and Cwm Tawe"
8107,Rhyl South West,Clwyd North
8108,Annick,Kilmarnock and Loudoun
8109,Abertillery and Six Bells,Blaenau Gwent and Rhymney
8110,Ynyscedwyn,"Brecon, Radnor and Cwm Tawe"
8111,Llandaff,Cardiff West
8112,Rhyl Trellewelyn,Clwyd North
8113,Trelech,Caerfyrddin
8114,Maenclochog,Ceredigion Preseli
8115,Kilmarnock North,Kilmarnock and Loudoun
8116,Beaufort,Blaenau Gwent and Rhymney
8117,Yscir with Honddu Isaf and Llanddew,"Brecon, Radnor and Cwm Tawe"
8118,Pentyrch and St Fagans,Cardiff West
8119,Rhyl Tŷ Newydd,Clwyd North
8120,Whitland,Caerfyrddin
8121,Newport and Dinas,Ceredigion Preseli
8122,Kilmarnock West and Crosshouse,Kilmarnock and Loudoun
8123,Blaina,Blaenau Gwent and Rhymney
8124,Aberkenfig,Bridgend
8125,Radyr,Cardiff West
8126,Rhyl West,Clwyd North
8127,St Asaph East,Clwyd North
8128,St Asaph West,Clwyd North
8129,Trefnant,Clwyd North
8130,Aberdyfi,Dwyfor Meirionnydd
8131,Abererch,Dwyfor Meirionnydd
8132,Abermaw,Dwyfor Meirionnydd
8133,Abersoch gyda Llanengan,Dwyfor Meirionnydd
8134,Arthog a Llangelynnin,Dwyfor Meirionnydd
8135,Bethel a'r Felinheli,Dwyfor Meirionnydd
8136,Bowydd a'r Rhiw,Dwyfor Meirionnydd
8137,Brithdir and Llanfachreth/Ganllwyd/Llanelltyd,Dwyfor Meirionnydd
8138,Bro Dysynni,Dwyfor Meirionnydd
8139,Cadnant,Dwyfor Meirionnydd
8140,Canol Tref Caernarfon,Dwyfor Meirionnydd
8141,Clynnog,Dwyfor Meirionnydd
8142,Corris a Mawddwy,Dwyfor Meirionnydd
8143,Criccieth,Dwyfor Meirionnydd
8144,Cwm-y-glo,Dwyfor Meirionnydd
8145,De Dolgellau,Dwyfor Meirionnydd
8146,De Pwllheli,Dwyfor Meirionnydd
8147,Deiniolen,Dwyfor Meirionnydd
8148,Diffwys a Maenofferen,Dwyfor Meirionnydd
8149,Dolbenmaen,Dwyfor Meirionnydd
8150,Dwyrain Porthmadog,Dwyfor Meirionnydd
8151,Dyffryn Ardudwy,Dwyfor Meirionnydd
8152,Efailnewydd a Buan,Dwyfor Meirionnydd
8153,Glaslyn,Dwyfor Meirionnydd
8154,Gogledd Dolgellau,Dwyfor Meirionnydd
8155,Gogledd Pwllheli,Dwyfor Meirionnydd
8156,Gorllewin Porthmadog,Dwyfor Meirionnydd
8157,Gorllewin Tywyn,Dwyfor Meirionnydd
8158,Harlech a Llanbedr,Dwyfor Meirionnydd
8159,Hendre,Dwyfor Meirionnydd
8160,Llanbedrog gyda Mynytho,Dwyfor Meirionnydd
8161,Llanberis,Dwyfor Meirionnydd
8162,Llandderfel,Dwyfor Meirionnydd
8163,Llanllyfni,Dwyfor Meirionnydd
8164,Riverside,Cardiff West
8165,Kilmarnock East and Hurlford,Kilmarnock and Loudoun
8166,Pontyclun Central,Cardiff West
8167,Brackla East and Coychurch Lower,Bridgend
8168,St Dogmaels,Ceredigion Preseli
8169,Aber Valley,Caerphilly
8170,Kilmarnock South,Kilmarnock and Loudoun
8171,Brackla East Central,Bridgend
8172,Pontyclun East,Cardiff West
8173,Wiston,Ceredigion Preseli
8174,Brynmawr,Blaenau Gwent and Rhymney
8175,Bedwas and Trethomas,Caerphilly
8176,Irvine Valley,Kilmarnock and Loudoun
8177,Brackla West,Bridgend
8178,Cwm,Blaenau Gwent and Rhymney
8179,Cefn Fforest and Pengam,Caerphilly
8180,Pontyclun West,Cardiff West
8181,Alyn Valley,Clwyd East
8182,Ballochmyle,Kilmarnock and Loudoun
8183,Brackla West Central,Bridgend
8184,Cwmtillery,Blaenau Gwent and Rhymney
8185,Aberaeron and Aberarth,Ceredigion Preseli
8186,Dyserth,Clwyd East
8187,Cumnock and New Cumnock,Kilmarnock and Loudoun
8188,Bridgend Central,Bridgend
8189,Ebbw Vale North,Blaenau Gwent and Rhymney
8190,Hengoed,Caerphilly
8191,Aberporth and Y Ferwig,Ceredigion Preseli
8192,"Bryntirion, Laleston and Merthyr Mawr",Bridgend
8193,West Garioch,West Aberdeenshire and Kincardine
8194,Ebbw Vale South,Blaenau Gwent and Rhymney
8195,Llanbradach,Caerphilly
8196,Llandyrnog,Clwyd East
8197,Aberystwyth Morfa a Glais,Ceredigion Preseli
8198,Cefn-glas,Bridgend
8199,East Garioch,West Aberdeenshire and Kincardine
8200,Georgetown,Blaenau Gwent and Rhymney
8201,Machen and Rudry,Caerphilly
8202,Llanfair Dyffryn Clwyd Gwyddelwern,Clwyd East
8203,Aberystwyth Penparcau,Ceredigion Preseli
8204,Coity Higher,Bridgend
8205,Newton,Bridgend
8206,Nottage,Bridgend
8207,Oldcastle,Bridgend
8208,Pencoed and Penprysg,Bridgend
8209,Pen-y-fai,Bridgend
8210,Porthcawl East Central,Bridgend
8211,Porthcawl West Central,Bridgend
8212,"Pyle, Kenfig Hill and Cefn Cribwr",Bridgend
8213,Rest Bay,Bridgend
8214,St Bride's Minor and Ynysawdre,Bridgend
8215,Abergwili,Caerfyrddin
8216,Ammanford,Caerfyrddin
8217,Betws,Caerfyrddin
8218,Carmarthen Town North and South,Caerfyrddin
8219,Carmarthen Town West,Caerfyrddin
8220,Cenarth and Llangeler,Caerfyrddin
8221,Cilycwm,Caerfyrddin
8222,Cwarter Bach,Caerfyrddin
8223,Cynwyl Elfed,Caerfyrddin
8224,Garnant,Caerfyrddin
8225,Glanamman,Caerfyrddin
8226,Laugharne Township,Caerfyrddin
8227,Llanboidy,Caerfyrddin
8228,Llanddarog,Caerfyrddin
8229,Llandeilo,Caerfyrddin
8230,Llandovery,Caerfyrddin
8231,Llandybie,Caerfyrddin
8232,Llanegwad,Caerfyrddin
8233,Llanfihangel Aberbythych,Caerfyrddin
8234,Llanfihangel-ar-Arth,Caerfyrddin
8235,Llangollen,Clwyd East
8236,Llanhilleth,Blaenau Gwent and Rhymney
8237,Aberystwyth Rheidol,Ceredigion Preseli
8238,Nantyglo,Blaenau Gwent and Rhymney
8239,Westhill and District,West Aberdeenshire and Kincardine
8240,Moel Famau,Clwyd East
8241,Beulah and Llangoedmor,Ceredigion Preseli
8242,Rassau and Garnlydan,Blaenau Gwent and Rhymney
8243,Maesycwmmer,Caerphilly
8244,"Huntly, Strathbogie and Howe of Alford",West Aberdeenshire and Kincardine
8245,Sirhowy,Blaenau Gwent and Rhymney
8246,Borth,Ceredigion Preseli
8247,Morgan Jones,Caerphilly
8248,Prestatyn Central,Clwyd East
8249,"Aboyne, Upper Deeside and Donside",West Aberdeenshire and Kincardine
8250,Tredegar,Blaenau Gwent and Rhymney
8251,Ceulan a Maesmawr,Ceredigion Preseli
8252,Nelson,Caerphilly
8253,Prestatyn East,Clwyd East
8254,Banchory and Mid Deeside,West Aberdeenshire and Kincardine
8255,Allt-wen,"Brecon, Radnor and Cwm Tawe"
8256,Penyrheol,Caerphilly
8257,Ciliau Aeron,Ceredigion Preseli
8258,Prestatyn Meliden,Clwyd East
8259,Cwmllynfell and Ystalyfera,"Brecon, Radnor and Cwm Tawe"
8260,North Kincardine,West Aberdeenshire and Kincardine
8261,Faenor,Ceredigion Preseli
8262,Prestatyn North,Clwyd East
8263,Godre'r Graig,"Brecon, Radnor and Cwm Tawe"
8264,Pontllanfraith,Caerphilly
8265,Stonehaven and Lower Deeside,West Aberdeenshire and Kincardine
8266,Lampeter,Ceredigion Preseli
8267,Prestatyn South West,Clwyd East
8268,Gwaun-Cae-Gurwen and Lower Brynamman,"Brecon, Radnor and Cwm Tawe"
8269,St Cattwg,Caerphilly
8270,Mearns,West Aberdeenshire and Kincardine
8271,Llannarth,Ceredigion Preseli
8272,Ruthin,Clwyd East
8273,Pontardawe,"Brecon, Radnor and Cwm Tawe"
8274,St Martins,Caerphilly
8275,Aberavon,Aberafan Maesteg
8276,Llanbadarn Fawr,Ceredigion Preseli
8277,Tremeirchion,Clwyd East
8278,Rhos,"Brecon, Radnor and Cwm Tawe"
8279,Van,Caerphilly
8280,Ynysddu,Caerphilly
8281,Ystrad Mynach,Caerphilly
8282,Adamsdown,Cardiff East
8283,Cyncoed,Cardiff East
8284,Llanrumney,Cardiff East
8285,Pentwyn,Cardiff East
8286,Penylan,Cardiff East
8287,Plasnewydd,Cardiff East
8288,Rumney,Cardiff East
8289,Trowbridge,Cardiff East
8290,Gabalfa,Cardiff North
8291,Heath,Cardiff North
8292,Lisvane and Thornhill,Cardiff North
8293,Llandaff North,Cardiff North
8294,Llanishen,Cardiff North
8295,Pontprennau and Old St Mellons,Cardiff North
8296,Rhiwbina,Cardiff North
8297,Whitchurch and Tongwynlais,Cardiff North
8298,Taff's Well,Cardiff North
8299,Cornerswell,Cardiff South and Penarth
8300,Dinas Powys,Cardiff South and Penarth
8301,Llandough,Cardiff South and Penarth
8302,Plymouth,Cardiff South and Penarth
8303,St Augustine's,Cardiff South and Penarth
8304,Stanwell,Cardiff South and Penarth
8305,Sully,Cardiff South and Penarth
8306,Butetown,Cardiff South and Penarth
8307,Trebanos,"Brecon, Radnor and Cwm Tawe"
8308,Baglan,Aberafan Maesteg
8309,Argoed and New Brighton,Clwyd East
8310,Aber-craf and Ystradgynlais,"Brecon, Radnor and Cwm Tawe"
8311,Llandyfriog,Ceredigion Preseli
8312,Briton Ferry East,Aberafan Maesteg
8313,Brynford and Halkyn,Clwyd East
8314,Llandysilio and Llangrannog,Ceredigion Preseli
8315,Brecon East,"Brecon, Radnor and Cwm Tawe"
8316,Briton Ferry West,Aberafan Maesteg
8317,Caerwys,Clwyd East
8318,Llandysul North and Troedyraur,Ceredigion Preseli
8319,Brecon West,"Brecon, Radnor and Cwm Tawe"
8320,Bryn and Cwmavon,Aberafan Maesteg
8321,Cilcain,Clwyd East
8322,Llandysul South,Ceredigion Preseli
8323,Bronllys and Felin-fach,"Brecon, Radnor and Cwm Tawe"
8324,Cimla and Pelenna,Aberafan Maesteg
8325,Greenfield,Clwyd East
8326,Llanfarian,Ceredigion Preseli
8327,Builth,"Brecon, Radnor and Cwm Tawe"
8328,Cymer and Glyncorrwg,Aberafan Maesteg
8329,Gwernaffield and Gwernymynydd,Clwyd East
8330,Llanfihangel Ystrad,Ceredigion Preseli
8331,Gwynfi and Croeserw,Aberafan Maesteg
8332,Holywell Central,Clwyd East
8333,Llangeitho,Ceredigion Preseli
8334,Crickhowell with Cwmdu and Tretower,"Brecon, Radnor and Cwm Tawe"
8335,Holywell East,Clwyd East
8336,Margam and Tai-bach,Aberafan Maesteg
8337,Cwm-twrch,"Brecon, Radnor and Cwm Tawe"
8338,Llangybi,Ceredigion Preseli
8339,Holywell West,Clwyd East
8340,Port Talbot,Aberafan Maesteg
8341,Disserth and Trecoed with Newbridge,"Brecon, Radnor and Cwm Tawe"
8342,Llanrhystyd,Ceredigion Preseli
8343,Leeswood,Clwyd East
8344,Sandfields East,Aberafan Maesteg
8345,Glasbury,"Brecon, Radnor and Cwm Tawe"
8346,Llansanffraid,Ceredigion Preseli
8347,Llanasa and Trelawnyd,Clwyd East
8348,Sandfields West,Aberafan Maesteg
8349,Gwernyfed,"Brecon, Radnor and Cwm Tawe"
8350,Llanwenog,Ceredigion Preseli
8351,Mold: Broncoed,Clwyd East
8352,Caerau,Aberafan Maesteg
8353,Hay,"Brecon, Radnor and Cwm Tawe"
8354,Lledrod,Ceredigion Preseli
8355,Mold East,Clwyd East
8356,Ithon Valley,"Brecon, Radnor and Cwm Tawe"
8357,Melindwr,Ceredigion Preseli
8358,Cornelly,Aberafan Maesteg
8359,Mold South,Clwyd East
8360,Knighton with Beguildy,"Brecon, Radnor and Cwm Tawe"
8361,Mwldan,Ceredigion Preseli
8362,Llangynwyd,Aberafan Maesteg
8363,Mold West,Clwyd East
8364,Llanafanfawr with Garth,"Brecon, Radnor and Cwm Tawe"
8365,New Quay and Llanllwchaearn,Ceredigion Preseli
8366,Maesteg East,Aberafan Maesteg
8367,Mostyn,Clwyd East
8368,Llandrindod North,"Brecon, Radnor and Cwm Tawe"
8369,Penbryn,Ceredigion Preseli
8370,Maesteg West,Aberafan Maesteg
8371,Northop,Clwyd East
8372,Llandrindod South,"Brecon, Radnor and Cwm Tawe"
8373,Teifi,Ceredigion Preseli
8374,"Pyle, Kenfig Hill and Cefn Cribwr",Aberafan Maesteg
8375,Whitford,Clwyd East
8376,Llanelwedd,"Brecon, Radnor and Cwm Tawe"
8377,Bagillt,Alyn and Deeside
8378,Llangollen Rural,Clwyd East
8379,Llangattock and Llangynidr,"Brecon, Radnor and Cwm Tawe"
8380,Tirymynach,Ceredigion Preseli
8381,Colwyn,Clwyd North
8382,Broughton North East,Alyn and Deeside
8383,Trefeurig,Ceredigion Preseli
8384,Llangors with Bwlch,"Brecon, Radnor and Cwm Tawe"
8385,Eirias,Clwyd North
8386,Broughton South,Alyn and Deeside
8387,Tregaron and Ystrad Fflur,Ceredigion Preseli
8388,Llangunllo with Norton,"Brecon, Radnor and Cwm Tawe"
8389,Gele and Llanddulas,Clwyd North
8390,Buckley: Bistre East,Alyn and Deeside
8391,Ystwyth,Ceredigion Preseli
8392,Glyn,Clwyd North
8393,Buckley: Bistre West,Alyn and Deeside
8394,Boncath and Clydau,Ceredigion Preseli
8395,Kinmel Bay,Clwyd North
8396,Bro Gwaun,Ceredigion Preseli
8397,Llandrillo-yn-Rhos,Clwyd North
8398,Llysfaen,Clwyd North
8399,Mochdre,Clwyd North
8400,Pembrey,Llanelli
8401,Pontyberem,Llanelli
8402,Swiss Valley,Llanelli
8403,Trimsaran,Llanelli
8404,Tycroes,Llanelli
8405,Tyisha,Llanelli
8406,Aberaman,Merthyr Tydfil and Aberdare
8407,Aberdare East,Merthyr Tydfil and Aberdare
8408,Aberdare West and Llwydcoed,Merthyr Tydfil and Aberdare
8409,Cwmbach,Merthyr Tydfil and Aberdare
8410,"Hirwaun, Penderyn and Rhigos",Merthyr Tydfil and Aberdare
8411,Mountain Ash,Merthyr Tydfil and Aberdare
8412,Pen-y-waun,Merthyr Tydfil and Aberdare
8413,Bedlinog and Trelewis,Merthyr Tydfil and Aberdare
8414,Cyfarthfa,Merthyr Tydfil and Aberdare
8415,Dowlais and Pant,Merthyr Tydfil and Aberdare
8416,Gurnos,Merthyr Tydfil and Aberdare
8417,Merthyr Vale,Merthyr Tydfil and Aberdare
8418,Park,Merthyr Tydfil and Aberdare
8419,Pembroke Dock: Market,Mid and South Pembrokeshire
8420,Llanrug,Dwyfor Meirionnydd
8421,Penydarren,Merthyr Tydfil and Aberdare
8422,Plymouth,Merthyr Tydfil and Aberdare
8423,Town,Merthyr Tydfil and Aberdare
8424,Treharris,Merthyr Tydfil and Aberdare
8425,Vaynor,Merthyr Tydfil and Aberdare
8426,Amroth and Saundersfoot North,Mid and South Pembrokeshire
8427,Burton,Mid and South Pembrokeshire
8428,Camrose,Mid and South Pembrokeshire
8429,Carew and Jeffreyston,Mid and South Pembrokeshire
8430,East Williamston,Mid and South Pembrokeshire
8431,Haverfordwest: Castle,Mid and South Pembrokeshire
8432,Haverfordwest: Garth,Mid and South Pembrokeshire
8433,Haverfordwest: Portfield,Mid and South Pembrokeshire
8434,Haverfordwest: Prendergast,Mid and South Pembrokeshire
8435,Haverfordwest: Priory,Mid and South Pembrokeshire
8436,Hundleton,Mid and South Pembrokeshire
8437,Johnston,Mid and South Pembrokeshire
8438,Garw Valley,Rhondda and Ogmore
8439,Kilgetty and Begelly,Mid and South Pembrokeshire
8440,Lampeter Velfrey,Mid and South Pembrokeshire
8441,Lamphey,Mid and South Pembrokeshire
8442,Letterston,Mid and South Pembrokeshire
8443,Llangwm,Mid and South Pembrokeshire
8444,Llantwit Major,Vale of Glamorgan
8445,Manorbier and Penally,Mid and South Pembrokeshire
8446,Martletwy,Mid and South Pembrokeshire
8447,Merlin's Bridge,Mid and South Pembrokeshire
8448,Milford: Central,Mid and South Pembrokeshire
8449,Milford: East,Mid and South Pembrokeshire
8450,Neath North,Neath and Swansea East
8451,Milford: Hakin,Mid and South Pembrokeshire
8452,Milford: Hubberston,Mid and South Pembrokeshire
8453,Milford: North,Mid and South Pembrokeshire
8454,Milford: West,Mid and South Pembrokeshire
8455,Narberth: Urban,Mid and South Pembrokeshire
8456,Narberth: Rural,Mid and South Pembrokeshire
8457,Neyland: East,Mid and South Pembrokeshire
8458,Neyland: West,Mid and South Pembrokeshire
8459,Pembroke Dock: Bufferland,Mid and South Pembrokeshire
8460,Pembroke Dock: Bush,Mid and South Pembrokeshire
8461,Pembroke Dock: Central,Mid and South Pembrokeshire
8462,Pembroke Dock: Pennar,Mid and South Pembrokeshire
8463,Peterston-super-Ely,Vale of Glamorgan
8464,Neath South,Neath and Swansea East
8465,Nant-y-moel,Rhondda and Ogmore
8466,Chirk North,Montgomeryshire and Glyndŵr
8467,Resolven and Tonna,Neath and Swansea East
8468,Llanuwchllyn,Dwyfor Meirionnydd
8469,Alway,Newport East
8470,Beechwood,Newport East
8471,Bettws,Newport East
8472,Bishton and Langstone,Newport East
8473,Caerleon,Newport East
8474,Lliswerry,Newport East
8475,Llanwern,Newport East
8476,Malpas,Newport East
8477,Pillgwenlly,Newport East
8478,Ringland,Newport East
8479,Shaftesbury,Newport East
8480,St Julians,Newport East
8481,Stow Hill,Newport East
8482,Victoria,Newport East
8483,Abercarn,Newport West and Islwyn
8484,Argoed,Newport West and Islwyn
8485,Blackwood,Newport West and Islwyn
8486,Cefn Fforest and Pengam,Newport West and Islwyn
8487,Crosskeys,Newport West and Islwyn
8488,Crumlin,Newport West and Islwyn
8489,Newbridge,Newport West and Islwyn
8490,Penmaen,Newport West and Islwyn
8491,Risca East,Newport West and Islwyn
8492,Risca West,Newport West and Islwyn
8493,Allt-yr-yn,Newport West and Islwyn
8494,Ogmore Vale,Rhondda and Ogmore
8495,Chirk South,Montgomeryshire and Glyndŵr
8496,Rhoose,Vale of Glamorgan
8497,Pembroke: Monkton and St Mary South,Mid and South Pembrokeshire
8498,Gaer,Newport West and Islwyn
8499,Graig,Newport West and Islwyn
8500,Rogerstone East,Newport West and Islwyn
8501,Rogerstone North,Newport West and Islwyn
8502,Rogerstone West,Newport West and Islwyn
8503,Tredegar Park and Marshfield,Newport West and Islwyn
8504,Abercynon,Pontypridd
8505,Beddau and Tyn-y-nant,Pontypridd
8506,Brynna and Llanharan,Pontypridd
8507,Church Village,Pontypridd
8508,Cilfynydd,Pontypridd
8509,Cymer,Pontypridd
8510,Glyn-coch,Pontypridd
8511,Graig and Pontypridd West,Pontypridd
8512,Hawthorn and Lower Rhydfelen,Pontypridd
8513,Llanharry,Pontypridd
8514,Llantrisant and Talbot Green,Pontypridd
8515,Llantwit Fardre,Pontypridd
8516,Mountain Ash,Pontypridd
8517,Penrhiw-ceibr,Pontypridd
8518,Pontyclun West,Pontypridd
8519,Pontypridd Town,Pontypridd
8520,Rhydfelen Central,Pontypridd
8521,Ton-teg,Pontypridd
8522,Trallwng,Pontypridd
8523,Treforest,Pontypridd
8524,Upper Rhydfelen and Glyn-taf,Pontypridd
8525,Ynysybwl,Pontypridd
8526,Blackmill,Rhondda and Ogmore
8527,Cwm Clydach,Rhondda and Ogmore
8528,Cymer,Rhondda and Ogmore
8529,Pembroke: St Mary North,Mid and South Pembrokeshire
8530,Ferndale and Maerdy,Rhondda and Ogmore
8531,Pembroke: St Michael,Mid and South Pembrokeshire
8532,Dyffryn Ceiriog,Montgomeryshire and Glyndŵr
8533,Gilfach-goch,Rhondda and Ogmore
8534,Rudbaxton and Spittal,Mid and South Pembrokeshire
8535,Llwyn-y-pia,Rhondda and Ogmore
8536,St Athan,Vale of Glamorgan
8537,Esclusham,Montgomeryshire and Glyndŵr
8538,Saundersfoot South,Mid and South Pembrokeshire
8539,Pentre,Rhondda and Ogmore
8540,St Bride's Major,Vale of Glamorgan
8541,Llanwnda,Dwyfor Meirionnydd
8542,Pant and Johnstown,Montgomeryshire and Glyndŵr
8543,Solva,Mid and South Pembrokeshire
8544,Llanystumdwy,Dwyfor Meirionnydd
8545,Penycae,Montgomeryshire and Glyndŵr
8546,Menai,Dwyfor Meirionnydd
8547,St David's,Mid and South Pembrokeshire
8548,Penycae and Ruabon South,Montgomeryshire and Glyndŵr
8549,St Nicholas and Llancarfan,Vale of Glamorgan
8550,Morfa Nefyn a Thudweiliog,Dwyfor Meirionnydd
8551,St Florence and St Mary Out Liberty,Mid and South Pembrokeshire
8552,Ponciau,Montgomeryshire and Glyndŵr
8553,Pen-y-graig,Rhondda and Ogmore
8554,Wenvoe,Vale of Glamorgan
8555,St Ishmael's,Mid and South Pembrokeshire
8556,Porth,Rhondda and Ogmore
8557,Acton and Maesydre,Wrexham
8558,Rhos,Montgomeryshire and Glyndŵr
8559,Tenby: North,Mid and South Pembrokeshire
8560,Tonypandy,Rhondda and Ogmore
8561,Morfa Tywyn,Dwyfor Meirionnydd
8562,Bangor Is-y-Coed,Wrexham
8563,Ruabon,Montgomeryshire and Glyndŵr
8564,Tenby: South,Mid and South Pembrokeshire
8565,Tonyrefail East,Rhondda and Ogmore
8566,Nefyn,Dwyfor Meirionnydd
8567,Borras Park,Wrexham
8568,"Banwy, Llanfihangel and Llanwddyn",Montgomeryshire and Glyndŵr
8569,The Havens,Mid and South Pembrokeshire
8570,Tonyrefail West,Rhondda and Ogmore
8571,Peblig,Dwyfor Meirionnydd
8572,Bronington and Hanmer,Wrexham
8573,Berriew and Castle Caereinion,Montgomeryshire and Glyndŵr
8574,Caersws,Montgomeryshire and Glyndŵr
8575,Churchstoke,Montgomeryshire and Glyndŵr
8576,Dolforwyn,Montgomeryshire and Glyndŵr
8577,Forden and Montgomery,Montgomeryshire and Glyndŵr
8578,Glantwymyn,Montgomeryshire and Glyndŵr
8579,Guilsfield,Montgomeryshire and Glyndŵr
8580,Kerry,Montgomeryshire and Glyndŵr
8581,Llanbrynmair,Montgomeryshire and Glyndŵr
8582,Llandinam with Dolfor,Montgomeryshire and Glyndŵr
8583,Llandrinio,Montgomeryshire and Glyndŵr
8584,Llandysilio,Montgomeryshire and Glyndŵr
8585,Llanfair Caereinion and Llanerfyl,Montgomeryshire and Glyndŵr
8586,Llanfyllin,Montgomeryshire and Glyndŵr
8587,Llangyniew and Meifod,Montgomeryshire and Glyndŵr
8588,Llanidloes,Montgomeryshire and Glyndŵr
8589,Llanrhaeadr-ym-Mochnant and Llansilin,Montgomeryshire and Glyndŵr
8590,Llansantffraid,Montgomeryshire and Glyndŵr
8591,Machynlleth,Montgomeryshire and Glyndŵr
8592,Newtown Central and South,Montgomeryshire and Glyndŵr
8593,Newtown East,Montgomeryshire and Glyndŵr
8594,Newtown North,Montgomeryshire and Glyndŵr
8595,Newtown West,Montgomeryshire and Glyndŵr
8596,Rhiwcynon,Montgomeryshire and Glyndŵr
8597,Trelystan and Trewern,Montgomeryshire and Glyndŵr
8598,Welshpool Castle,Montgomeryshire and Glyndŵr
8599,Welshpool Gungrog,Montgomeryshire and Glyndŵr
8600,Welshpool Llanerchyddol,Montgomeryshire and Glyndŵr
8601,Bôn-y-maen,Neath and Swansea East
8602,Clydach,Neath and Swansea East
8603,Llansamlet,Neath and Swansea East
8604,St Thomas,Neath and Swansea East
8605,Waterfront,Neath and Swansea East
8606,Aberdulais,Neath and Swansea East
8607,Blaengwrach and Glynneath West,Neath and Swansea East
8608,Bryn-coch North,Neath and Swansea East
8609,Bryn-coch South,Neath and Swansea East
8610,Cadoxton,Neath and Swansea East
8611,Cimla and Pelenna,Neath and Swansea East
8612,Coedffranc Central,Neath and Swansea East
8613,Coedffranc North,Neath and Swansea East
8614,Coedffranc West,Neath and Swansea East
8615,"Crynant, Onllwyn and Seven Sisters",Neath and Swansea East
8616,Dyffryn,Neath and Swansea East
8617,Glynneath Central and East,Neath and Swansea East
8618,Neath East,Neath and Swansea East
8619,Wiston,Mid and South Pembrokeshire
8620,Trealaw,Rhondda and Ogmore
8621,Pen draw Llŷn,Dwyfor Meirionnydd
8622,Bulwark and Thornwell,Monmouthshire
8623,Treherbert,Rhondda and Ogmore
8624,Brymbo,Wrexham
8625,Caerwent,Monmouthshire
8626,Penisa'r-waun,Dwyfor Meirionnydd
8627,Treorchy,Rhondda and Ogmore
8628,Caldicot Castle,Monmouthshire
8629,Penrhyndeudraeth,Dwyfor Meirionnydd
8630,Bryn Cefn,Wrexham
8631,Tylorstown and Ynyshir,Rhondda and Ogmore
8632,Caldicot Cross,Monmouthshire
8633,Pen-y-groes,Dwyfor Meirionnydd
8634,Brynyffynnon,Wrexham
8635,Ystrad,Rhondda and Ogmore
8636,Cantref,Monmouthshire
8637,Teigl,Dwyfor Meirionnydd
8638,Cartrefle,Wrexham
8639,Castle,Swansea West
8640,Chepstow Castle and Larkfield,Monmouthshire
8641,Trawsfynydd,Dwyfor Meirionnydd
8642,Coedpoeth,Wrexham
8643,Cwmbwrla,Swansea West
8644,Croesonen,Monmouthshire
8645,Landore,Swansea West
8646,Erddig,Wrexham
8647,Tryfan,Dwyfor Meirionnydd
8648,Garden Village,Wrexham
8649,Crucorney,Monmouthshire
8650,Waunfawr,Dwyfor Meirionnydd
8651,Morriston,Swansea West
8652,Gresford East and West,Wrexham
8653,Devauden,Monmouthshire
8654,Y Bala,Dwyfor Meirionnydd
8655,Mynydd-bach,Swansea West
8656,Grosvenor,Wrexham
8657,Dewstow,Monmouthshire
8658,Y Bontnewydd,Dwyfor Meirionnydd
8659,Penderry,Swansea West
8660,Gwenfro,Wrexham
8661,Drybridge,Monmouthshire
8662,Y Groeslon,Dwyfor Meirionnydd
8663,Sketty,Swansea West
8664,Gwersyllt East,Wrexham
8665,Gobion Fawr,Monmouthshire
8666,Yr Eifl,Dwyfor Meirionnydd
8667,Townhill,Swansea West
8668,Gwersyllt North,Wrexham
8669,Goetre Fawr,Monmouthshire
8670,Edeirnion,Dwyfor Meirionnydd
8671,Uplands,Swansea West
8672,Gwersyllt South,Wrexham
8673,Gwersyllt West,Wrexham
8674,Hermitage,Wrexham
8675,Holt,Wrexham
8676,Little Acton,Wrexham
8677,Llay,Wrexham
8678,Marchwiel,Wrexham
8679,Marford and Hoseley,Wrexham
8680,Minera,Wrexham
8681,New Broughton,Wrexham
8682,Offa,Wrexham
8683,Overton and Maelor South,Wrexham
8684,Queensway,Wrexham
8685,Rhosnesni,Wrexham
8686,Rossett,Wrexham
8687,Smithfield,Wrexham
8688,Stansty,Wrexham
8689,Whitegate,Wrexham
8690,Wynnstay,Wrexham
8691,Aethwy,Ynys Môn
8692,Bodowyr,Ynys Môn
8693,Bro Aberffraw,Ynys Môn
8694,Bro'r Llynnoedd,Ynys Môn
8695,Canolbarth Môn,Ynys Môn
8696,Cefni,Ynys Môn
8697,Crigyll,Ynys Môn
8698,Lligwy,Ynys Môn
8699,Parc a'r Mynydd,Ynys Môn
8700,Seiriol,Ynys Môn
8701,Talybolion,Ynys Môn
8702,Tref Cybi,Ynys Môn
8703,Twrcelyn,Ynys Môn
8704,Ynys Gybi,Ynys Môn
8705,Waterfront,Swansea West
8706,Grofield,Monmouthshire
8707,Abersychan,Torfaen
8708,Lansdown,Monmouthshire
8709,Llanbadoc and Usk,Monmouthshire
8710,Blaenavon,Torfaen
8711,Llanelly,Monmouthshire
8712,Coed Eva,Torfaen
8713,Llanfoist Fawr and Govilon,Monmouthshire
8714,Llangybi Fawr,Monmouthshire
8715,Croesyceiliog,Torfaen
8716,Llantilio Crossenny,Monmouthshire
8717,Fairwater,Torfaen
8718,Magor East with Undy,Monmouthshire
8719,Greenmeadow,Torfaen
8720,Magor West,Monmouthshire
8721,Llanfrechfa and Ponthir,Torfaen
8722,Mardy,Monmouthshire
8723,Llantarnam,Torfaen
8724,Mitchel Troy and Trellech United,Monmouthshire
8725,Llanyrafon,Torfaen
8726,Mount Pleasant,Monmouthshire
8727,New Inn,Torfaen
8728,Osbaston,Monmouthshire
8729,Panteg,Torfaen
8730,Overmonnow,Monmouthshire
8731,Pontnewydd,Torfaen
8732,Park,Monmouthshire
8733,Pontnewynydd and Snatchwood,Torfaen
8734,Pen Y Fal,Monmouthshire
8735,Pontypool Fawr,Torfaen
8736,Portskewett,Monmouthshire
8737,St. Dials,Torfaen
8738,Raglan,Monmouthshire
8739,Trevethin and Penygarn,Torfaen
8740,Rogiet,Monmouthshire
8741,Two Locks,Torfaen
8742,Severn,Monmouthshire
8743,Upper Cwmbran,Torfaen
8744,Shirenewton,Monmouthshire
8745,Baruc,Vale of Glamorgan
8746,St Arvans,Monmouthshire
8747,Buttrills,Vale of Glamorgan
8748,St Kingsmark,Monmouthshire
8749,Cadoc,Vale of Glamorgan
8750,Town,Monmouthshire
8751,Castleland,Vale of Glamorgan
8752,West End,Monmouthshire
8753,Court,Vale of Glamorgan
8754,Bishopston,Gower
8755,Wyesham,Monmouthshire
8756,Clydach,Gower
8757,Cowbridge,Vale of Glamorgan
8758,Cockett,Gower
8759,Acrefair North,Montgomeryshire and Glyndŵr
8760,Dunvant and Killay,Gower
8761,Cefn East,Montgomeryshire and Glyndŵr
8762,Fairwood,Gower
8763,Cefn West,Montgomeryshire and Glyndŵr
8764,Gorseinon and Penyrheol,Gower
8765,Gower,Gower
8766,Gowerton,Gower
8767,Llangyfelach,Gower
8768,Llwchwr,Gower
8769,Mayals,Gower
8770,Mumbles,Gower
8771,Pen-clawdd,Gower
8772,Penllergaer,Gower
8773,Pennard,Gower
8774,Pontarddulais,Gower
8775,Pontlliw and Tircoed,Gower
8776,Waunarlwydd,Gower
8777,West Cross,Gower
8778,Bigyn,Llanelli
8779,Burry Port,Llanelli
8780,Bynea,Llanelli
8781,Dafen and Felinfoel,Llanelli
8782,Elli,Llanelli
8783,Glanymor,Llanelli
8784,Glyn,Llanelli
8785,Dyfan,Vale of Glamorgan
8786,Gibbonsdown,Vale of Glamorgan
8787,Illtyd,Vale of Glamorgan
8788,Llandow,Vale of Glamorgan
8789,Gorslas,Llanelli
8790,Hendy,Llanelli
8791,Hengoed,Llanelli
8792,Kidwelly and St Ishmael,Llanelli
8793,Llangennech,Llanelli
8794,Llangyndeyrn,Llanelli
8795,Llannon,Llanelli
8796,Lliedi,Llanelli
8797,Llwynhendy,Llanelli
