Burn Valley,"3,345"
De Bruce,"3,401"
Fens & Greatham,"2,970"
Foggy Furze,"3,734"
Hart,"3,225"
Headland & Harbour,"4,046"
Manor House,"3,672"
Rossmere,"3,356"
Rural West,"2,986"
Seaton (Hartlepool),"3,126"
Throston,"3,527"
Victoria (Hartlepool),"3,541"
Acklam,"2,434"
Ayresome,"2,462"
Berwick Hills & Pallister,"3,673"
Brambles & Thorntree,"3,785"
Central (Middlesbrough),"4,292"
Coulby Newham,"3,789"
Hemlington,"2,946"
Kader,"2,206"
Ladgate,"2,401"
Linthorpe,"2,553"
Longlands & Beechwood,"4,680"
Marton East,"2,622"
Marton West,"2,306"
Newport (Middlesbrough),"4,563"
North Ormesby,"1,551"
Nunthorpe,"2,108"
Park (Middlesbrough),"3,817"
Park End & Beckfield,"3,800"
Stainton & Thornton,"1,584"
Trimdon,"2,690"
Belmont (Redcar and Cleveland),"1,993"
Brotton,"3,054"
Coatham,"2,404"
Dormanstown,"2,106"
Eston,"3,495"
Grangetown (Redcar and Cleveland),"2,673"
Guisborough,"3,700"
Hutton,"2,890"
Kirkleatham,"3,445"
Lockwood,"1,114"
Loftus,"2,838"
Longbeck,"1,834"
Newcomen,"2,210"
Normanby,"2,963"
Ormesby (Redcar and Cleveland),"2,909"
St Germain's,"3,167"
Saltburn,"3,113"
Skelton East,"1,871"
Skelton West,"1,998"
South Bank,"2,281"
Teesville,"2,794"
West Dyke,"2,725"
Wheatlands,"2,079"
Zetland,"1,982"
Billingham Central,"3,194"
Billingham East,"2,921"
Billingham North,"3,782"
Billingham South,"2,742"
Billingham West,"2,369"
Bishopsgarth and Elm Tree,"2,913"
Eaglescliffe,"4,599"
Fairfield (Stockton-on-Tees),"2,431"
Grangefield,"2,643"
Hardwick and Salters Lane,"3,350"
Hartburn,"2,744"
Ingleby Barwick East,"4,089"
Ingleby Barwick West,"4,785"
Mandale and Victoria,"4,782"
Newtown (Stockton-on-Tees),"2,943"
Northern Parishes,"1,943"
Norton North (Stockton-on-Tees),"3,004"
Norton South,"3,116"
Norton West,"2,827"
Parkfield and Oxbridge,"3,963"
Roseworth,"3,043"
Stainsby Hill,"2,650"
Stockton Town Centre,"3,564"
Village (Stockton-on-Tees),"2,985"
Western Parishes,"1,488"
Yarm,"4,890"
Bank Top & Lascelles,"3,348"
Brinkburn & Faverdale,"2,936"
Cockerton,"2,875"
College (Darlington),"1,928"
Eastbourne,"2,702"
Harrowgate Hill,"2,747"
Haughton & Springfield,"2,825"
Heighington & Coniscliffe,"1,995"
Hummersknott,"1,614"
Hurworth,"1,621"
Mowden,"1,764"
North Road,"3,117"
Northgate (Darlington),"2,056"
Park East,"3,589"
Park West,"1,934"
Pierremont,"2,961"
Red Hall & Lingfield,"1,987"
Sadberge & Middleton St George,"2,886"
Stephenson,"2,235"
Whinfield,"1,798"
Annfield Plain,"3,813"
Aycliffe East,"3,768"
Aycliffe North and Middridge,"4,737"
Aycliffe West,"3,553"
Barnard Castle East,"3,912"
Barnard Castle West,"3,784"
Belmont (County Durham),"6,293"
Benfieldside,"3,630"
Bishop Auckland Town,"3,757"
Bishop Middleham and Cornforth,"1,747"
Blackhalls,"3,739"
Brandon,"4,838"
Burnopfield and Dipton,"3,609"
Chester-le-Street East,"1,686"
Chester-le-Street North,"1,795"
Chester-le-Street South,"3,369"
Chester-le-Street West Central,"3,729"
Chilton (County Durham),"2,185"
Consett North,"3,863"
Consett South,"2,317"
Coundon,"2,026"
Coxhoe,"6,035"
Craghead and South Moor,"3,908"
Crook,"5,677"
Dawdon,"3,785"
Deerness,"5,940"
Delves Lane,"3,638"
Deneside,"3,147"
Durham South,676
Easington,"3,584"
Elvet and Gilesgate,"2,428"
Esh and Witton Gilbert,"3,608"
Evenwood,"3,760"
Ferryhill,"5,405"
Framwellgate and Newton Hall,"5,994"
Horden,"3,533"
Lanchester,"3,495"
Leadgate and Medomsley,"4,031"
Lumley,"3,292"
Murton,"3,566"
Neville's Cross,"3,377"
North Lodge,"1,747"
Passfield,"2,052"
Pelton,"5,943"
Peterlee East,"3,430"
Peterlee West,"3,530"
Sacriston,"3,457"
Seaham,"2,921"
Sedgefield,"3,701"
Sherburn,"3,960"
Shildon and Dene Valley,"6,369"
Shotton and South Hetton,"4,166"
Spennymoor,"5,244"
Stanley (County Durham),"4,134"
Tanfield,"3,582"
Tow Law,"2,060"
Trimdon and Thornley,"5,778"
Tudhoe,"4,411"
Weardale,"3,755"
West Auckland,"3,878"
Willington and Hunwick,"3,982"
Wingate,"1,881"
Woodhouse Close,"3,752"
Alnwick,"5,032"
Amble,"2,376"
Amble West with Warkworth,"1,980"
Ashington Central,"2,301"
Bamburgh,"2,090"
Bedlington Central,"2,376"
Bedlington East,"2,117"
Bedlington West,"2,000"
Bellingham (Northumberland),"1,748"
Berwick East,"2,202"
Berwick North,"2,192"
Berwick West with Ord,"1,809"
Bywell,"1,996"
Choppington,"2,093"
College (Northumberland),"2,478"
Corbridge,"1,926"
Cowpen,"1,903"
Cramlington East,"2,011"
Cramlington Eastfield,"2,168"
Cramlington North,"1,893"
Cramlington South East,"2,287"
Cramlington Village,"2,023"
Cramlington West,"3,017"
Croft (Northumberland),"2,139"
Druridge Bay,"2,529"
Haltwhistle,"2,212"
Hartley,"2,222"
Haydon,"1,884"
Haydon and Hadrian,"1,996"
Hexham Central with Acomb,"2,289"
Hexham East,"2,002"
Hexham West,"1,693"
Hirst,"2,360"
Holywell (Northumberland),"2,483"
Humshaugh,"1,914"
Isabella,"2,143"
Kitty Brewster,"3,050"
Longhorsley,"2,009"
Longhoughton,"1,929"
Lynemouth,"2,099"
Morpeth Kirkhill,"2,420"
Morpeth North,"2,168"
Morpeth Stobhill,"2,245"
Newbiggin Central and East,"2,193"
Norham and Islandshires,"1,996"
Plessey,"1,719"
Ponteland East and Stannington,"2,170"
Ponteland North,"2,274"
Ponteland South with Heddon,"1,737"
Ponteland West,"1,629"
Prudhoe North,"2,233"
Prudhoe South,"2,532"
Rothbury,"2,359"
Seaton with Newbiggin West,"2,541"
Shilbottle,"2,427"
Sleekburn,"2,020"
South Blyth,"2,025"
South Tynedale,"2,084"
Stakeford,"2,124"
Stocksfield and Broomhaugh,"2,101"
Wensleydale,"2,625"
Wooler,"2,158"
Newsham,"2,372"
Seghill with Seaton Delaval,"2,886"
Bothal,"2,294"
Pegswood,"2,617"
Arthur's Hill,"3,628"
Benwell & Scotswood,"5,532"
Blakelaw,"4,837"
Byker,"5,864"
Callerton & Throckley,"4,748"
Castle (Newcastle upon Tyne),"5,847"
Chapel,"4,231"
Dene & South Gosforth,"4,038"
Denton & Westerhope,"5,458"
Elswick,"5,657"
Fawdon & West Gosforth,"4,663"
Gosforth (Newcastle upon Tyne),"4,557"
Heaton (Newcastle upon Tyne),"4,797"
Kenton (Newcastle upon Tyne),"4,881"
Kingston Park South & Newbiggin Hall,"4,701"
Lemington,"4,681"
Manor Park (Newcastle upon Tyne),"4,053"
Monument,"4,679"
North Jesmond,"3,625"
Ouseburn (Newcastle upon Tyne),"3,565"
Parklands,"5,015"
South Jesmond,"3,996"
Walker,"5,310"
Walkergate,"5,639"
West Fenham,"4,735"
Wingrove,"4,061"
Battle Hill,"4,985"
Benton,"4,770"
Camperdown,"4,910"
Chirton,"5,378"
Collingwood,"4,981"
Cullercoats,"4,261"
Howdon,"5,165"
Killingworth,"5,169"
Longbenton,"5,261"
Monkseaton North,"3,754"
Monkseaton South,"4,305"
Northumberland,"4,214"
Preston (North Tyneside),"3,863"
Riverside (North Tyneside),"6,050"
St Mary's (North Tyneside),"3,758"
Tynemouth,"5,233"
Valley (North Tyneside),"5,993"
Wallsend,"5,342"
Weetslade,"4,769"
Whitley Bay,"4,073"
Beacon and Bents,"4,119"
Bede (South Tyneside),"3,403"
Biddick and All Saints,"4,107"
Boldon Colliery,"4,152"
Cleadon and East Boldon,"3,634"
Cleadon Park,"3,419"
Fellgate and Hedworth,"3,334"
Harton,"3,659"
Hebburn North,"4,197"
Hebburn South,"4,209"
Horsley Hill,"3,917"
Monkton,"3,909"
Primrose (South Tyneside),"3,534"
Simonside and Rekendyke,"4,447"
Westoe,"3,832"
West Park (South Tyneside),"3,451"
Whitburn and Marsden,"3,308"
Whiteleas,"3,656"
Barnes (Sunderland),"4,536"
Castle (Sunderland),"4,726"
Copt Hill,"5,299"
Doxford,"4,422"
Fulwell,"4,835"
Hendon (Sunderland),"5,413"
Hetton,"5,476"
Houghton,"5,823"
Millfield (Sunderland),"4,452"
Pallion,"4,792"
Redhill (Sunderland),"5,058"
Ryhope,"4,968"
St Anne's,"4,556"
St Chad's,"4,454"
St Michael's (Sunderland),"4,660"
St Peter's (Sunderland),"4,760"
Sandhill,"4,917"
Shiney Row,"5,347"
Silksworth,"4,579"
Southwick (Sunderland),"5,075"
Washington Central,"4,922"
Washington East,"4,891"
Washington North,"4,852"
Washington South,"4,401"
Washington West,"4,960"
Birtley,"3,688"
Blaydon,"4,472"
Bridges,"4,060"
Chowdene,"4,026"
Crawcrook and Greenside,"4,138"
Deckham,"4,303"
Dunston and Teams,"4,185"
Dunston Hill and Whickham East,"3,860"
Felling,"4,106"
High Fell,"4,015"
Lamesley,"4,396"
Lobley Hill and Bensham,"4,597"
Low Fell,"3,770"
Pelaw and Heworth,"3,945"
"Ryton, Crookhill and Stella","3,925"
Saltwell,"4,155"
Wardley and Leam Lane,"3,534"
Whickham North,"3,667"
Whickham South and Sunniside,"3,671"
Windy Nook and Whitehills,"4,372"
Winlaton and High Spen,"3,928"
Chopwell and Rowlands Gill,"4,186"
Appleton (Halton),"3,063"
Bankfield,"2,769"
Beechwood & Heath,"3,285"
Birchfield (Halton),"3,071"
Bridgewater,"3,439"
Central & West Bank,"3,059"
"Daresbury, Moore & Sandymoor","1,863"
"Ditton, Hale Village & Halebank","3,215"
Farnworth (Halton),"3,291"
Grange (Halton),"3,488"
Halton Castle,"3,141"
Halton Lea,"3,047"
Halton View,"3,337"
Highfield (Halton),"2,775"
Hough Green,"3,110"
Mersey & Weston,"3,805"
Norton North (Halton),"3,158"
Norton South & Preston Brook,"3,035"
Appleton (Warrington),"4,331"
Bewsey and Whitecross,"5,685"
Birchwood (Warrington),"4,965"
Burtonwood and Winwick,"2,576"
Chapelford and Old Hall,"4,695"
"Culcheth, Glazebury and Croft","4,610"
Fairfield and Howley,"5,711"
Grappenhall,"2,575"
Great Sankey North and Whittle Hall,"4,047"
Great Sankey South,"4,765"
Latchford East,"4,070"
Latchford West,"3,680"
Lymm North and Thelwall,"4,965"
Lymm South,"2,684"
Orford,"5,203"
Penketh and Cuerdley,"4,237"
Poplars and Hulme,"5,318"
Poulton North,"4,157"
Poulton South,"2,800"
Rixton and Woolston,"3,873"
Stockton Heath,"3,020"
Westbrook (Warrington),"2,569"
Audley & Queen's Park,"3,354"
Bastwell & Daisyfield,"2,604"
Billinge & Beardwood,"2,978"
Blackburn Central,"3,733"
Blackburn South & Lower Darwen,"3,091"
Blackburn South East,"3,978"
Darwen East,"4,605"
Darwen South,"3,689"
Darwen West,"3,645"
Ewood,"4,086"
Little Harwood & Whitebirk,"3,018"
Livesey with Pleasington,"3,441"
Mill Hill & Moorgate,"3,801"
Roe Lee,"3,484"
Shear Brow & Corporation Park,"2,619"
Wensley Fold,"3,204"
West Pennine,"3,437"
Anchorsholme,"3,149"
Bispham,"2,909"
Bloomfield,"3,304"
Brunswick,"3,077"
Claremont (Blackpool),"3,734"
Clifton (Blackpool),"3,113"
Greenlands (Blackpool),"3,073"
Hawes Side,"3,202"
Highfield (Blackpool),"2,921"
Ingthorpe,"3,230"
Layton,"3,075"
Marton,"3,118"
Norbreck,"2,703"
Park (Blackpool),"3,243"
Squires Gate,"2,731"
Stanley (Blackpool),"3,267"
Talbot,"3,164"
Tyldesley (Blackpool),"2,954"
Victoria (Blackpool),"3,011"
Warbreck (Blackpool),"2,789"
Waterloo (Blackpool),"3,022"
Alderley Edge,"2,217"
Alsager,"5,922"
Audlem,"2,288"
Bollington,"3,994"
Brereton Rural,"3,046"
Broken Cross and Upton,"3,831"
Bunbury,"2,335"
Chelford,"2,014"
Congleton East,"6,202"
Congleton West,"6,635"
Crewe Central,"3,256"
Crewe East,"6,725"
Crewe North,"2,090"
Crewe St Barnabas,"2,198"
Crewe South,"5,188"
Crewe West,"4,523"
Dane Valley (Cheshire East),"4,409"
Disley,"2,109"
Gawsworth,"1,897"
Handforth,"4,390"
Haslington,"3,791"
High Legh,"1,992"
Knutsford,"5,880"
Leighton,"2,351"
Macclesfield Central,"4,775"
Macclesfield East,"2,181"
Macclesfield Hurdsfield,"2,164"
Macclesfield South,"3,853"
Macclesfield Tytherington,"4,003"
Macclesfield West and Ivy,"3,640"
Middlewich,"6,273"
Mobberley,"1,985"
Nantwich North and West,"4,258"
Nantwich South and Stapeley,"4,209"
Odd Rode,"3,778"
Poynton East and Pott Shrigley,"3,320"
Poynton West and Adlington,"3,554"
Prestbury (Cheshire East),"1,858"
Sandbach Elworth,"2,490"
Sandbach Ettiley Heath and Wheelock,"2,498"
Sandbach Heath and East,"2,355"
Sandbach Town,"2,506"
Shavington,"2,518"
Sutton (Cheshire East),"1,856"
Willaston and Rope,"2,307"
Wilmslow Dean Row,"2,203"
Wilmslow East,"1,944"
Wilmslow Lacey Green,"1,976"
Wilmslow West and Chorley,"4,276"
Wistaston,"4,171"
Wrenbury,"2,321"
Wybunbury,"2,302"
Blacon,"6,011"
Central & Grange,"5,457"
Chester City & the Garden Quarter,"8,636"
Christleton & Huntington,"4,717"
"Davenham, Moulton & Kingsmead","4,571"
Farndon,"2,079"
Frodsham,"4,172"
Gowy Rural,"3,914"
Great Boughton,"4,874"
Handbridge Park,"4,328"
Hartford & Greenbank,"3,813"
Helsby,"2,388"
Lache,"2,587"
Ledsham & Manor,"4,011"
Little Neston,"2,167"
Malpas (Cheshire West and Chester),"2,095"
Marbury,"5,688"
Neston,"2,571"
Netherpool,"2,512"
Newton & Hoole,"6,699"
Northwich Leftwich,"2,278"
Northwich Winnington & Castle,"4,065"
Northwich Witton,"2,336"
Parkgate,"2,267"
Rudheath,"2,482"
Sandstone,"2,127"
Saughall & Mollington,"2,186"
Shakerley,"2,184"
Strawberry,"2,273"
Sutton Villages,"4,843"
Tarporley,"2,242"
Tarvin & Kelsall,"3,917"
Tattenhall,"2,190"
Upton (Cheshire West and Chester),"3,910"
Weaver & Cuddington,"6,425"
Westminster,"2,608"
Whitby Groves,"1,800"
Whitby Park,"2,232"
Willaston & Thornton,"2,280"
Winsford Dene,"2,289"
Winsford Gravel,"1,818"
Winsford Over & Verdin,"6,446"
Winsford Swanlow,"1,951"
Winsford Wharton,"2,225"
Wolverham,"2,493"
Aspatria,"2,388"
Bothel and Wharrels,"2,217"
Cockermouth North,"3,219"
Cockermouth South,"2,653"
Dearham and Broughton,"2,609"
Harrington,"2,889"
Keswick,"2,421"
Maryport North,"2,877"
Maryport South,"2,901"
Moss Bay and Moorclose,"3,223"
St John's and Great Clifton,"2,943"
St Michael's (Allerdale),"2,857"
Seaton (Allerdale),"2,961"
Solway Coast,"2,441"
Thursby,"2,238"
Wigton,"3,134"
Dalton North,"2,657"
Dalton South,"2,773"
Hawcoat and Newbarns,"4,728"
Old Barrow and Hindpool,"6,318"
Ormsgill and Parkside,"5,103"
Risedale and Roosecote,"4,752"
Walney Island,"4,928"
Belah,"3,077"
Belle Vue (Carlisle),"2,934"
Botcherby,"2,901"
Brampton (Carlisle),"2,615"
Castle (Carlisle),"3,110"
Corby and Hayton,"2,169"
Currock,"3,129"
Dalston and Burgh,"3,290"
Denton Holme,"3,249"
Harraby North,"2,993"
Harraby South,"2,558"
Houghton and Irthington,"2,281"
Longtown,"2,290"
Morton (Carlisle),"3,000"
Stanwix Urban,"2,558"
Upperby,"2,787"
Wetheral,"3,144"
Yewdale,"2,575"
Bransty,"2,472"
Cleator Moor East and Frizington,"2,442"
Cleator Moor West,"2,763"
Egremont,"2,684"
Egremont North and St Bees,"2,427"
Gosforth (Copeland),"2,723"
Hillcrest and Hensingham,"2,481"
Howgate,"2,497"
Kells and Sandwith,"3,080"
Millom,"2,639"
Millom Without,"2,126"
Mirehouse,"2,455"
Alston and Fellside,"2,820"
Appleby and Brough,"2,760"
Eamont and Shap,"1,959"
Eden and Lyvennet Vale,"2,434"
Greystoke and Ullswater,"1,862"
Hesket and Lazonby,"2,668"
Kirkby Stephen and Tebay,"2,271"
Penrith North,"3,442"
Penrith South,"4,397"
Bowness and Lyth,"1,729"
Burton and Holme,"1,520"
Coniston and Hawkshead,"1,494"
Grange and Cartmel,"5,055"
High Furness,"1,678"
Kendal Castle,"2,697"
Kendal Highgate,"2,830"
Kendal Nether,"2,909"
Kendal South,"2,848"
Kendal Strickland and Fell,"3,156"
Kent Estuary,"2,854"
Levens and Crooklands,"1,706"
Low Furness,"1,825"
Sedbergh and Kirkby Lonsdale,"3,393"
Ulverston,"5,628"
Upper Kent,"1,802"
Windermere and Ambleside,"4,533"
Bank Hall,"2,777"
Briercliffe,"2,466"
Brunshaw,"2,977"
Cliviger with Worsthorne,"2,298"
Coal Clough with Deerplay,"2,285"
Daneshouse with Stoneyholme,"2,362"
Gannow,"2,625"
Gawthorpe,"2,929"
Hapton with Park,"2,811"
Lanehead,"2,614"
Queensgate,"2,534"
Rosegrove with Lowerhouse,"3,064"
Rosehill with Burnley Wood,"2,825"
Trinity (Burnley),"2,764"
Whittlefield with Ightenhill,"2,541"
Adlington & Anderton,"3,506"
Buckshaw & Whittle,"4,132"
Chorley East,"3,748"
Chorley North East,"3,004"
Chorley North West,"3,704"
Chorley North & Astley,"3,614"
Chorley South East & Heath Charnock,"4,032"
Chorley South West,"3,540"
"Clayton East, Brindle & Hoghton","3,996"
Clayton West & Cuerden,"3,717"
Coppull,"3,537"
"Croston, Mawdesley & Euxton South","3,211"
"Eccleston, Heskin & Charnock Richard","3,147"
Euxton,"3,244"
Ansdell,"1,933"
Ashton (Fylde),"2,290"
Central (Fylde),"2,271"
Clifton (Fylde),"2,094"
Elswick and Little Eccleston,709
Fairhaven,"2,068"
Freckleton East,"1,388"
Freckleton West,"1,276"
Heyhouses,"2,440"
Kilnhouse,"1,937"
Kirkham North,"2,079"
Kirkham South,"1,255"
Medlar-with-Wesham,"1,924"
Newton and Treales,"1,398"
Park (Fylde),"2,385"
Ribby-with-Wrea,824
St Johns (Fylde),"2,126"
St Leonards (Fylde),"2,314"
Singleton and Greenhalgh,584
Staining and Weeton,"1,389"
Warton and Westby,"2,918"
Altham,"2,134"
Barnfield (Hyndburn),"2,180"
Baxenden,"1,694"
Central (Hyndburn),"1,868"
Church (Hyndburn),"2,123"
Clayton-le-Moors,"2,070"
Huncoat,"1,972"
Immanuel,"2,004"
Milnshaw,"2,132"
Netherton,"2,079"
Overton (Hyndburn),"2,837"
Peel,"2,087"
Rishton,"2,996"
St Andrew's (Hyndburn),"2,031"
St Oswald's (Hyndburn),"2,622"
Spring Hill,"1,961"
Bare,"3,217"
Bolton & Slyne,"3,232"
Bulk,"3,617"
Carnforth & Millhead,"2,706"
Castle (Lancaster),"2,150"
Ellel,"1,834"
Halton-with-Aughton,"1,242"
Harbour,"3,380"
Heysham Central,"2,095"
Heysham North,"2,106"
Heysham South,"2,817"
John O'Gaunt,"2,913"
Kellet,995
Lower Lune Valley,"1,975"
Marsh,"2,618"
Overton (Lancaster),"1,106"
Poulton,"2,422"
Scotforth East,"1,842"
Scotforth West,"2,915"
Silverdale (Lancaster),863
Skerton East,"3,113"
Skerton West,"3,022"
Torrisholme,"2,085"
University & Scotforth Rural,239
Upper Lune Valley,"1,054"
Warton,925
Westgate (Lancaster),"3,494"
Barnoldswick,"4,027"
Barrowford & Pendleside,"3,415"
Boulsworth & Foulridge,"3,511"
Bradley (Pendle),"3,248"
Brierfield East & Clover Hill,"3,098"
Brierfield West & Reedley,"2,153"
Earby & Coates,"3,659"
Fence & Higham,"1,076"
Marsden & Southfield,"3,621"
Vivary Bridge,"3,337"
Waterside & Horsfield,"3,496"
Whitefield & Walverden,"3,426"
Ashton (Preston),"4,069"
Brookfield (Preston),"3,282"
Cadley,"3,750"
City Centre,"5,004"
Deepdale,"3,212"
Fishwick & Frenchwood,"3,476"
Garrison,"3,568"
Greyfriars (Preston),"3,380"
Ingol & Cottam,"4,146"
Lea & Larches,"4,030"
Plungington,"4,371"
Preston Rural East,"3,339"
Preston Rural North,"2,766"
Ribbleton,"3,602"
St Matthew's (Preston),"4,187"
Sharoe Green,"3,425"
Alston & Hothersall,"1,146"
Billington & Langho,"1,547"
Bowland,607
Brockhall & Dinckley,565
Chatburn,582
Chipping,611
Clayton-le-Dale & Salesbury,676
Derby & Thornley,"1,527"
Dilworth,"1,208"
"East Whalley, Read & Simonstone","1,130"
Edisford & Low Moor,"1,470"
Gisburn & Rimington,590
Hurst Green & Whitewell,551
Littlemoor,"1,487"
Mellor,"1,245"
Primrose (Ribble Valley),"1,696"
Ribchester,675
Sabden,714
St Mary's (Ribble Valley),"1,432"
Salthill,"1,595"
"Waddington, Bashall Eaves & Mitton",683
West Bradford & Grindleton,731
Whalley & Painter Wood,"1,425"
Whalley Nethertown,537
Wilpshire & Ramsgreave,"1,341"
Wiswell & Barrow,975
Cribden,"1,556"
Eden,"1,570"
Facit and Shawforth,"1,698"
Goodshaw,"1,748"
Greenfield (Rossendale),"2,363"
Greensclough,"2,625"
Hareholme,"2,448"
Healey and Whitworth,"1,790"
Helmshore,"2,608"
Irwell,"2,595"
Longholme,"2,582"
Stacksteads,"1,826"
Whitewell,"2,568"
Worsley,"2,585"
Bamber Bridge East,"2,135"
Bamber Bridge West,"2,011"
Broad Oak,"1,744"
Broadfield (South Ribble),"2,163"
Buckshaw & Worden,"2,029"
Charnock,"1,769"
Coupe Green & Gregson Lane,"1,860"
Earnshaw Bridge,"2,152"
Farington East,"1,987"
Farington West,"1,721"
Hoole,"1,817"
Howick & Priory,"3,075"
Leyland Central,"2,177"
Longton & Hutton West,"2,538"
Lostock Hall,"2,796"
Middleforth,"3,342"
Moss Side (South Ribble),"1,648"
New Longton & Hutton East,"1,968"
St Ambrose,"2,032"
Samlesbury & Walton,"1,797"
Seven Stars,"1,857"
Walton-le-Dale East,"1,993"
Walton-le-Dale West,"1,975"
Ashurst,"2,776"
Aughton and Downholland,"2,302"
Aughton Park,"1,607"
Birch Green,"1,835"
Burscough East,"1,962"
Burscough West,"2,093"
Derby (West Lancashire),"2,543"
Digmoor,"1,960"
Halsall,910
Hesketh-with-Becconsall,"1,672"
Knowsley,"2,543"
Moorside (West Lancashire),"1,659"
North Meols,"2,083"
Parbold,"1,548"
Rufford,923
Scarisbrick,"1,779"
Scott,"2,670"
Skelmersdale North,"1,664"
Skelmersdale South,"2,894"
Tanhouse,"2,192"
Tarleton,"2,623"
Up Holland,"2,743"
Wrightington,"1,740"
Bickerstaffe,927
Newburgh,887
Bourne,"2,947"
Breck,"2,083"
Brock with Catterall,"1,951"
Calder (Wyre),996
Carleton,"2,002"
Cleveleys Park,"2,213"
Garstang,"3,235"
Great Eccleston,"1,861"
Hambleton & Stalmine,"2,099"
Hardhorn with High Cross,"2,826"
Jubilee (Wyre),"2,288"
Marsh Mill,"3,004"
Mount,"2,350"
Park (Wyre),"2,083"
Pharos,"2,611"
Pheasant's Wood,772
Pilling,"1,074"
Preesall,"2,724"
Rossall,"2,589"
Stanah,"2,021"
Tithebarn,"2,073"
Victoria & Norcross,"2,014"
Warren,"1,993"
Wyresdale,960
Astley Bridge,"5,962"
Bradshaw,"4,951"
Breightmet,"6,012"
Bromley Cross,"5,963"
Crompton (Bolton),"6,749"
Farnworth (Bolton),"6,681"
Great Lever,"5,767"
Halliwell,"6,180"
Harper Green,"5,437"
Heaton and Lostock,"5,395"
Horwich and Blackrod,"6,464"
Horwich North East,"5,693"
Hulton,"5,880"
Kearsley,"6,575"
Little Lever and Darcy Lever,"5,602"
Rumworth,"5,822"
Smithills,"6,026"
Tonge with the Haulgh,"5,838"
Westhoughton North and Chew Moor,"6,197"
Westhoughton South,"5,602"
Besses,"4,630"
Bury East,"5,209"
Bury West,"4,643"
Elton,"4,891"
Holyrood,"4,756"
Moorside (Bury),"4,950"
North Manor,"4,214"
Pilkington Park,"4,219"
Radcliffe East,"4,864"
Radcliffe North & Ainsworth,"5,344"
Radcliffe West,"4,994"
Ramsbottom,"5,094"
Redvales,"4,563"
Sedgley (Bury),"4,431"
St. Mary's (Bury),"4,904"
Tottington,"4,232"
Unsworth,"4,754"
Ancoats & Beswick,"7,466"
Ardwick,"6,738"
Baguley,"6,744"
Brooklands (Manchester),"6,795"
Burnage,"6,522"
Charlestown,"7,030"
Cheetham,"6,953"
Chorlton,"5,680"
Chorlton Park,"7,103"
Clayton & Openshaw,"7,709"
Crumpsall,"6,022"
Deansgate,"6,278"
Didsbury East,"6,227"
Didsbury West,"7,432"
Fallowfield,"4,311"
Gorton & Abbey Hey,"8,353"
Harpurhey,"7,895"
Higher Blackley,"6,398"
Hulme,"7,880"
Levenshulme,"7,234"
Longsight,"6,473"
Miles Platting & Newton Heath,"8,128"
Moss Side (Manchester),"7,269"
Moston,"7,456"
Northenden,"6,072"
Old Moat,"5,757"
Piccadilly,"6,263"
Rusholme,"4,787"
Sharston,"7,104"
Whalley Range,"6,619"
Withington,"5,538"
Woodhouse Park,"6,496"
Alexandra (Oldham),"4,797"
Chadderton Central,"4,537"
Chadderton North,"4,502"
Chadderton South,"4,850"
Coldhurst,"4,322"
Crompton (Oldham),"4,591"
Failsworth East,"4,702"
Failsworth West,"4,789"
Hollinwood,"4,798"
Medlock Vale,"5,012"
Royton North,"4,445"
Royton South,"4,827"
Saddleworth North,"4,257"
Saddleworth South,"4,432"
Saddleworth West and Lees,"4,875"
St James' (Oldham),"4,887"
St Mary's (Oldham),"4,705"
Shaw (Oldham),"4,505"
Waterhead,"5,184"
Werneth,"4,122"
Balderstone & Kirkholt,"4,537"
Bamford,"4,218"
Castleton,"4,384"
Central Rochdale,"4,258"
East Middleton,"4,949"
Healey,"4,215"
Hopwood Hall,"4,610"
Kingsway (Rochdale),"4,118"
Littleborough Lakeside,"4,259"
Milkstone & Deeplish,"3,721"
Milnrow & Newhey,"4,719"
Norden (Rochdale),"4,049"
North Heywood,"5,116"
North Middleton,"5,144"
Smallbridge & Firgrove,"4,711"
South Middleton,"4,717"
Spotland & Falinge,"4,810"
"Wardle, Shore & West Littleborough","4,301"
West Heywood,"5,121"
West Middleton,"4,264"
Barton & Winton,"7,126"
Blackfriars & Trinity,"5,885"
Boothstown & Ellenbrook,"5,169"
Broughton (Salford),"6,227"
Cadishead & Lower Irlam,"5,228"
Claremont (Salford),"5,520"
Eccles,"6,755"
Higher Irlam & Peel Green,"5,878"
Kersal & Broughton Park,"5,305"
Little Hulton,"5,718"
Ordsall,"4,944"
Pendlebury & Clifton,"5,769"
Pendleton & Charlestown,"6,453"
Quays,"5,139"
Swinton & Wardley,"5,513"
Swinton Park,"5,374"
Walkden North,"5,982"
Walkden South,"5,157"
Weaste & Seedley,"7,124"
Worsley & Westwood Park,"4,848"
Bramhall North,"5,288"
Bramhall South and Woodford,"5,212"
Bredbury and Woodley,"6,029"
Bredbury Green and Romiley,"6,320"
Brinnington and Central,"8,681"
Cheadle and Gatley,"6,383"
Cheadle Hulme North,"5,852"
Cheadle Hulme South,"5,856"
Davenport and Cale Green,"6,643"
Edgeley and Cheadle Heath,"6,360"
Hazel Grove,"6,066"
Heald Green,"5,000"
Heatons North,"5,945"
Heatons South,"6,007"
Manor (Stockport),"6,226"
Marple North,"5,194"
Marple South and High Lane,"5,306"
Offerton,"5,933"
Reddish North,"6,675"
Reddish South,"6,132"
Stepping Hill,"5,543"
Ashton Hurst,"4,757"
Ashton St Michael's,"5,314"
Ashton Waterloo,"4,870"
Audenshaw,"5,373"
Denton North East,"5,071"
Denton South,"5,116"
Denton West,"5,046"
Droylsden East,"5,362"
Droylsden West,"4,796"
Dukinfield,"5,536"
Dukinfield Stalybridge,"5,171"
Hyde Godley,"5,457"
Hyde Newton,"6,534"
Hyde Werneth,"4,774"
Longdendale,"4,662"
Mossley,"5,172"
St Peter's (Tameside),"6,216"
Stalybridge North,"5,538"
Stalybridge South,"4,763"
Altrincham,"5,608"
Ashton upon Mersey,"4,328"
Bowdon,"3,739"
Broadheath (Trafford),"5,572"
Brooklands (Trafford),"4,203"
Bucklow-St Martins,"4,184"
Clifford,"5,207"
Davyhulme East,"3,985"
Davyhulme West,"4,108"
Flixton,"4,604"
Gorse Hill (Trafford),"5,065"
Hale Barns,"3,820"
Hale Central,"4,179"
Longford (Trafford),"5,149"
Priory (Trafford),"5,025"
St Mary's (Trafford),"4,812"
Sale Moor,"4,397"
Stretford,"4,669"
Timperley,"4,383"
Urmston,"4,910"
Village (Trafford),"4,322"
Abram,"6,558"
Ashton (Wigan),"4,966"
Aspull New Springs Whelley,"5,550"
Astley Mosley Common,"5,515"
Atherleigh,"5,415"
Atherton,"6,898"
Bryn (Wigan),"4,987"
Douglas,"5,837"
Golborne and Lowton West,"5,356"
Hindley,"5,862"
Hindley Green,"4,836"
Ince,"5,765"
Leigh East,"5,814"
Leigh South,"6,401"
Leigh West,"7,324"
Lowton East,"5,901"
Orrell,"5,308"
Pemberton,"6,032"
Shevington with Lower Ground,"5,086"
Standish with Langtree,"5,965"
Tyldesley (Wigan),"6,195"
Wigan Central,"5,723"
Wigan West,"5,974"
Winstanley (Wigan),"4,615"
Worsley Mesnes,"5,222"
Cherryfield,"4,622"
Halewood North,"4,408"
Halewood South,"4,477"
Northwood (Knowsley),"5,042"
Page Moss,"5,000"
Prescot North,"4,892"
Prescot South,"4,238"
Roby,"3,918"
Shevington,"4,546"
St Gabriels,"4,148"
St Michaels (Knowsley),"4,000"
Stockbridge,"4,696"
Swanside,"3,864"
Whiston and Cronton,"3,925"
Whitefield,"4,299"
Allerton and Hunts Cross,"6,436"
Anfield,"6,484"
Belle Vale (Liverpool),"6,872"
Central (Liverpool),"7,203"
Childwall,"5,170"
Church (Liverpool),"5,664"
Clubmoor,"6,646"
County,"6,350"
Cressington,"6,420"
Croxteth,"5,989"
Everton (Liverpool),"7,821"
Fazakerley,"6,851"
Greenbank,"5,659"
Kensington and Fairfield,"7,116"
Kirkdale,"8,604"
Knotty Ash,"6,150"
Mossley Hill,"5,299"
Norris Green,"7,880"
Old Swan,"7,095"
Picton,"7,436"
Princes Park (Liverpool),"8,244"
Riverside (Liverpool),"11,422"
St Michael's (Liverpool),"6,281"
Speke-Garston,"9,347"
Tuebrook and Stoneycroft,"7,037"
Warbreck (Liverpool),"6,531"
Wavertree,"6,303"
West Derby,"5,962"
Woolton,"6,148"
Yew Tree,"7,070"
Billinge & Seneley Green,"4,605"
Blackbrook (St. Helens),"4,554"
Bold & Lea Green,"4,962"
Eccleston,"4,492"
Haydock,"4,825"
Moss Bank,"4,842"
Newton-le-Willows East,"5,438"
Newton-le-Willows West,"5,734"
Parr,"5,464"
Peasley Cross & Fingerpost,"1,498"
Rainford,"3,503"
Rainhill,"4,962"
St Helens Town Centre,"4,082"
Sutton North West,"3,126"
Sutton South East,"2,959"
Thatto Heath,"5,719"
West Park (St. Helens),"5,468"
Windle,"4,774"
Ainsdale,"5,515"
Birkdale,"5,444"
Blundellsands,"4,991"
Cambridge,"6,379"
Church (Sefton),"5,745"
Derby (Sefton),"5,715"
Duke's,"7,276"
Ford,"5,592"
Harington,"4,843"
Kew (Sefton),"5,853"
Linacre (Sefton),"6,460"
Litherland,"5,409"
Manor (Sefton),"5,379"
Meols,"5,291"
Molyneux,"5,151"
Netherton and Orrell,"5,320"
Norwood,"6,086"
Park (Sefton),"5,091"
Ravenmeols,"5,273"
St Oswald (Sefton),"5,104"
Sudell,"5,632"
Victoria (Sefton),"5,524"
Bebington,"6,535"
Bidston and St James,"7,062"
Birkenhead and Tranmere,"8,059"
Bromborough,"7,401"
Clatterbridge,"5,876"
Claughton,"6,473"
Eastham,"6,019"
"Greasby, Frankby and Irby","6,188"
Heswall,"5,827"
Hoylake and Meols,"5,726"
Leasowe and Moreton East,"6,543"
Liscard,"6,988"
Moreton West and Saughall Massie,"6,238"
New Brighton,"6,915"
Oxton,"6,666"
Pensby and Thingwall,"5,843"
Prenton,"6,247"
Rock Ferry,"6,898"
Seacombe,"6,702"
Upton (Wirral),"7,251"
Wallasey,"6,292"
West Kirby and Thurstaston,"5,505"
Avenue (Kingston upon Hull),"6,137"
Beverley & Newland,"6,737"
Boothferry,"5,286"
Bricknell,"3,600"
Central (Kingston upon Hull),"5,043"
Derringham,"5,641"
Drypool,"5,893"
Holderness,"5,127"
Ings,"4,041"
Kingswood (Kingston upon Hull),"3,833"
Longhill & Bilton Grange,"5,407"
Marfleet,"5,685"
Newington & Gipsyville,"7,212"
North Carr,"5,786"
Orchard Park,"6,461"
Pickering (Kingston upon Hull),"3,932"
St Andrew's & Docklands,"8,263"
Southcoates,"6,170"
Sutton (Kingston upon Hull),"5,925"
University (Kingston upon Hull),"3,912"
West Carr,"5,381"
Beverley Rural,"5,918"
Bridlington Central and Old Town,"5,039"
Bridlington North,"6,630"
Bridlington South,"6,683"
Cottingham North,"3,710"
Cottingham South,"4,330"
Dale,"7,408"
Driffield and Rural,"7,162"
East Wolds and Coastal,"6,463"
Goole North,"4,812"
Goole South,"4,667"
Hessle,"6,795"
Howden,"2,438"
Howdenshire,"6,485"
Mid Holderness,"6,044"
Minster and Woodmansey,"7,652"
North Holderness,"4,701"
Pocklington Provincial,"8,308"
St Mary's (East Riding of Yorkshire),"7,452"
"Snaith, Airmyn, Rawcliffe and Marshland","4,274"
South East Holderness,"6,564"
South Hunsley,"4,484"
South West Holderness,"6,382"
Tranby,"4,596"
Willerby and Kirk Ella,"5,899"
Wolds Weighton,"7,169"
Croft Baker,"5,476"
East Marsh,"4,971"
Freshney,"4,142"
Haverstoe,"4,424"
Heneage,"4,942"
Humberston and New Waltham,"5,283"
Immingham,"5,035"
Park (North East Lincolnshire),"5,150"
Scartho,"5,007"
Sidney Sussex,"5,202"
South (North East Lincolnshire),"5,141"
Waltham,"3,077"
West Marsh,"3,652"
Wolds,"3,199"
Yarborough,"5,127"
Ashby,"5,750"
Axholme Central,"3,256"
Axholme North,"3,567"
Axholme South,"3,032"
Barton (North Lincolnshire),"5,366"
Bottesford (North Lincolnshire),"4,955"
Brigg and Wolds,"5,119"
Broughton and Appleby,"2,865"
Brumby,"4,853"
Burringham and Gunness,"1,882"
Burton upon Stather and Winterton,"4,886"
Crosby and Park,"5,322"
Ferry,"4,935"
Frodingham,"3,541"
Kingsway with Lincoln Gardens,"4,682"
Ridge,"5,588"
Town (North Lincolnshire),"3,575"
Acomb,"3,801"
Bishopthorpe,"1,818"
Clifton (York),"4,111"
Copmanthorpe,"1,762"
Dringhouses & Woodthorpe,"5,117"
Fishergate,"3,623"
Fulford & Heslington,"1,635"
Guildhall (York),"6,356"
Haxby & Wigginton,"5,255"
Heworth,"5,717"
Heworth Without,"1,829"
Holgate,"5,664"
Hull Road,"3,583"
Huntington & New Earswick,"5,622"
Micklegate,"6,244"
Osbaldwick & Derwent,"3,530"
Rawcliffe & Clifton Without,"5,355"
Rural West York,"3,250"
Strensall,"3,340"
Westfield (York),"6,198"
Wheldrake,"1,648"
Aire Valley,"2,728"
Bentham & Ingleton,"3,449"
"Glusburn, Cross Hills & Sutton-in-Craven","3,546"
Mid Craven,"2,403"
Settle & Penyghent,"2,693"
Skipton East & South,"3,445"
Skipton North & Embsay-with-Eastby,"2,624"
Skipton West & West Craven,"2,918"
Wharfedale (Craven),"2,264"
Aiskew & Leeming,"2,422"
Bedale,"2,852"
Easingwold,"3,178"
Great Ayton,"2,632"
Hillside & Raskelf,"2,915"
Huby & Tollerton,"2,850"
Hutton Rudby & Osmotherley,"2,680"
Morton-on-Swale & Appleton Wiske,"2,800"
Northallerton North & Brompton,"3,134"
Northallerton South,"3,072"
Romanby,"2,734"
Sowerby & Topcliffe,"3,316"
Stokesley,"2,951"
Thirsk,"3,266"
Bilton Grange & New Park,"3,585"
Bilton & Nidd Gorge,"3,543"
Boroughbridge & Claro,"3,324"
Coppice Valley & Duchy,"3,358"
Fairfax & Starbeck,"3,633"
Harlow & St. Georges,"3,517"
High Harrogate & Kingsley,"3,857"
"Killinghall, Hampsthwaite & Saltergate","3,740"
Knaresborough East,"3,385"
Knaresborough West,"3,645"
Masham & Fountains,"3,336"
Oatlands & Pannal,"3,177"
Ouseburn (Harrogate),"2,327"
Pateley Bridge & Nidderdale,"2,457"
Ripon Minster & Moorside,"3,682"
Ripon Ure Bank & Spa,"3,602"
Spofforth with Lower Wharfedale & Tockwith,"2,679"
"Stray, Woodlands & Hookstone","3,423"
Valley Gardens & Central Harrogate,"4,552"
Washburn & Birstwith,"2,758"
Wathvale & Bishop Monkton,"3,592"
Catterick Village & Brompton-on-Swale,"2,687"
Hipswell & Colburn,"3,436"
Leyburn & Middleham,"2,668"
North Richmondshire,"3,398"
Richmond (Richmondshire),"3,882"
Scotton & Lower Wensleydale,"2,366"
Upper Dales,"2,507"
Amotherby & Ampleforth,"2,318"
Helmsley & Sinnington,"2,415"
Kirkbymoorside & Dales,"2,973"
Malton,"2,903"
Norton (Ryedale),"3,622"
Pickering (Ryedale),"3,484"
Sheriff Hutton & Derwent,"3,005"
Thornton Dale & Wolds,"3,129"
Hunmanby & Sherburn (part Ryedale),865
Castle (Scarborough),"4,240"
Cayton,"2,104"
Danby & Mulgrave,"2,232"
Derwent Valley & Moor,"2,276"
Eastfield,"2,972"
Esk Valley & Coast,"3,075"
Falsgrave & Stepney,"3,942"
Filey,"3,463"
Newby,"2,723"
Northstead,"3,514"
Scalby & the Coast,"2,717"
Seamer,"2,059"
Weaponness & Ramshill,"4,164"
Whitby Streonshalh,"2,641"
Whitby West,"3,580"
Woodlands (Scarborough),"3,361"
Hunmanby & Sherburn (part Scarborough),"2,058"
Appleton Roebuck & Church Fenton,"2,462"
Barlby & Riccall,"2,563"
Brayton & Barlow,"2,749"
Camblesforth & Carlton,"2,573"
Cawood & Escrick,"2,373"
Cliffe & North Duffield,"2,308"
Monk Fryston & South Milford,"3,885"
Osgoldcross,"2,677"
Selby East,"3,603"
Selby West,"4,538"
Sherburn in Elmet,"3,651"
Tadcaster,"3,406"
Thorpe Willoughby & Hambleton,"2,772"
Central (Barnsley),"5,705"
Cudworth,"4,932"
Darfield,"4,784"
Darton East,"5,022"
Darton West,"4,919"
Dearne North,"5,311"
Dearne South,"5,335"
Dodworth,"4,703"
Hoyland Milton,"5,397"
Kingstone,"5,273"
Monk Bretton,"5,255"
North East,"5,765"
Old Town (Barnsley),"4,789"
Penistone East,"5,006"
Penistone West,"5,702"
Rockingham,"5,004"
Royston,"4,913"
St Helens (Barnsley),"4,693"
Stairfoot,"5,578"
Wombwell,"5,567"
Worsbrough,"4,399"
Adwick le Street & Carcroft,"6,964"
Armthorpe,"6,216"
Balby South,"4,150"
Bentley,"8,185"
Bessacarr,"6,587"
Conisbrough,"7,160"
Edenthorpe & Kirk Sandall,"4,490"
Edlington & Warmsworth,"5,319"
Finningley,"7,425"
Hatfield,"6,528"
Hexthorpe & Balby North,"5,345"
Mexborough,"7,035"
Norton & Askern,"6,557"
Roman Ridge,"4,784"
Rossington & Bawtry,"7,780"
Sprotbrough,"4,733"
Stainforth & Barnby Dun,"4,229"
Thorne & Moorends,"7,756"
Tickhill & Wadsworth,"4,861"
Town (Doncaster),"9,936"
Wheatley Hills & Intake,"7,441"
Anston & Woodsetts,"5,218"
Aston & Todwick,"4,051"
Aughton & Swallownest,"3,517"
Boston Castle,"6,100"
Bramley & Ravenfield,"3,772"
Brinsworth,"4,134"
Dalton & Thrybergh,"3,991"
Dinnington,"5,364"
Greasbrough,"3,956"
Hellaby & Maltby West,"3,412"
Hoober,"5,376"
Keppel,"5,884"
Kilnhurst & Swinton East,"3,460"
Maltby East,"4,112"
Rawmarsh East,"4,199"
Rawmarsh West,"4,130"
Rother Vale,"3,486"
Rotherham East,"6,627"
Rotherham West,"6,218"
Sitwell,"5,256"
Swinton Rockingham,"3,721"
Thurcroft & Wickersley South,"4,339"
Wales,"4,063"
Wath,"4,018"
Wickersley North,"5,521"
Beauchief and Greenhill,"8,988"
Beighton,"7,679"
Birley,"7,343"
Broomhill and Sharrow Vale,"8,069"
Burngreave,"9,457"
City (Sheffield),"6,898"
Crookes and Crosspool,"7,201"
Darnall,"7,698"
Dore and Totley,"8,117"
East Ecclesfield,"8,026"
Ecclesall,"8,096"
Firth Park,"9,064"
Fulwood,"6,270"
Gleadless Valley,"9,305"
Graves Park,"7,643"
Hillsborough,"8,760"
Manor Castle,"9,575"
Mosborough,"7,845"
Nether Edge and Sharrow,"9,411"
Park and Arbourthorne,"8,301"
Richmond (Sheffield),"8,376"
Shiregreen and Brightside,"8,566"
Southey,"8,850"
Stannington,"8,167"
Stocksbridge and Upper Don,"8,174"
Walkley,"10,193"
West Ecclesfield,"7,675"
Woodhouse (Sheffield),"8,205"
Baildon,"7,223"
Bingley,"8,278"
Bingley Rural,"8,349"
Bolton and Undercliffe,"6,650"
Bowling and Barkerend,"7,715"
Bradford Moor,"5,900"
City (Bradford),"8,215"
Clayton and Fairweather Green,"6,637"
Craven,"8,126"
Eccleshill,"8,088"
Great Horton,"6,284"
Heaton (Bradford),"5,722"
Idle and Thackley,"7,717"
Ilkley,"6,737"
Keighley Central,"6,223"
Keighley East,"7,008"
Keighley West,"7,332"
Little Horton,"6,594"
Manningham,"5,651"
Queensbury (Bradford),"7,326"
Royds,"7,327"
Shipley,"7,179"
Thornton and Allerton,"7,417"
Toller (Bradford),"5,648"
Tong,"8,617"
Wharfedale (Bradford),"5,128"
Wibsey,"6,348"
Windhill and Wrose,"7,386"
Worth Valley,"6,425"
Wyke,"6,617"
Brighouse,"5,233"
Calder (Calderdale),"5,562"
Elland,"5,422"
Greetland and Stainland,"4,904"
Hipperholme and Lightcliffe,"5,084"
Illingworth and Mixenden,"5,392"
Luddendenfoot,"4,647"
Northowram and Shelf,"5,216"
Ovenden,"5,429"
Park (Calderdale),"4,907"
Rastrick,"5,007"
Ryburn,"4,942"
Skircoat,"5,749"
Sowerby Bridge,"5,703"
Todmorden,"5,563"
Town (Calderdale),"6,309"
Warley (Calderdale),"5,405"
Ashbrow,"8,351"
Batley East,"6,755"
Batley West,"7,602"
Birstall and Birkenshaw,"7,312"
Cleckheaton,"7,804"
Dalton,"7,664"
Denby Dale,"7,172"
Dewsbury East,"8,285"
Dewsbury South,"6,554"
Dewsbury West,"6,955"
Golcar,"8,384"
Greenhead,"8,554"
Heckmondwike,"7,110"
Holme Valley South,"8,467"
Lindley,"8,874"
Liversedge and Gomersal,"8,304"
Mirfield,"8,766"
Newsome,"7,992"
Almondbury,"7,805"
Colne Valley,"7,838"
Crosland Moor and Netherton,"7,546"
Holme Valley North,"7,290"
Kirkburton,"6,610"
Ardsley & Robin Hood,"9,743"
Armley,"11,818"
Bramley & Stanningley,"10,811"
Burmantofts & Richmond Hill,"12,377"
Calverley & Farsley,"10,497"
Chapel Allerton,"10,816"
Cross Gates & Whinmoor,"10,892"
Gipton & Harehills,"10,704"
Guiseley & Rawdon,"10,512"
Harewood (Leeds),"7,854"
Headingley & Hyde Park,"10,331"
Hunslet & Riverside,"11,866"
Killingbeck & Seacroft,"11,377"
Kippax & Methley,"9,600"
Kirkstall,"9,847"
Little London & Woodhouse,"10,000"
Middleton Park,"12,146"
Moortown,"9,937"
Morley North,"10,295"
Morley South,"11,088"
Pudsey,"11,092"
Rothwell,"9,031"
Roundhay,"9,367"
Weetwood,"9,398"
Wetherby,"9,319"
Horsforth,"10,095"
Otley & Yeadon,"10,487"
Beeston & Holbeck,"11,674"
Farnley & Wortley,"11,069"
Adel & Wharfedale,"9,042"
Alwoodley,"9,957"
Garforth & Swillington,"8,961"
Temple Newsam,"9,464"
"Ackworth, North Elmsall and Upton","7,567"
Airedale and Ferry Fryston,"6,622"
Altofts and Whitwood,"8,361"
Castleford Central and Glasshoughton,"7,695"
"Crofton, Ryhill and Walton","6,811"
Featherstone,"7,646"
Hemsworth,"6,939"
Horbury and South Ossett,"6,859"
Knottingley,"6,336"
Normanton (Wakefield),"7,545"
Ossett,"7,445"
Pontefract North,"8,446"
Pontefract South,"6,671"
South Elmsall and South Kirkby,"7,996"
Stanley and Outwood East,"7,258"
Wakefield East,"7,083"
Wakefield North,"7,635"
Wakefield Rural,"7,671"
Wakefield South,"6,267"
Wakefield West,"6,927"
Wrenthorpe and Outwood West,"7,294"
Abbey (Derby),"6,299"
Allestree,"5,925"
Alvaston,"7,431"
Arboretum (Derby),"7,848"
Blagreaves,"5,099"
Boulton,"5,865"
Chaddesden,"5,554"
Chellaston,"6,561"
Darley,"6,785"
Derwent,"5,898"
Littleover,"5,656"
Mackworth,"6,583"
Mickleover,"6,486"
Normanton (Derby),"6,090"
Oakwood (Derby),"5,774"
Sinfin,"6,181"
Spondon,"5,616"
Abbey (Leicester),"8,363"
Aylestone,"5,074"
Beaumont Leys,"6,990"
Belgrave (Leicester),"6,254"
Braunstone Park & Rowley Fields,"7,733"
Castle (Leicester),"8,608"
Evington,"5,951"
Eyres Monsell,"4,712"
Fosse,"5,757"
Humberstone & Hamilton,"7,107"
Knighton,"6,620"
North Evington,"6,532"
Rushey Mead,"5,582"
Saffron,"4,649"
Spinney Hills,"3,484"
Stoneygate,"6,702"
Thurncourt,"4,316"
Troon,"4,927"
Westcotes,"5,796"
Western,"7,783"
Wycliffe,"4,446"
Barleythorpe,"1,195"
Braunston & Martinsthorpe,"1,090"
Cottesmore,"1,085"
Exton,623
Greetham,601
Ketton,"1,212"
Langham,638
Lyddington,598
Normanton (Rutland),"1,323"
Oakham North East,"1,344"
Oakham North West,"1,360"
Oakham South,"1,982"
Ryhall & Casterton,"1,231"
Uppingham,"1,873"
Whissendine,535
Aspley,"6,745"
Basford,"7,092"
Berridge,"6,721"
Bestwood,"7,363"
Bilborough,"6,877"
Bulwell,"7,040"
Bulwell Forest,"6,035"
Castle (Nottingham),"5,167"
Clifton East,"7,129"
Clifton West,"4,243"
Dales,"6,803"
Hyson Green & Arboretum,"6,875"
Leen Valley,"3,519"
Lenton & Wollaton East,"5,773"
Mapperley,"7,399"
Meadows,"4,703"
Radford (Nottingham),"4,653"
St. Ann's (Nottingham),"7,914"
Sherwood (Nottingham),"6,738"
Wollaton West,"5,956"
Brickhill and Queensway,"5,622"
Burton and Broughton,"5,461"
Clover Hill,"5,232"
Corby Rural,"5,959"
Corby West,"5,526"
Croyland and Swanspool,"6,078"
Desborough,"5,916"
Earls Barton,"5,943"
Finedon,"6,665"
Hatton Park,"5,577"
Higham Ferrers,"5,337"
Irchester,"4,835"
Irthlingborough,"5,699"
Ise,"4,667"
Kingswood (North Northamptonshire),"6,343"
Lloyds,"6,368"
Northall,"6,692"
Oakley (North Northamptonshire),"5,675"
Oundle,"5,574"
Raunds,"5,163"
Rothwell and Mawsley,"5,371"
Rushden Pemberton West,"5,291"
Rushden South,"6,869"
Thrapston,"6,143"
Wicksteed,"5,772"
Windmill,"5,139"
Abington and Phippsville,"5,601"
Billing and Rectory Farm,"6,115"
Boothville and Parklands,"4,909"
Brackley,"6,692"
Braunston and Crick,"5,645"
Brixworth,"4,957"
Bugbrooke,"5,465"
Castle (West Northamptonshire),"7,878"
Dallington Spencer,"5,490"
Daventry East,"4,973"
Daventry West,"5,250"
Deanshanger,"5,251"
Delapre and Rushmere,"5,511"
Duston East,"5,020"
Duston West and St. Crispin,"4,662"
East Hunsbury and Shelfleys,"5,025"
Hackleton and Grange Park,"5,601"
Headlands,"5,809"
Kingsthorpe North,"5,461"
Kingsthorpe South,"5,791"
Long Buckby,"4,929"
Middleton Cheney,"4,931"
Moulton,"5,920"
Nene Valley,"4,518"
Riverside Park,"5,483"
St. George (West Northamptonshire),"5,634"
Silverstone,"5,432"
Sixfields,"6,903"
Talavera,"5,722"
Towcester and Roade,"6,869"
Woodford and Weedon,"5,197"
Alfreton,"3,979"
Alport,"1,144"
Belper Central,"2,528"
Belper East,"2,518"
Belper North,"2,147"
Codnor and Waingroves,"2,189"
Crich,"1,205"
Heage and Ambergate,"2,162"
Heanor and Loscoe,"2,275"
Heanor West,"2,868"
Ironville and Riddings,"2,801"
Langley Mill and Aldercar,"2,596"
Ripley,"4,269"
Ripley and Marehay,"2,468"
Somercotes,"2,734"
South West Parishes,"1,665"
Swanwick,"2,269"
Wingfield,"1,048"
Belper South,"2,566"
Duffield,"2,091"
Heanor East,"2,595"
"Kilburn, Denby and Holbrook","3,330"
"Shipley Park, Horsley and Horsley Woodhouse","2,829"
Ault Hucknall,"2,750"
Barlborough,"1,785"
Blackwell,"1,912"
Bolsover East,"1,950"
Bolsover North & Shuttlewood,"1,464"
Bolsover South,"2,066"
Clowne East,"2,512"
Clowne West,"1,169"
Elmton-with-Creswell,"2,940"
Langwith,"1,955"
Pinxton,"1,910"
Shirebrook North,"2,138"
Shirebrook South,"2,016"
South Normanton East,"2,070"
South Normanton West,"2,967"
Tibshelf,"1,845"
Whitwell,"1,812"
Barrow Hill and New Whittington,"2,675"
Brimington North,"1,943"
Brimington South,"2,771"
Brockwell,"3,040"
Dunston,"3,167"
Hasland,"2,899"
Hollingwood and Inkersall,"3,241"
Holmebrook,"2,189"
Linacre (Chesterfield),"1,730"
Loundsley Green,"1,966"
Lowgates and Woodthorpe,"1,981"
Middlecroft and Poolsbrook,"2,132"
Moor,"2,096"
Old Whittington,"1,972"
Rother,"3,011"
St Helen's (Chesterfield),"2,269"
St Leonard's (Chesterfield),"3,778"
Walton (Chesterfield),"2,485"
West (Chesterfield),"2,707"
Ashbourne North,"1,723"
Ashbourne South,"2,536"
Bakewell,"2,035"
Bradwell (Derbyshire Dales),837
Brailsford,876
Calver,832
Carsington Water,780
Chatsworth,734
Clifton and Bradley,787
Darley Dale,"2,679"
Dovedale and Parwich,704
Doveridge and Sudbury,935
Hartington and Taddington,703
Hathersage and Eyam,"1,670"
Hulland,816
Lathkill and Bradford,704
Litton and Longstone,695
Masson,"1,323"
Matlock All Saints,"2,593"
Matlock St Giles,"2,571"
Norbury,710
Stanton (Derbyshire Dales),787
Tideswell,799
Winster and South Darley,743
Wirksworth,"2,708"
Awsworth Road,"2,351"
Breaston,"1,970"
Cotmanhay,"2,244"
Derby Road East,"2,510"
Derby Road West,"2,968"
Draycott & Risley,"1,911"
Hallam Fields,"2,191"
Kirk Hallam & Stanton-by-Dale,"2,812"
Larklands,"3,973"
Little Eaton & Stanley,"1,878"
Little Hallam,"2,124"
Long Eaton Central,"3,559"
Nottingham Road,"2,235"
Ockbrook & Borrowash,"3,149"
Sandiacre,"3,533"
Sawley,"2,970"
Shipley View,"2,003"
West Hallam & Dale Abbey,"2,701"
Wilsthorpe,"3,252"
Barms,870
Blackbrook (High Peak),"1,952"
Burbage,861
Buxton Central,"1,894"
Chapel East,976
Chapel West,"2,191"
Corbar,"1,856"
Cote Heath,"1,756"
Dinting,"1,058"
Gamesley,"1,014"
Hadfield North,"1,075"
Hadfield South,"1,797"
Hayfield,910
Hope Valley,"1,678"
Howard Town,"2,383"
Limestone Peak,950
New Mills East,"1,808"
New Mills West,"1,954"
Old Glossop,"1,917"
Padfield,999
St John's (High Peak),844
Sett,834
Simmondley,"1,614"
Stone Bench,"1,842"
Temple,793
Tintwistle,972
Whaley Bridge,"2,849"
Whitfield (High Peak),"1,124"
Ashover,849
Barlow & Holmesfield,854
Brampton & Walton,"1,491"
Clay Cross North,"3,198"
Clay Cross South,"1,708"
Coal Aston,"1,783"
Dronfield North,"1,682"
Dronfield South,"2,650"
Dronfield Woodhouse,802
Eckington North,"1,887"
Eckington South & Renishaw,"2,691"
Gosforth Valley,"2,538"
Grassmoor,"1,829"
Holmewood & Heath,"1,981"
Killamarsh East,"1,599"
Killamarsh West,"2,390"
North Wingfield Central,"2,784"
Pilsley & Morton,"2,373"
Ridgeway & Marsh Lane,785
Shirland,"2,710"
Sutton (North East Derbyshire),"1,856"
Tupton,"2,525"
Unstone,856
Wingerworth,"2,164"
Aston (South Derbyshire),"3,874"
Church Gresley,"3,713"
Etwall,"2,877"
Hatton,"1,158"
Hilton,"3,988"
Linton (South Derbyshire),"2,552"
Melbourne,"2,469"
Midway,"3,438"
Newhall and Stanton,"3,555"
Repton (South Derbyshire),"2,312"
Seales,"2,335"
Stenson,"2,084"
Swadlincote,"3,886"
Willington and Findern,"3,119"
Woodville,"3,879"
Blaby South,"2,252"
Cosby with South Whetstone,"2,224"
Countesthorpe,"3,335"
Croft Hill,"1,052"
Ellis,"2,473"
Enderby and St John's,"2,641"
Fairestone,"2,017"
Millfield (Blaby),"1,142"
Muxloe,"1,876"
Narborough and Littlethorpe,"2,368"
Normanton (Blaby),"1,197"
North Whetstone,"2,241"
Pastures,"1,955"
Ravenhurst and Fosse,"2,798"
Saxondale,"3,184"
Stanton and Flamville,"3,899"
Forest (Blaby),"3,059"
Winstanley (Blaby),"2,866"
Anstey,"3,337"
Barrow and Sileby West,"3,222"
Birstall Wanlip,"2,899"
Birstall Watermead,"2,750"
East Goscote,"1,135"
Forest Bradgate,"1,353"
Loughborough Ashby,"1,334"
Loughborough Dishley and Hathern,"2,811"
Loughborough Garendon,"2,496"
Loughborough Hastings,"3,093"
Loughborough Lemyngton,"2,965"
Loughborough Nanpantan,"1,570"
Loughborough Outwoods,"2,293"
Loughborough Shelthorpe,"3,725"
Loughborough Southfields,"2,518"
Loughborough Storer,"2,311"
Mountsorrel,"3,065"
Queniborough,"1,904"
Quorn and Mountsorrel Castle,"3,221"
Rothley and Thurcaston,"3,415"
Shepshed East,"3,059"
Shepshed West,"3,432"
Sileby,"3,544"
Syston East,"2,994"
Syston West,"2,785"
The Wolds,"1,312"
Thurmaston,"4,026"
Wreake Villages,"1,215"
Billesdon & Tilton,"1,119"
Bosworth,"1,367"
Broughton Astley-Primethorpe & Sutton,"2,056"
Broughton Astley South & Leire,"2,091"
Dunton,"1,088"
Fleckney,"2,426"
Glen (Harborough),"2,375"
Kibworths,"3,626"
Lubenham,"1,022"
Lutterworth East,"2,383"
Lutterworth West,"2,177"
Market Harborough-Great Bowden & Arden,"2,719"
Market Harborough-Little Bowden,"2,329"
Market Harborough-Logan,"2,543"
Market Harborough-Welland,"3,779"
Misterton (Harborough),"1,193"
Nevill,"1,165"
Thurnby & Houghton,"3,689"
Ullesthorpe,"1,264"
Ambien,"1,575"
"Barlestone, Nailstone and Osbaston","1,407"
Barwell,"4,070"
Burbage St Catherines and Lash Hill,"2,697"
Burbage Sketchley and Stretton,"4,554"
"Cadeby, Carlton and Market Bosworth with Shackerstone","1,572"
Earl Shilton,"4,652"
Groby,"2,896"
Hinckley Castle,"3,246"
Hinckley Clarendon,"4,071"
Hinckley De Montfort,"4,690"
Hinckley Trinity,"3,115"
"Markfield, Stanton and Fieldhead","2,757"
Newbold Verdon with Desford and Peckleton,"3,681"
"Ratby, Bagworth and Thornton","3,138"
Twycross and Witherley with Sheepy,"1,325"
Asfordby,"1,633"
Bottesford (Melton),"1,639"
Croxton Kerrial,771
Frisby-on-the-Wreake,797
Gaddesby,740
Long Clawson and Stathern,"1,798"
Melton Craven,"1,717"
Melton Dorian,"2,493"
Melton Egerton,"1,717"
Melton Newport,"2,487"
Melton Sysonby,"2,265"
Melton Warwick,"1,503"
Old Dalby,833
Somerby,781
Waltham-on-the-Wolds,727
Wymondham,698
Appleby,"1,026"
Ashby Castle,"1,311"
Ashby Holywell,"1,370"
Ashby Ivanhoe,"1,408"
Ashby Money Hill,"1,495"
Ashby Willesley,950
Ashby Woulds,"1,146"
Bardon,"1,160"
Blackfordby,"1,372"
Broom Leys,"1,025"
Castle Donington Castle,"1,179"
Castle Donington Central,992
Castle Donington Park,"1,031"
Castle Rock,"1,119"
Coalville East,"1,051"
Coalville West,"1,300"
Daleacre Hill,"1,141"
Ellistown & Battleflat,"1,138"
Greenhill (North West Leicestershire),"1,349"
Hermitage (North West Leicestershire),"1,212"
Holly Hayes,"1,140"
Hugglescote St John's,"1,175"
Hugglescote St Mary's,"1,271"
Ibstock East,"1,132"
Ibstock West,"1,294"
Kegworth,"1,074"
Long Whatton & Diseworth,"1,139"
Measham North,"1,259"
Measham South,"1,093"
Oakthorpe & Donisthorpe,"1,172"
Ravenstone & Packington,"1,343"
Sence Valley,"1,255"
Snibston North,"1,483"
Snibston South,776
Thornborough,929
Thringstone,"1,242"
Valley (North West Leicestershire),"1,240"
Worthington & Breedon,"1,179"
Oadby Brocks Hill,"1,559"
Oadby Grange,"1,573"
Oadby St Peter's,"2,000"
Oadby Uplands,"1,571"
Oadby Woodlands,"1,643"
South Wigston,"3,572"
Wigston All Saints,"2,625"
Wigston Fields,"2,684"
Wigston Meadowcourt,"2,779"
Wigston St Wolstan's,"2,610"
Coastal (Boston),"1,562"
Fenside,"1,981"
Fishtoft,"3,078"
Five Village,"1,731"
Kirton and Frampton,"3,074"
Old Leake and Wrangle,"1,526"
St Thomas' (Boston),996
Skirbeck,"3,429"
Staniland,"1,851"
Station,"1,080"
Swineshead and Holland Fen,"1,845"
Trinity (Boston),"2,271"
West (Boston),924
Witham (Boston),"1,996"
Wyberton,"2,058"
Alford,"2,198"
Binbrook,"1,135"
Burgh le Marsh,"1,225"
Chapel St Leonards,"2,349"
Coningsby & Mareham,"3,814"
Croft (East Lindsey),"1,014"
Friskney,976
Fulstow,"1,230"
Grimoldby,"1,017"
Hagworthingham,"1,046"
Halton Holegate,"1,121"
Holton-le-Clay & North Thoresby,"2,290"
Horncastle,"3,629"
Ingoldmells,"1,060"
Legbourne,962
Mablethorpe,"3,982"
Marshchapel & Somercotes,"1,994"
North Holme,"1,125"
Priory & St James',"2,492"
Roughton (East Lindsey),"1,034"
St Clement's (East Lindsey),"2,565"
St Margaret's (East Lindsey),"1,252"
St Mary's (East Lindsey),"1,128"
St Michael's (East Lindsey),987
Scarbrough & Seacroft,"4,505"
Sibsey & Stickney,"2,244"
Spilsby,"1,462"
Sutton on Sea,"2,242"
Tetford & Donington,"1,120"
Tetney,"1,032"
Trinity (East Lindsey),"1,101"
Wainfleet,"1,191"
Willoughby with Sloothby,"1,110"
Winthorpe,"2,738"
Withern & Theddlethorpe,"1,133"
Woodhall Spa,"2,100"
Wragby,"1,157"
Abbey (Lincoln),"4,589"
Birchwood (Lincoln),"3,906"
Boultham,"3,283"
Carholme,"4,115"
Castle (Lincoln),"3,707"
Glebe,"3,583"
Hartsholme,"3,719"
Minster,"3,508"
Moorland,"3,405"
Park (Lincoln),"5,292"
Witham (Lincoln),"3,400"
Ashby de la Launde and Cranwell,"2,144"
Bassingham and Brant Broughton,"2,241"
"Billinghay, Martin and North Kyme","2,306"
Bracebridge Heath and Waddington East,"4,134"
Branston (North Kesteven),"2,421"
Cliff Villages,"2,419"
"Eagle, Swinderby and Witham St Hughs","2,704"
Heckington Rural,"2,628"
Heighington and Washingborough,"3,157"
Kirkby la Thorpe and South Kyme,"1,040"
Leasingham and Rauceby,973
Metheringham,"2,390"
North Hykeham Forum,819
North Hykeham Memorial,"1,664"
North Hykeham Mill,"2,659"
North Hykeham Moor,"1,207"
North Hykeham Witham,"1,037"
Osbournby,"1,094"
Ruskington,"2,583"
Skellingthorpe,"1,575"
Sleaford Castle,"1,266"
Sleaford Holdingham,"1,526"
Sleaford Navigation,"1,277"
Sleaford Quarrington and Mareham,"3,258"
Sleaford Westholme,"1,333"
Waddington West,"1,134"
Crowland and Deeping St Nicholas,"2,811"
"Donington, Quadring and Gosberton","3,169"
Fleet,"1,077"
Gedney,982
Holbeach Hurn,946
Holbeach Town,"3,681"
Long Sutton,"3,460"
"Moulton, Weston and Cowbit","3,071"
Pinchbeck and Surfleet,"3,136"
Spalding Castle,"1,179"
Spalding Monks House,"2,468"
Spalding St John's,"2,826"
Spalding St Mary's,"2,012"
Spalding St Paul's,"2,305"
Spalding Wygate,"2,639"
Sutton Bridge,"1,969"
The Saints,"1,118"
Whaplode and Holbeach St John's,"1,856"
Aveland,"1,050"
Belmont (South Kesteven),"2,049"
Belvoir,"2,165"
Bourne Austerby,"3,269"
Bourne East,"2,183"
Bourne West,"2,263"
Casewick,"2,471"
Castle (South Kesteven),985
Deeping St James,"3,131"
Dole Wood,"1,036"
Glen (South Kesteven),960
Grantham Arnoldfield,"2,264"
Grantham Barrowby Gate,"2,226"
Grantham Earlesfield,"2,541"
Grantham Harrowby,"1,953"
Grantham St Vincent's,"3,506"
Grantham St Wulfram's,"2,717"
Grantham Springfield,"2,424"
Isaac Newton,"2,166"
Lincrest,"1,102"
Loveden Heath,"1,113"
Market & West Deeping,"3,112"
Morton (South Kesteven),"1,059"
Peascliffe & Ridgeway,"2,163"
Stamford All Saints,"2,140"
Stamford St George's,"2,421"
Stamford St John's,"2,455"
Stamford St Mary's,"2,606"
Toller (South Kesteven),"1,180"
Viking (South Kesteven),"2,141"
Bardney,"1,198"
Caistor and Yarborough,"2,549"
Cherry Willingham,"3,472"
Dunholme and Welton,"3,697"
Gainsborough East,"3,142"
Gainsborough North,"3,380"
Gainsborough South-West,"2,757"
Hemswell,"1,152"
Kelsey Wold,"1,142"
Lea,963
Market Rasen,"3,956"
Nettleham,"2,050"
Saxilby,"2,679"
Scampton,"1,138"
Scotter and Blyton,"3,256"
Stow (West Lindsey),"1,057"
Sudbrooke,"1,118"
Torksey,"1,349"
Waddingham and Spital,"1,101"
Wold View,"1,188"
Abbey Hill,"1,439"
Annesley & Kirkby Woodhouse,"3,283"
Ashfields,"1,600"
Carsic,"1,593"
Sutton Central & New Cross,"3,312"
Hucknall Central,"3,294"
Hucknall North,"4,548"
Hucknall South,"3,445"
Hucknall West,"4,379"
Huthwaite & Brierley,"3,359"
Jacksdale & Westwood,"1,503"
Kingsway (Ashfield),"1,236"
Kirkby Cross & Portland,"1,957"
Larwood,"1,551"
Leamington,"1,739"
Sutton St Mary's,"1,725"
Selston,"2,708"
Skegby,"3,019"
Stanton Hill & Teversal,"1,412"
Greenwood & Summit,"3,039"
Sutton Junction & Harlow Wood,"1,458"
The Dales,"1,483"
Underwood,"1,428"
Beckingham,"1,075"
Blyth,"1,036"
Carlton (Bassetlaw),"2,546"
Clayworth,823
East Markham,"1,052"
East Retford East,"3,306"
East Retford North,"2,997"
East Retford South,"2,343"
East Retford West,"2,431"
Everton (Bassetlaw),"1,070"
Harworth,"3,932"
Langold,"1,124"
Misterton (Bassetlaw),"1,110"
Rampton,891
Ranskill,"1,058"
Sturton,"1,017"
Sutton (Bassetlaw),899
Tuxford and Trent,"1,999"
Welbeck,855
Worksop East,"2,857"
Worksop North,"3,884"
Worksop North East,"2,794"
Worksop North West,"3,648"
Worksop South,"3,229"
Worksop South East,"3,482"
Attenborough & Chilwell East,"3,064"
"Awsworth, Cossall & Trowell","2,230"
Beeston Central,"2,746"
Beeston North,"2,372"
Beeston Rylands,"2,274"
Beeston West,"2,451"
Bramcote,"3,125"
Brinsley,983
Chilwell West,"3,357"
Eastwood Hall,"1,147"
Eastwood Hilltop,"2,210"
Eastwood St Mary's,"2,188"
Greasley,"2,923"
Kimberley,"3,106"
Nuthall East & Strelley,"2,030"
Stapleford North,"2,163"
Stapleford South East,"2,309"
Stapleford South West,"2,435"
Toton & Chilwell Meadows,"3,395"
Watnall & Nuthall West,"1,850"
Bestwood St Albans,"2,358"
Calverton,"3,328"
Carlton (Gedling),"2,596"
Carlton Hill,"4,030"
Cavendish,"2,304"
Colwick,"1,221"
Coppice,"2,608"
Daybrook,"2,740"
Dumbles,"1,252"
Ernehale,"2,749"
Gedling,"2,719"
Netherfield (Gedling),"2,714"
Newstead Abbey,"3,659"
Phoenix,"2,364"
Plains,"3,654"
Porchester,"3,464"
Redhill (Gedling),"2,802"
Trent Valley,"2,492"
Woodthorpe,"2,494"
Abbott,"1,079"
Berry Hill (Mansfield),"1,434"
Brick Kiln,"1,353"
Broomhill,"1,460"
Bull Farm and Pleasley Hill,"1,737"
Carr Bank,"1,481"
Eakring,"1,180"
Grange Farm,"1,308"
Holly,"1,292"
Hornby,"1,123"
Kings Walk,"1,434"
Kingsway (Mansfield),"1,372"
Ladybrook,"1,563"
Lindhurst,"1,265"
Ling Forest,"1,074"
Manor (Mansfield),"1,227"
Market Warsop,"1,300"
Maun Valley,"1,494"
Meden,"1,277"
Netherfield (Mansfield),"1,188"
Newgate,"1,416"
Newlands,"1,313"
Oak Tree,"1,227"
Oakham,"1,152"
Park Hall,"1,552"
Peafields,"1,185"
Penniment,"1,243"
Portland (Mansfield),"1,327"
Racecourse,"1,355"
Ransom Wood,"1,298"
Sandhurst,"1,287"
Sherwood (Mansfield),"1,308"
Warsop Carrs,"1,540"
Woodhouse (Mansfield),"1,495"
Woodlands (Mansfield),"1,143"
Yeoman Hill,"1,546"
Balderton South,"2,450"
Bilsthorpe,"1,528"
Boughton,"1,523"
Bridge (Newark and Sherwood),"3,265"
Collingham,"2,558"
Devon,"4,189"
Dover Beck,"1,283"
Edwinstowe & Clipstone,"4,890"
Farnsfield,"1,376"
Lowdham,"1,166"
Muskham,"1,259"
Ollerton,"4,106"
Rainworth North & Rufford,"2,821"
Rainworth South & Blidworth,"2,685"
Southwell,"3,755"
Sutton-on-Trent,"1,383"
Trent,"1,212"
Balderton North & Coddington,"3,008"
Beacon (Newark and Sherwood),"4,128"
Castle (Newark and Sherwood),"1,772"
Farndon & Fernwood,"2,973"
Abbey (Rushcliffe),"2,161"
Bingham East,"2,262"
Bingham West,"2,146"
Bunny,"1,007"
Compton Acres,"2,235"
Cotgrave,"3,421"
Cranmer,"1,087"
Cropwell,"1,107"
East Bridgford,"1,230"
Edwalton,"2,391"
Gamston North,"1,214"
Gamston South,"1,014"
Gotham,"1,104"
Keyworth & Wolds,"3,639"
Lady Bay,"2,020"
Leake,"3,830"
Lutterell,"2,516"
Musters,"1,839"
Nevile & Langar,"1,244"
Radcliffe on Trent,"3,673"
Ruddington,"3,324"
Sutton Bonington,670
Thoroton,"1,032"
Tollerton,"1,049"
Trent Bridge,"2,670"
Arrow,"1,614"
Aylestone Hill,"1,469"
Backbury,"1,351"
Belmont Rural,"1,612"
Birch (Herefordshire),"1,305"
Bircher,"1,721"
Bishops Frome & Cradley,"1,331"
Bobblestock,"1,689"
Bromyard Bringsty,"1,690"
Bromyard West,"1,452"
Castle (Herefordshire),"1,402"
Central (Herefordshire),"1,794"
College (Herefordshire),"1,587"
Dinedor Hill,"1,563"
Eign Hill,"1,675"
Golden Valley North,"1,331"
Golden Valley South,"1,414"
Greyfriars (Herefordshire),"1,777"
Hagley (Herefordshire),"1,767"
Hampton (Herefordshire),"1,548"
Hinton & Hunderton,"1,963"
Holmer,"1,752"
Hope End,"1,585"
Kerne Bridge,"1,319"
Kings Acre,"1,385"
Kington (Herefordshire),"1,523"
Ledbury North,"1,472"
Ledbury South,"1,658"
Ledbury West,"1,550"
Leominster East,"2,132"
Leominster North & Rural,"1,703"
Leominster South,"1,391"
Leominster West,"1,204"
Llangarron,"1,437"
Mortimer,"1,452"
Newton Farm,"1,812"
Old Gore,"1,340"
Penyard,"1,593"
Red Hill,"1,717"
Ross East,"1,925"
Ross North,"1,607"
Ross West,"1,665"
Saxon Gate,"1,670"
Three Crosses,"1,504"
Tupsley,"1,322"
Weobley,"1,634"
Whitecross,"1,642"
Widemarsh,"1,570"
Wormside,"1,483"
Credenhill,"1,404"
Queenswood,"1,405"
Stoney Street,"1,512"
Sutton Walls,"1,401"
Admaston & Bratton,"1,153"
Apley Castle,"1,268"
Arleston,"1,314"
Brookside,"2,516"
Church Aston & Lilleshall,"1,312"
College (Telford and Wrekin),"1,555"
Dawley & Aqueduct,"4,262"
Donnington (Telford and Wrekin),"2,725"
Dothill,"1,309"
Edgmond & Ercall Magna,"2,590"
Ercall,"1,617"
Hadley & Leegomery,"4,393"
Haygate,"1,763"
Horsehay & Lightmoor,"3,267"
Ironbridge Gorge,"1,460"
Ketley & Overdale,"4,904"
Madeley & Sutton Hill,"4,720"
Malinslee & Dawley Bank,"2,865"
Muxton,"2,848"
Newport North & West,"3,120"
Newport South & East,"2,540"
Oakengates & Ketley Bank,"4,283"
Park (Telford and Wrekin),"1,095"
Priorslee,"2,719"
St Georges (Telford and Wrekin),"2,852"
Shawbirch,"1,195"
The Nedge,"3,995"
Woodside (Telford and Wrekin),"2,774"
Wrockwardine,"1,404"
Wrockwardine Wood & Trench,"2,694"
Abbey Hulton and Townsend,"4,655"
"Baddeley, Milton and Norton","7,546"
Bentilee and Ubberley,"4,721"
Birches Head and Central Forest Park,"4,810"
Blurton East,"2,531"
Blurton West and Newstead,"3,052"
Boothen and Oak Hill,"2,908"
Bradeley and Chell Heath,"2,365"
Broadway and Longton East,"2,531"
Burslem Central,"3,216"
Burslem Park,"2,159"
Dresden and Florence,"2,085"
Eaton Park,"2,070"
Etruria and Hanley,"3,106"
Fenton East,"2,796"
Fenton West and Mount Pleasant,"2,733"
Ford Green and Smallthorne,"2,873"
Goldenhill and Sandyford,"2,556"
Great Chell and Packmoor,"4,401"
Hanford and Trentham,"4,932"
Hanley Park and Shelton,"1,836"
Hartshill and Basford,"3,122"
Hollybush and Longton West,"2,455"
Joiner's Square,"3,229"
Lightwood North and Normacot,"1,956"
Little Chell and Stanfield,"2,630"
Meir Hay,"1,872"
Meir North,"2,662"
Meir Park,"2,000"
Meir South,"2,411"
Moorcroft,"2,382"
Penkhull and Stoke,"3,047"
Sandford Hill,"2,741"
Sneyd Green,"2,250"
Springfields and Trent Vale,"2,832"
Tunstall,"2,714"
Weston Coyney,"2,215"
Abbey (Shropshire),"2,246"
Albrighton,"2,063"
Alveley and Claverley,"1,754"
Bagley,"2,155"
Battlefield,"2,162"
"Bayston Hill, Column and Sutton","5,616"
Belle Vue (Shropshire),"2,171"
Bishop's Castle,"1,675"
Bowbrook (Shropshire),"2,024"
Bridgnorth East and Astley Abbotts,"3,121"
Bridgnorth West and Tasley,"3,123"
Broseley,"2,281"
Brown Clee,"1,689"
Burnell,"1,873"
Castlefields and Ditherington,"2,203"
Cheswardine,"1,697"
Chirbury and Worthen,"1,255"
Church Stretton and Craven Arms,"4,161"
Clee,"1,911"
Cleobury Mortimer,"3,212"
Clun,"1,705"
Copthorne,"1,716"
Corvedale,"1,576"
Ellesmere Urban,"2,031"
Harlescott,"2,024"
Highley,"1,668"
Hodnet,"1,510"
Llanymynech,"1,860"
Longden,"1,785"
Loton,"1,730"
Ludlow East,"1,772"
Ludlow North,"1,991"
Ludlow South,"1,775"
Market Drayton East,"2,356"
Market Drayton West,"3,983"
Meole,"1,832"
Rea Valley,"1,965"
Monkmoor,"1,888"
Much Wenlock,"1,870"
Porthill,"1,883"
Prees,"1,890"
Quarry and Coton Hill,"2,183"
Radbrook,"2,566"
St Martin's (Shropshire),"1,981"
Severn Valley,"2,091"
Shawbury,"1,959"
Shifnal North,"2,571"
Shifnal South and Cosford,"2,620"
Sundorne,"1,624"
Tern,"2,065"
The Meres,"1,976"
Underdale,"1,817"
Wem,"3,851"
Whitchurch North,"3,439"
Whitchurch South,"1,778"
Worfield,"1,487"
"Gobowen, Selattyn and Weston Rhyn","2,872"
Oswestry East,"4,028"
Oswestry South,"2,104"
Oswestry West,"1,805"
Ruyton and Baschurch,"1,762"
St Oswald (Shropshire),"1,963"
Whittington,"1,832"
Brereton and Ravenhill,"2,973"
Cannock East,"3,256"
Cannock North,"3,110"
Cannock South,"3,842"
Cannock West,"3,229"
Etching Hill and The Heath,"2,748"
Hagley (Cannock Chase),"1,831"
Hawks Green,"2,778"
Heath Hayes East and Wimblebury,"2,678"
Hednesford Green Heath,"2,870"
Hednesford North,"3,204"
Hednesford South,"2,287"
Norton Canes,"3,522"
Rawnsley,"2,004"
Western Springs,"3,126"
Abbey (East Staffordshire),"1,147"
Anglesey (East Staffordshire),"2,889"
Bagots,"1,184"
Branston (East Staffordshire),"3,776"
Brizlincote,"2,252"
Burton (East Staffordshire),"2,002"
Churnet (East Staffordshire),"1,136"
Crown,"1,057"
Eton Park,"3,078"
Heath (East Staffordshire),"2,926"
Horninglow,"3,787"
Needwood,"2,536"
Rolleston on Dove,"1,456"
Shobnall,"3,326"
Stapenhill,"3,688"
Stretton,"3,413"
Town (East Staffordshire),"3,077"
Tutbury and Outwoods,"3,059"
Weaver,912
Winshill,"3,454"
Yoxall,"1,139"
Alrewas & Fradley,"2,761"
Armitage with Handsacre,"3,428"
Boley Park,"1,751"
Boney Hay & Central,"2,823"
Bourne Vale,966
Chadsmead,"1,950"
Chase Terrace,"2,000"
Chasetown,"2,132"
Colton & the Ridwares,973
Curborough,"1,859"
Fazeley,"2,004"
Hammerwich with Wall,"1,781"
Highfield (Lichfield),"1,873"
Leomansley,"3,382"
Little Aston & Stonnall,"1,901"
Longdon (Lichfield),873
Mease Valley,833
St John's (Lichfield),"2,539"
Shenstone,938
Stowe,"3,238"
Summerfield & All Saints,"2,695"
Whittington & Streethay,"2,929"
Audley,"3,698"
Bradwell (Newcastle-under-Lyme),"3,632"
Clayton,"1,272"
Crackley & Red Street,"2,373"
Cross Heath,"2,390"
Holditch & Chesterton,"2,401"
Keele,365
Kidsgrove & Ravenscliffe,"3,927"
Knutton,"1,229"
Loggerheads,"1,857"
Madeley & Betley,"2,460"
Maer & Whitmore,"1,138"
May Bank,"3,970"
Newchapel & Mow Cop,"2,474"
Silverdale (Newcastle-under-Lyme),"2,561"
Talke & Butt Lane,"3,935"
Thistleberry,"2,478"
Town (Newcastle-under-Lyme),"2,685"
Westbury Park & Northwood,"2,239"
Westlands,"3,526"
Wolstanton,"2,812"
Bilbrook,"1,900"
Brewood and Coven,"3,010"
Cheslyn Hay North and Saredon,"1,810"
Cheslyn Hay South,"1,531"
Codsall North,"1,981"
Codsall South,"1,585"
Essington,"2,058"
Featherstone and Shareshill,"1,981"
Great Wyrley Landywood,"1,989"
Great Wyrley Town,"2,714"
Himley and Swindon,"1,096"
Huntington and Hatherton,"2,169"
Kinver,"3,122"
Pattingham and Patshull,981
Penkridge North East and Acton Trussell,"1,618"
Penkridge South East,"2,105"
Penkridge West,974
Perton Dippons,792
Perton East,815
Perton Lakeside,"2,749"
Trysull and Seisdon,934
"Wheaton Aston, Bishopswood and Lapley","1,766"
Wombourne North and Lower Penn,"2,673"
Wombourne South East,"1,806"
Wombourne South West,"1,962"
Barlaston,"1,190"
Baswich,"2,606"
Common,"2,305"
Coton,"3,502"
Doxey & Castletown,"1,895"
Eccleshall,"3,105"
Forebridge,"1,919"
Fulford,"2,574"
Gnosall & Woodseaves,"3,001"
Haywood & Hixon,"2,992"
Highfields & Western Downs,"3,117"
Holmcroft,"3,028"
Littleworth,"2,499"
Manor (Stafford),"3,289"
Milford (Stafford),"1,231"
Milwich,"2,755"
Penkside,"1,489"
Rowley (Stafford),"1,281"
St Michael's & Stonefield,"4,672"
Seighford & Church Eaton,"2,947"
Swynnerton & Oulton,"2,765"
Walton (Stafford),"3,135"
Weeping Cross & Wildwood,"2,747"
Alton,589
Bagnall and Stanley,691
Biddulph East,"2,467"
Biddulph Moor,720
Biddulph North,"2,417"
Biddulph South,725
Biddulph West,"2,373"
Brown Edge and Endon,"2,049"
Caverswall,760
Cellarhead,"1,400"
Cheadle North East,"1,542"
Cheadle South East,"1,622"
Cheadle West,"2,212"
Checkley,"2,389"
Cheddleton,"2,254"
Churnet (Staffordshire Moorlands),"1,426"
Dane,619
Forsbrook,"2,223"
Hamps Valley,744
Horton,742
Ipstones,773
Leek East,"2,373"
Leek North,"2,443"
Leek South,"2,650"
Leek West,"2,073"
Manifold,748
Werrington (Staffordshire Moorlands),"1,333"
Amington,"3,426"
Belgrave (Tamworth),"3,111"
Bolehall,"3,271"
Castle (Tamworth),"3,657"
Glascote,"3,039"
Mercian,"3,027"
Spital,"3,428"
Stonydelph,"3,118"
Trinity (Tamworth),"3,039"
Wilnecote,"3,781"
Arley and Whitacre,"2,567"
Atherstone Central,"1,941"
Atherstone North,"1,602"
Atherstone South and Mancetter,"1,697"
Baddesley and Grendon,"1,815"
Coleshill North,"1,386"
Coleshill South,"1,667"
Curdworth,"1,370"
Dordon,"1,322"
Fillongley,"1,422"
Hartshill,"1,644"
Hurley and Wood End,"1,594"
Kingsbury (North Warwickshire),"1,554"
Newton Regis and Warton,"1,521"
Polesworth East,"1,595"
Polesworth West,"1,403"
Water Orton,"1,480"
Abbey (Nuneaton and Bedworth),"4,121"
Arbury (Nuneaton and Bedworth),"3,028"
Attleborough,"3,386"
Bar Pool,"3,218"
Bede (Nuneaton and Bedworth),"3,053"
Bulkington,"2,801"
Camp Hill,"3,980"
Exhall,"3,493"
Galley Common,"3,404"
Heath (Nuneaton and Bedworth),"3,115"
Kingswood (Nuneaton and Bedworth),"3,037"
Poplar (Nuneaton and Bedworth),"3,368"
St Nicolas (Nuneaton and Bedworth),"3,473"
Slough,"3,074"
Weddington,"4,026"
Wem Brook,"3,199"
Whitestone,"2,810"
Benn,"4,140"
Bilton,"2,923"
"Clifton, Newton and Churchover","1,213"
Coton and Boughton,"3,203"
Hillmorton,"3,188"
Leam Valley,"1,053"
New Bilton,"3,514"
Newbold and Brownsover,"3,749"
Paddox,"2,924"
Revel and Binley Woods,"2,725"
Rokeby and Overslade,"3,148"
Eastlands,"3,387"
Wolvey and Shilton,"1,102"
Admirals and Cawston,"3,707"
Dunsmore,"3,611"
Wolston and the Lawfords,"3,426"
Alcester Town,"1,864"
Alcester & Rural,"1,644"
Avenue (Stratford-on-Avon),"1,651"
Bidford East,"1,890"
Bidford West & Salford,"1,762"
Bishop's Itchington,"1,774"
Bishopton,"1,333"
Brailes & Compton,"1,552"
Bridgetown,"2,044"
Clopton,"1,277"
Ettington,"1,544"
Guildhall (Stratford-on-Avon),"1,753"
Harbury,"1,709"
Hathaway,"1,602"
Henley-in-Arden,"1,864"
Kineton,"1,561"
Kinwarton,"1,260"
Long Itchington & Stockton,"1,896"
Napton & Fenny Compton,"1,479"
Quinton (Stratford-on-Avon),"1,600"
Red Horse,"1,465"
Shipston North,"1,890"
Shipston South,"1,827"
Shottery,"1,186"
Snitterfield,"1,480"
Southam North,"1,769"
Southam South,"1,820"
Studley with Mappleborough Green,"1,667"
Studley with Sambourne,"1,705"
Tanworth-in-Arden,"1,304"
Tiddington,"1,608"
Welcombe,"1,528"
Welford-on-Avon,"1,908"
Wellesbourne East,"1,627"
Wellesbourne West,"1,971"
Wotton Wawen,"1,650"
Bishop's Tachbrook,"2,580"
Budbrooke,"2,715"
Cubbington & Leek Wootton,"2,223"
Kenilworth Abbey & Arden,"4,085"
Kenilworth Park Hill,"4,305"
Kenilworth St John's,"4,318"
Leamington Brunswick,"4,072"
Leamington Clarendon,"5,026"
Leamington Lillington,"4,944"
Leamington Milverton,"4,310"
Leamington Willes,"4,476"
Radford Semele,"1,456"
Warwick All Saints & Woodloes,"4,344"
Warwick Aylesford,"2,981"
Warwick Myton & Heathcote,"3,282"
Warwick Saltisford,"3,521"
Whitnash,"3,984"
Alvechurch South,"1,229"
Alvechurch Village,"1,277"
Aston Fields,"1,535"
Avoncroft,"1,473"
Barnt Green & Hopwood,"1,236"
Belbroughton & Romsley,"2,761"
Bromsgrove Central,"1,501"
Catshill North,"1,205"
Catshill South,"1,381"
Charford,"1,499"
Cofton,"1,270"
Drakes Cross,"1,257"
Hagley East,"1,376"
Hagley West,"1,498"
Hill Top,798
Hollywood,"1,329"
Lickey Hills,"1,161"
Lowes Hill,"1,329"
Marlbrook,"1,191"
Norton (Bromsgrove),"1,501"
Perryfields,698
Rock Hill,"1,443"
Rubery North,"1,291"
Rubery South,"1,400"
Sanders Park,"1,588"
Sidemoor,"1,955"
Slideslow,"1,259"
Tardebigge,"1,280"
Wythall East,"1,260"
Wythall West,"1,286"
Alfrick and Leigh,"1,588"
Baldwin,915
Broadheath (Malvern Hills),"1,603"
Chase,"2,802"
Dyson Perrins,"1,975"
Hallow,888
Kempsey,"2,103"
Lindridge,957
Link,"3,036"
Longdon (Malvern Hills),867
Martley,835
Morton (Malvern Hills),"1,015"
Pickersleigh,"2,799"
Powick,"1,804"
Priory (Malvern Hills),"1,983"
Ripple,840
Teme Valley,895
Tenbury,"1,802"
Upton and Hanley,"2,047"
Wells (Malvern Hills),"1,435"
West (Malvern Hills),"1,821"
Woodbury,885
Abbey (Redditch),"2,860"
Astwood Bank and Feckenham,"2,587"
Batchley & Brockhill,"3,857"
Central (Redditch),"2,675"
Church Hill,"3,522"
Crabbs Cross,"2,414"
Greenlands (Redditch),"3,793"
Headless Cross and Oakenshaw,"3,795"
Lodge Park,"2,201"
Matchborough,"2,509"
West (Redditch),"2,655"
Winyates,"3,510"
Arboretum (Worcester),"3,029"
Battenhall,"2,263"
Bedwardine,"3,731"
Cathedral,"5,716"
Claines,"3,550"
Gorse Hill (Worcester),"2,307"
Nunnery,"3,474"
Rainbow Hill,"2,434"
St Clement (Worcester),"2,109"
St John (Worcester),"3,771"
St Peter's Parish,"2,478"
St Stephen (Worcester),"2,530"
Warndon,"2,654"
Warndon Parish North,"2,220"
Warndon Parish South,"2,458"
Badsey,"1,411"
Bengeworth,"3,325"
Bowbrook (Wychavon),"1,238"
Bredon,"1,135"
Bretforton and Offenham,"1,267"
Broadway and Wickhamford,"2,418"
Dodderhill,"1,203"
Drakes Broughton,"1,120"
Droitwich Central,"1,163"
Droitwich East,"2,675"
Droitwich South East,"2,697"
Droitwich South West,"2,195"
Droitwich West,"2,243"
Eckington,"1,227"
Elmley Castle and Somerville,"1,097"
Evesham North,"2,471"
Evesham South,"2,229"
Fladbury,"1,251"
Great Hampton,"1,706"
Hartlebury,"1,309"
Harvington and Norton,"1,205"
Honeybourne and Pebworth,"1,256"
Inkberrow,"2,547"
Little Hampton,"2,372"
Lovett and North Claines,"3,116"
Norton and Whittington,"1,599"
Ombersley,"1,100"
Pershore,"3,970"
Pinvin,"1,377"
South Bredon Hill,"1,077"
The Littletons,"1,246"
Upton Snodsbury,"1,111"
Aggborough & Spennells,"3,946"
Areley Kings & Riverside,"3,887"
Bewdley & Rock,"4,017"
Blakebrook & Habberley South,"4,491"
Broadwaters,"3,956"
Foley Park & Hoobrook,"4,561"
Franche & Habberley North,"4,147"
Lickhill,"1,021"
Mitton,"4,466"
Offmore & Comberton,"4,297"
Wribbenhall & Arley,"2,445"
Wyre Forest Rural,"4,082"
Acocks Green,"9,058"
Allens Cross,"4,423"
Alum Rock,"7,099"
Aston (Birmingham),"6,772"
Balsall Heath West,"3,881"
Bartley Green,"9,668"
Billesley,"8,167"
Birchfield (Birmingham),"3,989"
Bordesley & Highgate,"5,523"
Bordesley Green,"3,694"
Bournbrook & Selly Park,"5,932"
Bournville & Cotteridge,"8,290"
Brandwood & King's Heath,"7,805"
Bromford & Hodge Hill,"7,087"
Castle Vale,"4,211"
Druids Heath & Monyhull,"4,958"
Edgbaston,"6,314"
Erdington,"9,183"
Frankley Great Park,"5,173"
Garretts Green,"4,116"
Glebe Farm & Tile Cross,"9,033"
Gravelly Hill,"4,064"
Hall Green North,"7,884"
Hall Green South,"3,997"
Handsworth,"3,554"
Handsworth Wood,"6,767"
Harborne,"9,949"
Heartlands,"3,546"
Highter's Heath,"4,384"
Holyhead,"3,646"
King's Norton North,"4,889"
King's Norton South,"4,902"
Kingstanding,"8,126"
Ladywood,"13,034"
Longbridge & West Heath,"9,690"
Lozells,"3,427"
Moseley,"9,160"
Nechells,"4,913"
Newtown (Birmingham),"4,469"
North Edgbaston,"8,380"
Northfield (Birmingham),"4,446"
Oscott,"8,587"
Perry Barr,"7,783"
Perry Common,"4,934"
Pype Hayes,"4,587"
Quinton (Birmingham),"8,769"
Rubery & Rednal,"4,441"
Shard End,"5,266"
Sheldon,"8,166"
Small Heath,"5,353"
Soho & Jewellery Quarter,"10,716"
South Yardley,"4,247"
Sparkbrook & Balsall Heath East,"7,742"
Sparkhill,"5,427"
Stirchley,"4,364"
Stockland Green,"9,211"
Sutton Four Oaks,"3,858"
Sutton Mere Green,"4,252"
Sutton Reddicap,"4,247"
Sutton Roughley,"4,730"
Sutton Trinity,"4,162"
Sutton Vesey,"8,296"
Sutton Walmley & Minworth,"7,033"
Sutton Wylde Green,"3,790"
Tyseley & Hay Mills,"4,050"
Ward End,"3,691"
Weoley & Selly Oak,"9,653"
Yardley East,"4,209"
Yardley West & Stechford,"4,290"
Bablake,"6,986"
Binley and Willenhall,"7,568"
Cheylesmore,"6,843"
Earlsdon,"6,200"
Foleshill,"7,448"
Henley,"8,584"
Holbrook,"7,149"
Longford (Coventry),"8,250"
Lower Stoke,"8,929"
Radford (Coventry),"7,888"
St Michael's (Coventry),"8,772"
Sherbourne,"7,469"
Upper Stoke,"7,717"
Wainbody,"4,686"
Westwood,"8,032"
Whoberley,"6,866"
Woodlands (Coventry),"7,941"
Wyken,"6,812"
Amblecote,"5,555"
Belle Vale (Dudley),"6,208"
Brierley Hill,"6,743"
Brockmoor and Pensnett,"6,056"
Castle and Priory,"6,379"
Coseley East,"5,721"
Cradley and Wollescote,"5,769"
Gornal,"5,896"
Halesowen North,"5,564"
Halesowen South,"5,266"
Hayley Green and Cradley South,"4,903"
Kingswinford North and Wall Heath,"5,179"
Kingswinford South,"5,332"
Lye and Stourbridge North,"5,380"
"Netherton, Woodside and St Andrews","6,038"
Norton (Dudley),"5,098"
Pedmore and Stourbridge East,"5,318"
Quarry Bank and Dudley Wood,"5,645"
St James's (Dudley),"6,356"
St Thomas's (Dudley),"6,092"
Sedgley (Dudley),"5,062"
Upper Gornal and Woodsetton,"5,780"
Wollaston and Stourbridge Town,"6,251"
Wordsley,"5,474"
Abbey (Sandwell),"5,138"
Blackheath (Sandwell),"5,149"
Bristnall,"4,765"
Charlemont with Grove Vale,"5,121"
Cradley Heath and Old Hill,"6,242"
Friar Park,"4,960"
Great Barr with Yew Tree,"5,121"
Great Bridge,"5,457"
Greets Green and Lyng,"5,251"
Hateley Heath,"5,575"
Langley,"5,872"
Newton (Sandwell),"4,855"
Old Warley,"5,122"
Oldbury,"5,861"
Princes End,"5,612"
Rowley (Sandwell),"5,481"
St Pauls (Sandwell),"5,019"
Smethwick,"5,343"
Soho and Victoria,"6,277"
Tipton Green,"6,004"
Tividale,"5,082"
Wednesbury North,"5,007"
Wednesbury South,"5,897"
West Bromwich Central,"6,038"
Bickenhill,"5,319"
Blythe,"6,530"
Castle Bromwich,"4,779"
Chelmsley Wood,"5,824"
Dorridge and Hockley Heath,"4,465"
Elmdon,"5,118"
Kingshurst and Fordbridge,"5,517"
Knowle (Solihull),"4,667"
Lyndon,"5,627"
Meriden (Solihull),"5,243"
Olton,"5,204"
St Alphege,"5,332"
Shirley East,"4,774"
Shirley South (Solihull),"5,042"
Shirley West,"5,534"
Silhill,"5,284"
Smith's Wood,"5,224"
Aldridge Central and South,"5,989"
Aldridge North and Walsall Wood,"5,601"
Bentley and Darlaston North,"5,444"
Birchills Leamore,"6,328"
Blakenall,"5,731"
Bloxwich East,"5,387"
Bloxwich West,"5,655"
Brownhills,"5,593"
Darlaston South,"6,602"
Paddock,"4,732"
Palfrey,"5,307"
Pelsall,"4,891"
Pheasey Park Farm,"4,695"
Pleck,"5,533"
Rushall-Shelfield,"5,186"
St Matthew's (Walsall),"7,080"
Short Heath,"4,992"
Streetly,"5,550"
Willenhall North,"5,049"
Willenhall South,"6,880"
Bilston East,"6,331"
Bilston North,"4,924"
Blakenhall,"4,266"
Bushbury North,"5,026"
Bushbury South and Low Hill,"6,605"
East Park,"5,267"
Ettingshall,"6,225"
Fallings Park,"4,783"
Graiseley,"5,328"
Heath Town,"6,039"
Merry Hill,"5,167"
Oxley,"5,113"
Park (Wolverhampton),"5,464"
Penn,"4,981"
St Peter's (Wolverhampton),"4,961"
Spring Vale,"4,978"
Tettenhall Regis,"5,048"
Tettenhall Wightwick,"4,844"
Wednesfield North,"4,882"
Wednesfield South,"4,909"
Barnack,"1,419"
Bretton,"4,091"
Central (Peterborough),"5,198"
Dogsthorpe,"4,193"
East (Peterborough),"4,712"
"Eye, Thorney and Newborough","4,234"
Fletton and Stanground,"4,775"
Fletton and Woodston,"4,828"
Glinton and Castor,"2,725"
Gunthorpe,"4,132"
Hampton Vale,"2,999"
Hargate and Hempsted,"3,648"
North (Peterborough),"4,014"
Orton Longueville,"4,354"
Orton Waterville,"4,315"
Park (Peterborough),"3,723"
Paston and Walton,"4,517"
Ravensthorpe,"4,167"
Stanground South,"4,343"
Werrington (Peterborough),"4,495"
West (Peterborough),"2,290"
Wittering,"1,362"
Barnfield (Luton),"2,659"
Biscot,"4,662"
Bramingham,"2,992"
Challney,"4,772"
Crawley,"3,232"
Dallow,"4,929"
Farley,"4,837"
High Town,"4,648"
Icknield,"3,021"
Leagrave,"4,827"
Lewsey,"4,954"
Limbury,"3,035"
Northwell,"3,146"
Round Green,"4,624"
Saints,"4,467"
South (Luton),"7,346"
Stopsley,"2,905"
Sundon Park,"3,217"
Wigmore,"4,665"
Belfairs,"4,201"
Blenheim Park,"4,446"
Chalkwell (Southend-on-Sea),"4,472"
Eastwood Park,"4,058"
Kursaal,"5,556"
Leigh,"4,708"
Milton (Southend-on-Sea),"5,668"
Prittlewell,"4,443"
St Laurence,"4,480"
St. Luke's (Southend-on-Sea),"4,640"
Shoeburyness,"5,139"
Southchurch,"4,195"
Thorpe (Southend-on-Sea),"3,954"
Victoria (Southend-on-Sea),"5,974"
Westborough (Southend-on-Sea),"4,628"
West Leigh,"3,854"
West Shoebury,"3,926"
Aveley and Uplands,"4,085"
Belhus,"3,891"
Chadwell St Mary,"3,959"
Chafford and North Stifford,"2,843"
Corringham and Fobbing,"2,272"
East Tilbury,"2,805"
Grays Riverside,"5,272"
Grays Thurrock,"3,556"
Little Thurrock Blackshots,"2,655"
Little Thurrock Rectory,"2,461"
Ockendon,"4,644"
Orsett,"2,457"
South Chafford,"2,653"
Stanford East and Corringham Town,"3,533"
Stanford-le-Hope West,"3,066"
Stifford Clays,"2,563"
The Homesteads,"3,226"
Tilbury Riverside and Thurrock Park,"2,848"
Tilbury St Chads,"2,369"
West Thurrock and South Stifford,"5,217"
Brickhill,"3,505"
Bromham and Biddenham,"3,281"
Castle (Bedford),"4,592"
Cauldwell,"4,086"
Clapham,"1,918"
De Parys,"2,976"
Eastcotts,"2,175"
Elstow and Stewartby,"2,295"
Goldington,"3,966"
Great Barford,"3,329"
Harpur,"4,208"
Harrold,"1,776"
Kempston Central and East,"2,982"
Kempston North,"1,558"
Kempston Rural,"3,556"
Kempston South,"1,553"
Kempston West,"2,124"
Kingsbrook,"3,975"
Newnham (Bedford),"3,355"
Oakley (Bedford),"1,573"
Putnoe,"2,917"
Queens Park (Bedford),"3,054"
Riseley,"1,417"
Sharnbrook,"1,654"
Wilshamstead,"2,667"
Wootton (Bedford),"2,907"
Wyboston,"1,551"
Arlesey,"6,792"
Aspley and Woburn,"2,082"
Barton-le-Clay,"2,055"
Biggleswade North,"4,467"
Biggleswade South,"4,976"
Cranfield and Marston Moretaine,"6,317"
Dunstable-Central,"2,328"
Dunstable-Icknield,"3,629"
Dunstable-Watling,"3,831"
Eaton Bray,"1,824"
Flitwick,"5,884"
Heath and Reach,"2,169"
Leighton Buzzard North,"6,350"
Leighton Buzzard South,"6,255"
Linslade,"5,199"
Parkside (Central Bedfordshire),"1,974"
Potton,"3,725"
Shefford,"4,359"
Silsoe and Shillington,"2,444"
Stotfold and Langford,"6,493"
Tithe Farm,"1,652"
Toddington,"4,011"
"Westoning, Flitton and Greenfield","1,874"
Ampthill,"5,805"
Caddington,"4,221"
Dunstable-Manshead,"2,393"
Dunstable-Northfields,"4,509"
Houghton Conquest and Haynes,"1,716"
Houghton Hall,"3,923"
Northill,"1,918"
Sandy,"5,580"
Abbey (Cambridge),"4,440"
Arbury (Cambridge),"4,001"
Castle (Cambridge),"2,452"
Cherry Hinton,"3,747"
Coleridge,"3,936"
East Chesterton,"4,084"
King's Hedges,"4,389"
Market,"2,659"
Newnham (Cambridge),"1,649"
Petersfield,"4,330"
Queen Edith's,"4,155"
Romsey,"4,042"
Trumpington,"4,868"
West Chesterton,"3,720"
Bottisham,"2,352"
Burwell,"2,762"
Downham Villages,"1,229"
Ely East,"2,846"
Ely North,"1,906"
Ely West,"4,216"
Fordham & Isleham,"2,702"
Haddenham,"1,455"
Littleport,"4,102"
Soham North,"2,878"
Soham South,"2,726"
Stretham,"2,775"
Sutton (East Cambridgeshire),"2,354"
Woodditton,"2,900"
Bassenhally,"2,479"
"Benwick, Coates & Eastrea","1,915"
Birch (Fenland),"1,122"
Clarkson,"1,137"
Doddington & Wimblington,"2,064"
Elm & Christchurch,"2,121"
Kirkgate,"1,050"
Lattersey,"1,194"
Manea,"1,143"
March East,"3,553"
March North,"3,105"
March West,"3,331"
Medworth,"1,451"
Octavia Hill,"2,449"
Parson Drove & Wisbech St Mary,"2,330"
Peckover,"1,079"
Roman Bank,"3,001"
St Andrews (Fenland),"1,361"
Slade Lode,"1,293"
Staithe,"1,013"
Stonald,"1,195"
The Mills,"1,256"
Waterlees Village,"2,300"
Wenneye,"1,141"
Alconbury,"1,527"
Brampton (Huntingdonshire),"3,749"
Buckden,"1,514"
Fenstanton,"1,687"
Godmanchester & Hemingford Abbots,"4,335"
Great Paxton,"1,257"
Great Staughton,"1,407"
Hemingford Grey & Houghton,"2,684"
Holywell-cum-Needingworth,"2,870"
Huntingdon East,"2,876"
Huntingdon North,"5,363"
Kimbolton,"1,444"
Ramsey,"4,583"
St Ives East,"2,892"
St Ives South,"3,599"
St Ives West,"1,285"
St Neots East,"1,499"
St Neots Eatons,"4,828"
St Neots Eynesbury,"5,284"
St Neots Priory Park & Little Paxton,"4,658"
Sawtry,"2,804"
Somersham,"1,634"
"Stilton, Folksworth & Washingley","2,802"
The Stukeleys,"2,368"
Warboys,"3,292"
Yaxley,"4,637"
Balsham,"1,500"
Bar Hill,"1,741"
Barrington,"1,484"
Bassingbourn,"1,595"
Caldecote,"1,345"
Cottenham,"2,913"
Fen Ditton & Fulbourn,"4,622"
Foxton,"1,428"
Gamlingay,"1,613"
Girton,"2,105"
Hardwick,"1,309"
Harston & Comberton,"4,428"
Histon & Impington,"4,689"
Linton (South Cambridgeshire),"3,067"
Melbourn,"3,465"
Milton & Waterbeach,"4,712"
Shelford,"3,171"
Swavesey,"1,611"
The Mordens,"1,384"
Whittlesford,"1,302"
Longstanton,"2,848"
Over & Willingham,"3,001"
Cambourne,"4,361"
Caxton & Papworth,"2,616"
Duxford,"1,630"
Sawston,"3,056"
Billericay East,"4,872"
Billericay West,"5,052"
Burstead,"4,591"
Crouch,"3,495"
Fryerns,"5,894"
Laindon Park,"5,717"
Langdon Hills,"3,568"
Lee Chapel North,"5,808"
Nethermayne,"5,827"
Pitsea North West,"5,380"
Pitsea South East,"5,170"
St Martin's (Basildon),"4,096"
Vange,"4,009"
Wickford Castledon,"3,404"
Wickford North,"5,498"
Wickford Park,"3,979"
Bocking Blackwater,"3,967"
Bocking North,"2,154"
Bocking South,"2,903"
Braintree Central & Beckers Green,"4,259"
Braintree South,"2,721"
Braintree West,"2,631"
Bumpstead,"1,194"
Coggeshall,"2,556"
Great Notley & Black Notley,"3,784"
Hedingham,"2,526"
Kelvedon & Feering,"2,381"
Rayne,"1,161"
Stour Valley North,"1,231"
Stour Valley South,"1,320"
The Colnes,"2,516"
Three Fields,"2,449"
Witham South,"2,653"
Witham West,"2,809"
Yeldham,"1,169"
Gosfield & Greenstead Green,"1,182"
Halstead St Andrew's,"2,767"
Halstead Trinity,"3,092"
Hatfield Peverel & Terling,"2,496"
Silver End & Cressing,"2,849"
Witham Central,"3,087"
Witham North,"3,123"
Brentwood North,"3,147"
Brentwood South,"2,886"
Brentwood West,"3,449"
Brizes and Doddinghurst,"2,315"
"Herongate, Ingrave and West Horndon","1,550"
Hutton Central,"1,652"
Hutton East,"1,448"
Hutton North,"1,775"
Hutton South,"1,568"
"Ingatestone, Fryerning and Mountnessing","2,777"
Pilgrims Hatch,"2,470"
Shenfield,"2,167"
South Weald,791
Tipps Cross,"1,517"
Warley (Brentwood),"2,828"
Appleton (Castle Point),"2,689"
Boyce,"2,649"
Canvey Island Central,"2,776"
Canvey Island East,"2,637"
Canvey Island North,"3,061"
Canvey Island South,"3,137"
Canvey Island West,"2,013"
Canvey Island Winter Gardens,"2,554"
Cedar Hall,"2,727"
St George's (Castle Point),"2,291"
St James (Castle Point),"3,113"
St Mary's (Castle Point),"2,607"
St Peter's (Castle Point),"2,632"
Victoria (Castle Point),"2,502"
Bicknacre and East and West Hanningfield,"2,182"
Boreham and The Leighs,"2,753"
Broomfield and The Walthams,"4,437"
Chelmer Village and Beaulieu Park,"4,450"
Chelmsford Rural West,"1,276"
Galleywood,"2,396"
Goat Hall,"2,461"
Great Baddow East,"3,832"
Great Baddow West,"2,664"
"Little Baddow, Danbury and Sandon","3,368"
Marconi,"3,697"
Moulsham and Central,"6,343"
Moulsham Lodge,"2,190"
Patching Hall,"3,819"
Rettendon and Runwell,"2,686"
St Andrews (Chelmsford),"3,760"
"South Hanningfield, Stock and Margaretting","2,353"
South Woodham-Chetwood and Collingwood,"3,319"
South Woodham-Elmwood and Woodville,"3,278"
Springfield North,"4,313"
The Lawns,"2,227"
Trinity (Chelmsford),"2,566"
Waterhouse Farm,"2,737"
Writtle,"2,297"
Berechurch,"4,453"
Castle (Colchester),"5,556"
Greenstead,"5,682"
Highwoods,"4,414"
Lexden and Braiswick,"3,980"
Marks Tey and Layer,"4,393"
Mersea and Pyefleet,"4,454"
Mile End (Colchester),"5,728"
New Town and Christ Church,"6,397"
Old Heath and The Hythe,"5,408"
Prettygate,"4,301"
Rural North,"4,372"
St Anne's and St John's,"4,501"
Shrub End,"4,541"
Stanway,"4,011"
Tiptree,"4,112"
Wivenhoe,"3,405"
"Broadley Common, Epping Upland and Nazeing",850
Buckhurst Hill East,"1,954"
Buckhurst Hill West,"2,923"
Chigwell Row,918
Chigwell Village,"1,629"
"Chipping Ongar, Greensted and Marden Ash","1,872"
Epping Hemnall,"2,817"
Epping Lindsey and Thornwood Common,"2,922"
Grange Hill,"2,670"
"High Ongar, Willingale and The Rodings",941
Lambourne,882
Loughton Alderton,"1,939"
Loughton Broadway,"2,124"
Loughton Fairmead,"1,870"
Loughton Forest,"1,783"
Loughton Roding,"1,927"
Loughton St John's,"1,846"
Loughton St Mary's,"1,980"
Lower Nazeing,"1,719"
Lower Sheering,"1,046"
North Weald Bassett,"1,978"
Passingford,943
Roydon,928
Shelley,"1,051"
Theydon Bois,"1,648"
Waltham Abbey High Beach,"1,140"
Waltham Abbey Honey Lane,"2,595"
Waltham Abbey North East,"1,796"
Waltham Abbey Paternoster,"1,901"
Waltham Abbey South West,"2,079"
"Hastingwood, Matching and Sheering Village","1,036"
Moreton and Fyfield,853
Bush Fair,"3,287"
Church Langley,"3,479"
Great Parndon,"2,840"
Harlow Common,"3,144"
Little Parndon and Hare Street,"3,906"
Mark Hall,"3,217"
Netteswell,"3,551"
Old Harlow,"4,634"
Staple Tye,"3,129"
Sumners and Kingsmoor,"2,990"
Toddbrook,"3,678"
Althorne,"1,830"
Burnham-on-Crouch North,"1,972"
Burnham-on-Crouch South,"1,996"
Great Totham,"1,542"
Heybridge East,"1,743"
Heybridge West,"1,939"
Maldon East,"1,076"
Maldon North,"2,243"
Maldon South,"1,561"
Maldon West,"1,811"
Mayland,"1,798"
Purleigh,"1,378"
Southminster,"1,936"
Tillingham,938
Tollesbury,872
Tolleshunt D'Arcy,"1,765"
Wickham Bishops and Woodham,"1,500"
Downhall and Rawreth,"2,549"
Foulness and The Wakerings,"2,930"
Hawkwell East,"2,573"
Hawkwell West,"2,562"
Hockley,"2,747"
Hockley and Ashingdon,"2,529"
Hullbridge,"2,909"
Lodge,"2,671"
Roche North and Rural,"2,688"
Roche South,"2,889"
Sweyne Park and Grange,"2,866"
Trinity (Rochford),"2,772"
Wheatley (Rochford),"2,872"
Alresford & Elmstead,"2,852"
Ardleigh & Little Bromley,"1,178"
Bluehouse,"2,574"
Brightlingsea,"3,992"
Burrsville,"2,432"
Cann Hall (Tendring),"2,628"
Coppins,"3,117"
Dovercourt All Saints,"3,217"
Dovercourt Bay,"1,433"
Dovercourt Tollgate,"1,125"
Dovercourt Vines & Parkeston,"1,268"
Eastcliff (Tendring),"1,371"
Frinton,"2,846"
Harwich & Kingsway,"1,812"
Homelands,"1,780"
Kirby Cross,"1,472"
Kirby-le-Soken & Hamford,"1,550"
"Lawford, Manningtree & Mistley","3,938"
Little Clacton,"1,402"
Pier,"1,323"
St Bartholomew's (Tendring),"2,911"
St James (Tendring),"3,335"
St John's (Tendring),"3,156"
St Osyth,"2,381"
St Paul's (Tendring),"1,287"
Stour Valley,"1,241"
The Bentleys & Frating,"1,418"
The Oakleys & Wix,"1,247"
"Thorpe, Beaumont & Great Holland","1,457"
Walton (Tendring),"1,542"
Weeley & Tendring,"1,250"
West Clacton & Jaywick Sands,"2,918"
Ashdon,863
Broad Oak & the Hallingburys,"1,592"
Clavering,947
Debden & Wimbish,841
Elsenham & Henham,"1,969"
Felsted & Stebbing,"1,769"
Flitch Green & Little Dunmow,"1,009"
Great Dunmow North,"2,030"
Great Dunmow South & Barnston,"2,913"
Hatfield Heath,901
High Easter & the Rodings,"1,000"
"Littlebury, Chesterford & Wenden Lofts","1,828"
Newport (Uttlesford),"1,702"
Saffron Walden Audley,"1,972"
Saffron Walden Castle,"2,043"
Saffron Walden Shire,"3,218"
Stansted North,"1,953"
Stansted South & Birchanger,"1,884"
Stort Valley,806
Takeley,"2,706"
Thaxted & the Eastons,"2,127"
The Sampfords,884
Broxbourne and Hoddesdon South,"3,695"
Cheshunt North,"3,861"
Cheshunt South and Theobalds,"3,818"
Flamstead End,"3,452"
Goffs Oak,"3,462"
Hoddesdon North,"3,777"
Hoddesdon Town and Rye Park,"4,205"
Rosedale and Bury Green,"3,967"
Waltham Cross,"4,900"
Wormley and Turnford,"4,713"
Adeyfield East,"2,452"
Adeyfield West,"2,418"
Aldbury and Wigginton,"1,018"
Apsley and Corner Hall,"4,410"
Ashridge,"1,084"
Bennetts End,"2,255"
Berkhamsted Castle,"2,760"
Berkhamsted East,"2,504"
Berkhamsted West,"2,568"
"Bovingdon, Flaunden and Chipperfield","3,473"
Boxmoor,"3,851"
Chaulden and Warners End,"3,782"
Gadebridge,"2,285"
Grovehill,"3,204"
Hemel Hempstead Town,"3,264"
Highfield (Dacorum),"2,365"
Kings Langley,"2,137"
Leverstock Green,"3,719"
Nash Mills,"1,569"
Northchurch,"1,312"
Tring Central,"2,204"
Tring East,"1,396"
Tring West and Rural,"2,219"
Watling (Dacorum),"2,366"
Woodhall Farm,"2,795"
Aldenham East,"1,918"
Aldenham West,"2,010"
Bentley Heath & The Royds,"2,416"
Borehamwood Brookmeadow,"3,403"
Borehamwood Cowley Hill,"3,725"
Borehamwood Hillside,"3,235"
Borehamwood Kenilworth,"3,834"
Bushey Heath,"2,314"
Bushey North,"3,119"
Bushey Park,"2,946"
Bushey St James,"3,071"
Elstree,"1,829"
Potters Bar Furzefield,"2,263"
Potters Bar Oakmere,"2,388"
Potters Bar Parkfield,"2,108"
Shenley,"2,102"
Arbury (North Hertfordshire),"1,175"
Baldock East,"1,298"
Baldock Town,"3,382"
Cadwell,"1,039"
Chesfield,"2,817"
Codicote,"1,203"
Ermine,"1,132"
Hitchin Bearton,"3,907"
Hitchin Highbury,"3,696"
Hitchin Oughton,"2,203"
Hitchin Priory,"1,968"
Hitchin Walsworth,"3,464"
"Hitchwood, Offa and Hoo","3,120"
Kimpton,900
Knebworth,"2,331"
Letchworth East,"2,878"
Letchworth Grange,"3,293"
Letchworth South East,"3,031"
Letchworth South West,"3,199"
Letchworth Wilbury,"2,355"
Royston Heath,"2,529"
Royston Meridian,"2,299"
Royston Palace,"2,660"
Weston and Sandon,853
Abbots Langley & Bedmond,"2,702"
Carpenders Park,"2,751"
Chorleywood North & Sarratt,"2,633"
Chorleywood South & Maple Cross,"3,017"
Dickinsons,"2,566"
Durrants,"2,688"
Gade Valley,"2,802"
Leavesden,"3,347"
Moor Park & Eastbury,"2,099"
Oxhey Hall & Hayling,"2,784"
Penn & Mill End,"2,848"
Rickmansworth Town,"3,399"
South Oxhey,"3,223"
Callowland,"3,413"
Central (Watford),"4,749"
Holywell (Watford),"3,705"
Leggatts,"2,968"
Meriden (Watford),"3,128"
Nascot,"3,592"
Oxhey,"2,921"
Park (Watford),"3,084"
Stanborough,"2,962"
Tudor (Watford),"2,799"
Vicarage,"3,162"
Woodside (Watford),"3,145"
All Saints & Wayland,"2,783"
Ashill,"1,224"
Bedingfeld,"1,405"
Attleborough Burgh & Haverscroft,"2,272"
Attleborough Queens & Besthorpe,"3,388"
Dereham Neatherd,"3,322"
Dereham Toftwood,"2,667"
Dereham Withburga,"2,518"
Forest (Breckland),"1,392"
Guiltcross,"1,435"
Harling & Heathlands,"1,365"
Hermitage (Breckland),"1,249"
Launditch,"1,086"
Lincoln,"2,238"
Mattishall,"2,377"
Nar Valley,"1,289"
Necton,"1,210"
Saham Toney,"2,315"
Shipdham-with-Scarning,"2,359"
Swaffham,"3,971"
The Buckenhams & Banham,"1,403"
Thetford Boudica,"2,079"
Thetford Burrell,"2,501"
Thetford Castle,"2,670"
Thetford Priory,"3,037"
Upper Wensum,"2,803"
Watton,"4,004"
Acle,"1,316"
Aylsham,"4,077"
Blofield with South Walsham,"2,731"
Brundall,"2,719"
Burlingham,"1,186"
Buxton,"1,127"
Coltishall,"1,237"
Drayton North,"1,284"
Drayton South,"1,022"
Eynesford,"1,421"
Great Witchingham,"1,175"
Hellesdon North West,"2,617"
Hellesdon South East,"2,391"
Hevingham,"1,197"
Horsford and Felthorpe,"2,319"
Marshes,"1,385"
Old Catton and Sprowston West,"3,806"
Plumstead,"1,460"
Reepham,"1,205"
Spixworth with St Faiths,"2,378"
Sprowston Central,"2,366"
Sprowston East,"4,359"
Taverham North,"2,155"
Taverham South,"2,018"
Thorpe St Andrew North West,"3,399"
Thorpe St Andrew South East,"3,056"
Wroxham,"2,353"
Bradwell North,"2,843"
Bradwell South and Hopton,"3,433"
Caister North,"2,059"
Caister South,"2,107"
Central and Northgate,"3,984"
Claydon,"3,597"
East Flegg,"2,257"
Fleggburgh,"1,117"
Gorleston,"2,353"
Lothingland (Great Yarmouth),"2,486"
Magdalen,"3,094"
Nelson (Great Yarmouth),"4,158"
Ormesby (Great Yarmouth),"2,087"
St Andrews (Great Yarmouth),"2,265"
Southtown and Cobholm,"2,447"
West Flegg,"2,298"
Yarmouth North,"1,962"
Airfield,"2,260"
Bircham with Rudhams,"1,178"
Brancaster,"1,107"
Burnham Market & Docking,"1,205"
Clenchwarton,"1,200"
Denver,"1,080"
Dersingham,"2,880"
Downham Old Town,"1,481"
East Downham,"1,289"
Emneth & Outwell,"2,161"
Fairstead,"2,772"
Feltwell,"2,578"
Gayton & Grimston,"2,600"
Gaywood Chase,"1,095"
Gaywood Clock,"1,319"
Gaywood North Bank,"3,688"
Heacham,"2,558"
Hunstanton,"2,185"
Massingham with Castle Acre,"1,437"
Methwold,"1,209"
North Downham,"1,216"
North Lynn,"2,747"
St. Margaret's with St. Nicholas,"3,105"
Snettisham,"1,302"
South & West Lynn,"2,155"
South Downham,"1,306"
Springwood,"1,183"
Terrington,"2,451"
The Woottons,"2,843"
"Tilney, Mershe Lande & Wiggenhall","2,176"
Upwell & Delph,"2,678"
"Walsoken, West Walton & Walpole","2,483"
Watlington (King's Lynn and West Norfolk),"1,216"
West Winch,"2,120"
Wissey,"1,202"
Bacton (North Norfolk),"1,139"
Beeston Regis & The Runtons,"1,222"
Briston,"1,156"
Coastal (North Norfolk),"1,132"
Cromer Town,"2,696"
Erpingham,"1,199"
Gresham,"1,073"
Happisburgh,"1,213"
Hickling,"1,184"
Holt (North Norfolk),"2,372"
Hoveton & Tunstead,"2,373"
Lancaster North,"1,115"
Lancaster South,"2,657"
Mundesley,"1,383"
North Walsham East,"2,250"
North Walsham Market Cross,"1,463"
North Walsham West,"2,423"
Poppyland,"1,229"
Priory (North Norfolk),"1,040"
Roughton (North Norfolk),"1,242"
St Benet's,"1,142"
Sheringham North,"1,269"
Sheringham South,"2,273"
Stalham,"2,729"
Stibbard,"1,212"
Stody,"1,133"
Suffield Park,"1,162"
The Raynhams,"1,195"
Trunch,"1,179"
Walsingham,"1,169"
Wells with Holkham,"1,193"
Worstead,"1,157"
Bowthorpe,"4,081"
Catton Grove,"4,957"
Crome,"5,163"
Eaton,"4,504"
Lakenham,"5,010"
Mancroft,"5,523"
Mile Cross,"4,864"
Nelson (Norwich),"4,855"
Sewell,"5,086"
Thorpe Hamlet,"5,664"
Town Close,"5,236"
University (Norwich),"4,127"
Wensum,"5,388"
"Beck Vale, Dickleburgh & Scole","2,911"
Bressingham & Burston,"1,396"
Brooke,"1,469"
Bunwell,"1,275"
Central Wymondham,"2,749"
Cringleford,"2,194"
Diss & Roydon,"5,099"
Easton (South Norfolk),826
Forncett,"1,370"
Hempnall,"1,335"
Hethersett,"3,763"
Hingham & Deopham,"1,404"
Loddon & Chedgrave,"2,580"
Mulbarton & Stoke Holy Cross,"3,973"
New Costessey,"2,828"
Newton Flotman,"1,285"
North Wymondham,"2,716"
Old Costessey,"4,303"
"Poringland, Framinghams & Trowse","3,613"
Rockland,"1,426"
South Wymondham,"2,566"
Stratton (South Norfolk),"1,944"
Thurlton,"1,364"
Wicklewood,"1,335"
Ditchingham & Earsham,"2,818"
Harleston,"2,838"
Assington,"1,175"
Box Vale,"1,233"
Brantham,"1,079"
Brett Vale,"1,343"
Bures St Mary & Nayland,"1,265"
Capel St Mary,"1,327"
Chadacre,"2,646"
Copdock & Washbrook,"1,361"
East Bergholt,"1,176"
Ganges,"1,086"
Great Cornard,"4,051"
Hadleigh North,"1,035"
Hadleigh South,"2,648"
Lavenham,"2,418"
Long Melford,"2,727"
North West Cosford,"1,170"
Orwell,"1,126"
South East Cosford,"1,156"
Sproughton & Pinewood,"2,604"
Stour,"1,258"
Sudbury North East,"1,311"
Sudbury North West,"2,477"
Sudbury South East,"1,131"
Sudbury South West,"1,399"
Alexandra (Ipswich),"5,199"
Bixley,"3,184"
Bridge (Ipswich),"4,299"
Castle Hill,"3,061"
Gainsborough,"3,525"
Gipping,"4,010"
Holywells,"3,533"
Priory Heath,"3,749"
Rushmere,"3,360"
St John's (Ipswich),"4,162"
St Margaret's (Ipswich),"3,663"
Sprites,"2,956"
Stoke Park,"3,171"
Westgate (Ipswich),"4,515"
Whitehouse,"3,856"
Whitton (Ipswich),"3,264"
Bacton (Mid Suffolk),"1,177"
Battisford & Ringshall,"1,289"
Blakenham,"1,551"
Bramford,"1,224"
Chilton (Mid Suffolk),"2,995"
Claydon & Barham,"2,443"
Combs Ford,"2,431"
Debenham,"1,393"
Elmswell & Woolpit,"2,883"
Eye,"1,296"
Fressingfield,"1,256"
Gislingham,"1,349"
"Haughley, Stowupland & Wetherden","2,583"
Hoxne & Worlingworth,"1,149"
Mendlesham,"1,270"
Needham Market,"2,864"
Onehouse,"1,131"
Palgrave,"1,196"
Rattlesden,"1,319"
Rickinghall,"1,293"
St Peter's (Mid Suffolk),"1,611"
Stonham,"1,185"
Stow Thorney,"2,275"
Stradbroke & Laxfield,"1,352"
Thurston,"2,474"
Walsham-le-Willows,"1,352"
Batchwood,"2,955"
Bernards Heath,"3,297"
Clarence,"3,180"
Colney Heath,"1,099"
Cunningham,"3,274"
Harpenden East,"2,937"
Harpenden North & Rural,"3,030"
Harpenden South,"2,787"
Harpenden West,"3,294"
Hill End,"2,702"
London Colney,"3,261"
Marshalswick East & Jersey Farm,"3,039"
Marshalswick West,"1,868"
Park Street,"3,257"
Redbourn,"2,318"
Sandridge & Wheathampstead,"3,199"
Sopwell,"2,999"
St Peters (St Albans),"4,094"
St Stephen (St Albans),"3,303"
Verulam,"3,098"
Brookmans Park and Little Heath,"2,629"
Haldens,"2,943"
Handside,"3,098"
Hatfield Central,"3,327"
Hatfield East,"3,124"
Hatfield South West,"3,016"
Hatfield Villages,"3,326"
Hollybush,"2,751"
Howlands,"2,912"
Northaw and Cuffley,"2,376"
Panshanger,"2,565"
Peartree (Welwyn Hatfield),"3,463"
Sherrards,"2,397"
Welham Green and Hatfield South,"3,068"
Welwyn East,"2,649"
Welwyn West,"2,566"
Braughing,"1,100"
Datchworth & Aston,986
Great Amwell,"1,136"
Hertford Bengeo,"3,386"
Hertford Castle,"4,532"
Hertford Heath,"1,210"
Hertford Kingsmead,"2,374"
Hertford Rural North,952
Hertford Rural South,"1,050"
Hertford Sele,"2,529"
Hunsdon,"1,401"
Little Hadham,971
Much Hadham,"1,169"
Puckeridge,"1,235"
Sawbridgeworth,"3,657"
Stanstead Abbots,"1,343"
Thundridge & Standon,"1,289"
Ware Chadwell,"1,549"
Ware Christchurch,"2,608"
Ware St Mary's,"2,256"
Ware Trinity,"2,112"
Watton-at-Stone,"1,083"
Walkern,"1,146"
Bishop's Stortford All Saints,"3,203"
Bishop's Stortford Central,"4,253"
Bishop's Stortford Meads,"2,989"
Bishop's Stortford Silverleys,"2,677"
Bishop's Stortford South,"3,523"
Buntingford,"3,278"
Mundens and Cottered,"1,029"
Bandley Hill,"2,764"
Bedwell,"3,421"
Chells,"2,666"
Longmeadow,"2,413"
Martins Wood,"2,631"
Old Town (Stevenage),"3,707"
Pin Green,"2,784"
Roebuck,"2,913"
St Nicholas,"3,100"
Shephall,"2,494"
Symonds Green,"2,672"
Woodfield,"2,254"
Manor (Stevenage),"2,691"
Aldeburgh & Leiston,"5,787"
Beccles & Worlingham,"6,725"
Bungay & Wainford,"3,930"
Carlford & Fynn Valley,"3,524"
Carlton & Whitton,"4,752"
Carlton Colville,"4,019"
Deben,"2,046"
Eastern Felixstowe,"6,217"
Framlingham,"3,812"
Gunton & St Margarets,"4,212"
Halesworth & Blything,"3,843"
Harbour & Normanston,"7,306"
Kelsale & Yoxford,"1,809"
Kesgrave,"6,044"
Kessingland,"2,060"
Kirkley & Pakefield,"6,343"
Lothingland (East Suffolk),"1,586"
Martlesham & Purdis Farm,"3,376"
Melton,"2,027"
Orwell & Villages,"4,314"
Oulton Broad,"5,788"
Rendlesham & Orford,"2,119"
Rushmere St Andrew,"1,781"
Saxmundham,"2,173"
Southwold,"1,938"
Western Felixstowe,"5,248"
Wickham Market,"2,215"
Woodbridge,"3,824"
"Wrentham, Wangford & Westleton","1,928"
Abbeygate,"2,649"
Bardwell,"1,143"
Barningham,"1,154"
Barrow,"1,107"
Brandon Central,"1,583"
Brandon East,"1,349"
Brandon West,"1,460"
Chedburgh & Chevington,"1,180"
"Clare, Hundon & Kedington","3,489"
Eastgate,"1,377"
Exning,"1,036"
Haverhill Central,"1,471"
Haverhill East,"1,697"
Haverhill North,"1,916"
Haverhill South,"2,596"
Haverhill South East,"1,013"
Haverhill West,"2,357"
Horringer,"1,056"
Iceni,"2,750"
Ixworth,982
Kentford & Moulton,"1,282"
Lakenheath,"3,632"
Manor (West Suffolk),"1,225"
Mildenhall Great Heath,"1,408"
Mildenhall Kingsway & Market,"1,451"
Mildenhall Queensway,"1,189"
Minden,"2,656"
Moreton Hall,"3,445"
Newmarket East,"2,804"
Newmarket North,"2,659"
Newmarket West,"2,725"
Pakenham & Troston,"1,071"
Risby,"1,217"
Rougham,"1,025"
St Olaves,"2,180"
Southgate (West Suffolk),"1,831"
Stanton (West Suffolk),"1,354"
The Fornhams & Great Barton,"1,866"
The Rows,"3,036"
Tollgate,"2,924"
Westgate (West Suffolk),"2,396"
Whepstead & Wickhambrook,"1,085"
Withersfield,915
City of London (Local Authority),"4,914"
Abbey (Barking and Dagenham),"1,421"
Alibon,"3,387"
Barking Riverside,"3,358"
Beam,"2,787"
Becontree,"3,075"
Chadwell Heath,"4,913"
Eastbrook & Rush Green,"3,023"
Eastbury,"5,166"
Gascoigne,"3,862"
Goresbrook,"4,526"
Heath (Barking and Dagenham),"3,254"
Longbridge,"3,765"
Mayesbrook,"5,421"
Northbury,"4,379"
Parsloes,"5,342"
Thames View,"1,955"
Valence,"5,288"
Village (Barking and Dagenham),"4,530"
Whalebone,"4,449"
Barnet Vale,"7,098"
Brunswick Park,"5,989"
Burnt Oak,"7,397"
Childs Hill,"7,975"
Colindale North,"4,475"
Colindale South,"7,467"
Cricklewood,"3,966"
East Barnet,"6,990"
East Finchley,"6,901"
Edgware (Barnet),"7,212"
Edgwarebury,"3,995"
Finchley Church End,"7,563"
Friern Barnet,"7,650"
Garden Suburb,"4,893"
Golders Green,"5,027"
Hendon (Barnet),"8,270"
High Barnet,"4,793"
Mill Hill (Barnet),"6,921"
Totteridge & Woodside,"5,483"
Underhill,"4,848"
West Finchley,"7,751"
West Hendon,"6,457"
Whetstone,"4,284"
Woodhouse (Barnet),"5,515"
Barnehurst,"4,439"
Belvedere,"6,834"
Bexleyheath,"6,309"
Blackfen & Lamorbey,"6,476"
Blendon & Penhill,"5,991"
Crayford,"6,543"
Crook Log,"5,962"
East Wickham,"5,930"
Erith,"5,108"
Falconwood & Welling,"6,191"
Longlands,"4,255"
Northumberland Heath,"4,063"
St Mary's & St James (Bexley),"4,336"
Sidcup,"6,535"
Slade Green & Northend,"4,674"
Thamesmead East,"5,706"
West Heath (Bexley),"5,948"
Alperton,"4,489"
Barnhill,"3,765"
Brondesbury Park,"5,508"
Cricklewood & Mapesbury,"5,719"
Dollis Hill,"7,331"
Harlesden & Kensal Green,"8,061"
Kenton (Brent),"5,702"
Kilburn (Brent),"7,648"
Kingsbury (Brent),"3,784"
Northwick Park,"3,876"
Preston (Brent),"3,944"
Queens Park (Brent),"7,043"
Queensbury (Brent),"5,386"
Roundwood,"6,225"
Stonebridge,"7,241"
Sudbury,"4,329"
Tokyngton,"2,828"
Welsh Harp,"5,942"
Wembley Central,"4,932"
Wembley Hill,"4,627"
Wembley Park,"2,669"
Willesden Green,"7,561"
Beckenham Town & Copers Cope,"8,021"
Bickley & Sundridge,"7,149"
Biggin Hill,"4,284"
Bromley Common & Holwood,"7,591"
Bromley Town,"6,718"
Chelsfield,"4,389"
Chislehurst,"6,266"
Clock House,"7,466"
Crystal Palace & Anerley,"5,682"
Darwin,"2,287"
Farnborough & Crofton,"7,052"
Hayes & Coney Hall,"5,916"
Kelsey & Eden Park,"5,994"
Mottingham,"4,633"
Orpington,"4,730"
Penge & Cator,"8,408"
Petts Wood & Knoll,"6,910"
Plaistow,"5,494"
Shortlands & Park Langley,"6,704"
St Mary Cray,"7,612"
St Paul's Cray,"6,815"
West Wickham,"5,705"
Belsize,"5,991"
Bloomsbury,"4,612"
Camden Square,"3,402"
Camden Town,"2,815"
Fortune Green,"5,063"
Frognal,"3,303"
Gospel Oak,"5,187"
Hampstead Town,"3,723"
Haverstock,"5,112"
Highgate (Camden),"4,446"
Holborn & Covent Garden,"5,059"
Kentish Town North,"3,307"
Kentish Town South,"4,375"
Kilburn (Camden),"5,561"
King's Cross,"4,420"
Primrose Hill,"5,658"
Regent's Park (Camden),"4,965"
St Pancras & Somers Town,"4,867"
South Hampstead,"5,549"
West Hampstead,"5,343"
Addiscombe East,"4,635"
Addiscombe West,"6,851"
Bensham Manor,"6,091"
Broad Green,"7,342"
Coulsdon Town,"5,723"
Crystal Palace & Upper Norwood,"7,222"
Fairfield (Croydon),"7,372"
Kenley,"4,137"
New Addington North,"3,635"
New Addington South,"4,049"
Norbury & Pollards Hill,"4,475"
Norbury Park,"3,697"
Old Coulsdon,"3,952"
Park Hill & Whitgift,"2,408"
Purley & Woodcote,"5,897"
Purley Oaks & Riddlesdown,"3,792"
Sanderstead,"6,007"
Selhurst,"5,248"
Selsdon & Addington Village,"3,715"
Selsdon Vale & Forestdale,"4,250"
Shirley North,"6,037"
Shirley South (Croydon),"3,833"
South Croydon,"7,755"
South Norwood,"7,093"
Thornton Heath,"7,042"
Waddon,"7,356"
West Thornton,"6,493"
Woodside (Croydon),"6,842"
Central Greenford,"5,049"
Dormers Wells,"4,809"
Ealing Broadway,"6,213"
Ealing Common,"6,694"
East Acton,"5,886"
Greenford Broadway,"6,110"
Hanger Hill,"6,757"
Hanwell Broadway,"6,208"
Lady Margaret,"4,610"
North Acton,"7,059"
North Greenford,"5,238"
North Hanwell,"5,479"
Northfield (Ealing),"5,583"
Northolt Mandeville,"6,136"
Northolt West End,"5,616"
Norwood Green,"5,015"
Perivale,"5,658"
Pitshanger,"5,918"
South Acton,"7,234"
Southall Broadway,"2,844"
Southall Green,"4,248"
Southall West,"1,804"
Southfield,"7,296"
Walpole,"6,200"
Arnos Grove,"2,959"
Bowes,"3,837"
Brimsdown,"5,636"
Bullsmoor,"3,974"
Bush Hill Park,"4,877"
Carterhatch,"4,046"
Cockfosters,"4,023"
Edmonton Green,"6,256"
Enfield Lock,"6,407"
Grange Park,"3,676"
Haselbury,"6,144"
Highfield (Enfield),"3,288"
Jubilee (Enfield),"5,746"
Lower Edmonton,"5,826"
New Southgate,"4,574"
Oakwood (Enfield),"3,258"
Palmers Green,"4,204"
Ponders End,"4,536"
Ridgeway (Enfield),"5,448"
Southbury,"5,964"
Southgate (Enfield),"5,666"
Town (Enfield),"5,496"
Upper Edmonton,"5,581"
Whitewebbs,"5,503"
Winchmore Hill,"3,999"
Abbey Wood,"6,300"
Blackheath Westcombe,"6,796"
Charlton Hornfair,"4,523"
Charlton Village & Riverside,"4,054"
East Greenwich,"6,422"
Eltham Page,"3,420"
Eltham Park & Progress,"4,240"
Eltham Town & Avery Hill,"6,294"
Greenwich Creekside,"4,782"
Greenwich Park,"4,620"
Greenwich Peninsula,"5,031"
Kidbrooke Park,"3,932"
Kidbrooke Village & Sutcliffe,"2,749"
Middle Park & Horn Park,"3,437"
"Mottingham, Coldharbour & New Eltham","5,694"
Plumstead & Glyndon,"7,597"
Plumstead Common,"5,860"
Shooters Hill,"4,760"
Thamesmead Moorings,"4,614"
West Thamesmead,"3,958"
Woolwich Arsenal,"5,717"
Woolwich Common,"4,649"
Woolwich Dockyard,"4,606"
Brownswood,"4,106"
Cazenove,"5,191"
Clissold,"5,472"
Dalston,"3,998"
De Beauvoir,"4,058"
Hackney Central,"5,692"
Hackney Downs,"5,370"
Hackney Wick,"4,946"
Haggerston,"6,253"
Homerton,"5,531"
Hoxton East & Shoreditch,"5,382"
Hoxton West,"6,290"
King's Park,"4,931"
Lea Bridge (Hackney),"5,332"
London Fields,"5,585"
Shacklewell,"3,798"
Springfield,"5,211"
Stamford Hill West,"3,239"
Stoke Newington,"5,573"
Victoria (Hackney),"5,194"
Woodberry Down,"4,929"
Addison,"3,786"
Avonmore,"3,658"
Brook Green,"3,870"
College Park & Old Oak,"3,876"
Coningham,"4,804"
Fulham Reach,"5,365"
Fulham Town,"3,373"
Grove,"3,363"
Hammersmith Broadway,"3,608"
Lillie,"3,209"
Munster,"5,300"
Palace & Hurlingham,"4,646"
Parsons Green & Sandford,"3,124"
Ravenscourt,"3,078"
Sands End,"5,137"
Shepherd's Bush Green,"2,624"
Walham Green,"3,591"
Wendell Park,"3,143"
West Kensington,"4,501"
White City,"4,201"
Wormholt,"2,988"
Alexandra Park,"3,318"
Bounds Green,"4,098"
Bruce Castle,"5,101"
Crouch End,"6,087"
Fortis Green,"4,881"
Harringay,"6,187"
Hermitage & Gardens,"3,068"
Highgate (Haringey),"5,775"
Hornsey,"6,704"
Muswell Hill,"3,812"
Noel Park,"5,342"
Northumberland Park,"5,648"
St Ann's (Haringey),"4,073"
Seven Sisters,"3,457"
South Tottenham,"5,444"
Stroud Green,"4,920"
Tottenham Central,"6,038"
Tottenham Hale,"4,036"
West Green,"5,849"
White Hart Lane,"5,068"
Woodside (Haringey),"6,188"
Belmont (Harrow),"2,889"
Canons,"3,681"
Centenary,"4,728"
Edgware (Harrow),"4,779"
Greenhill (Harrow),"4,495"
Harrow on the Hill,"3,941"
Harrow Weald,"5,021"
Hatch End,"3,528"
Headstone,"5,174"
Kenton East,"4,179"
Kenton West,"3,055"
Marlborough,"4,247"
North Harrow,"3,159"
Pinner,"5,001"
Pinner South,"5,585"
Rayners Lane,"2,908"
Roxbourne,"3,329"
Roxeth,"5,330"
Stanmore,"5,059"
Wealdstone North,"3,388"
Wealdstone South,"2,586"
West Harrow,"3,584"
Beam Park,"1,816"
Cranham,"5,149"
Elm Park,"6,438"
Emerson Park,"3,510"
Gooshays,"6,581"
Hacton,"3,358"
Harold Wood,"5,644"
Havering-atte-Bower,"5,946"
Heaton (Havering),"6,472"
Hylands & Harrow Lodge,"5,295"
Marshalls & Rise Park,"4,886"
Mawneys,"5,487"
Rainham & Wennington,"5,119"
Rush Green & Crowlands,"5,906"
St Alban's,"3,519"
St Andrew's (Havering),"6,202"
St Edward's,"4,482"
South Hornchurch,"3,989"
Squirrels Heath,"6,313"
Upminster,"5,164"
Belmore,"5,149"
Charville,"3,800"
Colham & Cowley,"6,628"
Eastcote,"6,752"
Harefield Village,"2,327"
Hayes Town,"4,941"
Heathrow Villages,"4,820"
Hillingdon East,"5,468"
Hillingdon West,"3,732"
Ickenham & South Harefield,"6,042"
Northwood (Hillingdon),"4,757"
Northwood Hills,"4,514"
Pinkwell,"5,094"
Ruislip,"6,221"
Ruislip Manor,"4,203"
South Ruislip,"6,140"
Uxbridge,"6,412"
West Drayton,"6,522"
Wood End,"6,324"
Yeading,"4,733"
Yiewsley,"4,649"
Bedfont,"5,316"
Brentford East,"3,647"
Brentford West,"3,366"
Chiswick Gunnersbury,"5,730"
Chiswick Homefields,"5,816"
Chiswick Riverside,"4,459"
Cranford,"4,990"
Feltham North,"4,218"
Feltham West,"5,695"
Hanworth Park,"3,871"
Hanworth Village,"5,659"
Heston Central,"4,330"
Heston East,"3,549"
Heston West,"4,707"
Hounslow Central,"3,636"
Hounslow East,"3,040"
Hounslow Heath,"5,154"
Hounslow South,"4,806"
Hounslow West,"4,879"
Isleworth,"5,456"
Osterley & Spring Grove,"5,274"
Syon & Brentford Lock,"5,366"
Arsenal,"6,011"
Barnsbury,"5,554"
Bunhill,"5,069"
Caledonian,"5,043"
Canonbury,"5,864"
Clerkenwell,"4,921"
Finsbury Park,"6,103"
Highbury,"6,014"
Hillrise,"6,439"
Holloway,"5,365"
Junction,"5,853"
Laycock,"5,364"
Mildmay,"6,151"
St Mary's & St James' (Islington),"5,647"
St Peter's & Canalside,"5,472"
Tollington,"6,114"
Tufnell Park,"5,513"
Abingdon,"3,834"
Brompton & Hans Town,"4,006"
Campden,"3,893"
Chelsea Riverside,"3,749"
Colville,"4,345"
Courtfield,"4,170"
Dalgarno,"2,780"
Earl's Court,"4,665"
Golborne,"3,804"
Holland,"3,840"
Norland,"2,698"
Notting Dale,"3,621"
Pembridge,"2,671"
Queen's Gate,"3,637"
Redcliffe,"4,397"
Royal Hospital,"3,925"
St. Helen's (Kensington and Chelsea),"2,771"
Stanley (Kensington and Chelsea),"4,078"
Alexandra (Kingston upon Thames),"2,380"
Berrylands,"2,562"
Canbury Gardens,"3,460"
Chessington South & Malden Rushett,"3,706"
Coombe Hill,"2,666"
Coombe Vale,"3,820"
Green Lane & St James,"2,453"
Hook & Chessington North,"4,156"
King George's & Sunray,"2,049"
Kingston Gate,"4,205"
Kingston Town,"4,289"
Motspur Park & Old Malden East,"2,495"
New Malden Village,"3,710"
Norbiton,"4,164"
Old Malden,"2,481"
St Mark's & Seething Wells,"5,342"
Surbiton Hill,"4,961"
Tolworth,"4,187"
Tudor (Kingston upon Thames),"2,540"
Brixton Acre Lane,"6,617"
Brixton North,"6,711"
Brixton Rush Common,"6,310"
Brixton Windrush,"4,090"
Clapham Common & Abbeville,"4,221"
Clapham East,"4,249"
Clapham Park,"5,433"
Clapham Town,"7,106"
Gipsy Hill,"4,375"
Herne Hill & Loughborough Junction,"6,565"
Kennington (Lambeth),"6,499"
Knight's Hill,"6,913"
Myatt's Fields,"4,627"
Oval,"5,529"
St Martin's (Lambeth),"4,550"
Stockwell East,"4,712"
Stockwell West & Larkhall,"6,862"
Streatham Common & Vale,"6,632"
Streatham Hill East,"4,021"
Streatham Hill West & Thornton,"4,632"
Streatham St Leonard's,"6,533"
Streatham Wells,"4,089"
Vauxhall (Lambeth),"4,848"
Waterloo & South Bank,"3,862"
West Dulwich,"4,701"
Bellingham (Lewisham),"4,642"
Blackheath (Lewisham),"7,385"
Brockley,"7,347"
Catford South,"6,264"
Crofton Park,"6,206"
Deptford,"7,098"
Downham,"6,890"
Evelyn,"6,131"
Forest Hill,"6,409"
Grove Park,"6,304"
Hither Green,"7,966"
Ladywell,"6,239"
Lee Green,"6,141"
Lewisham Central,"3,804"
New Cross Gate,"4,232"
Perry Vale,"7,627"
Rushey Green,"7,825"
Sydenham,"7,119"
Telegraph Hill,"6,762"
Abbey (Merton),"4,460"
Cannon Hill,"3,521"
Colliers Wood,"4,760"
Cricket Green,"4,236"
Figge's Marsh,"4,212"
Graveney,"4,178"
Hillside (Merton),"3,760"
Lavender Fields,"4,298"
Longthornton,"4,106"
Lower Morden,"4,105"
Merton Park,"3,058"
Pollards Hill,"3,889"
Ravensbury,"3,434"
Raynes Park,"5,123"
St Helier,"4,084"
Village (Merton),"4,821"
Wandle (Merton),"2,452"
West Barnes,"3,889"
Wimbledon Park,"4,221"
Wimbledon Town & Dundonald,"5,122"
Beckton,"5,480"
Boleyn,"4,559"
Canning Town North,"3,827"
Canning Town South,"2,795"
Custom House,"6,205"
East Ham,"4,298"
East Ham South,"5,443"
Forest Gate North,"3,810"
Forest Gate South,"5,860"
Green Street East,"4,438"
Green Street West,"4,135"
Little Ilford,"5,062"
Manor Park (Newham),"4,686"
Maryland,"4,520"
Plaistow North,"5,740"
Plaistow South,"4,223"
Plaistow West & Canning Town East,"5,817"
Plashet,"2,947"
Royal Albert,"3,658"
Royal Victoria,"6,750"
Stratford,"6,805"
Stratford Olympic Park,"4,520"
Wall End,"4,594"
West Ham,"5,333"
Aldborough,"4,981"
Barkingside,"4,895"
Bridge (Redbridge),"5,247"
Chadwell,"5,409"
Churchfields,"6,176"
Clayhall,"4,188"
Clementswood,"3,681"
Cranbrook (Redbridge),"3,978"
Fairlop,"5,254"
Fullwell,"5,229"
Goodmayes,"4,704"
Hainault,"5,740"
Ilford Town,"4,106"
Loxford,"4,557"
Mayfield,"4,428"
Monkhams,"3,720"
Newbury,"4,305"
Seven Kings,"4,572"
South Woodford,"5,123"
Valentines,"4,745"
Wanstead Park,"3,059"
Wanstead Village,"5,616"
Barnes (Richmond upon Thames),"4,288"
East Sheen,"4,125"
Fulwell & Hampton Hill,"4,443"
"Ham, Petersham & Richmond Riverside","4,400"
Hampton (Richmond upon Thames),"4,254"
Hampton North,"4,096"
Hampton Wick & South Teddington,"4,633"
Heathfield,"3,750"
Kew (Richmond upon Thames),"5,001"
Mortlake & Barnes Common,"5,230"
North Richmond,"4,544"
St Margarets & North Twickenham,"4,806"
South Richmond,"5,046"
South Twickenham,"4,166"
Teddington,"4,720"
Twickenham Riverside,"4,854"
West Twickenham,"4,324"
Whitton (Richmond upon Thames),"4,024"
Borough & Bankside,"4,107"
Camberwell Green,"6,833"
Champion Hill,"3,842"
Chaucer,"6,120"
Dulwich Hill,"3,882"
Dulwich Village,"3,771"
Dulwich Wood,"4,338"
Faraday,"4,795"
Goose Green,"5,909"
London Bridge & West Bermondsey,"7,201"
Newington (Southwark),"5,808"
North Bermondsey,"7,160"
North Walworth,"7,161"
Nunhead & Queen's Road,"6,644"
Old Kent Road,"7,437"
Peckham,"5,789"
Peckham Rye,"4,002"
Rotherhithe,"6,922"
Rye Lane,"6,218"
St George's (Southwark),"3,647"
St Giles,"6,431"
South Bermondsey,"6,902"
Surrey Docks,"5,894"
Beddington,"4,155"
Belmont (Sutton),"4,865"
Carshalton Central,"4,630"
Carshalton South & Clockhouse,"3,601"
Cheam,"4,086"
Hackbridge,"2,756"
North Cheam,"4,176"
St Helier East,"3,132"
St Helier West,"4,420"
South Beddington & Roundshaw,"4,067"
Stonecot,"2,958"
Sutton Central,"5,407"
Sutton North,"4,251"
Sutton South,"5,592"
Sutton West & East Cheam,"4,468"
The Wrythe,"4,247"
Wallington North,"4,981"
Wallington South,"4,652"
Worcester Park North,"3,208"
Worcester Park South,"2,696"
Bethnal Green,"7,249"
Blackwall & Cubitt Town,"9,509"
Bow East,"8,408"
Bow West,"5,279"
Bromley North,"4,523"
Bromley South,"5,050"
Canary Wharf,"8,559"
Island Gardens,"6,139"
Lansbury,"7,529"
Limehouse,"2,927"
Mile End (Tower Hamlets),"7,802"
Poplar (Tower Hamlets),"2,860"
St Dunstan's,"4,839"
St Katharine's & Wapping,"5,798"
St Peter's (Tower Hamlets),"7,413"
Shadwell,"4,492"
Spitalfields & Banglatown,"5,061"
Stepney Green,"4,258"
Weavers,"5,468"
Whitechapel,"7,379"
Cann Hall (Waltham Forest),"5,652"
Cathall,"3,823"
Chapel End,"4,868"
Chingford Green,"4,708"
Endlebury,"3,562"
Forest (Waltham Forest),"5,831"
Grove Green,"5,487"
Hale End & Highams Park South,"3,553"
Hatch Lane & Highams Park North,"4,989"
High Street (Waltham Forest),"4,485"
Higham Hill,"4,983"
Hoe Street,"5,698"
Larkswood,"5,096"
Lea Bridge (Waltham Forest),"5,557"
Leyton,"4,832"
Leytonstone,"4,817"
Markhouse,"3,198"
St James (Waltham Forest),"4,565"
Upper Walthamstow,"2,901"
Valley (Waltham Forest),"5,010"
William Morris,"5,650"
Wood Street,"3,637"
Balham,"7,432"
Battersea Park,"8,504"
East Putney,"7,483"
Falconbrook,"5,040"
Furzedown,"6,850"
Lavender,"5,883"
Nine Elms,"2,817"
Northcote,"4,608"
Roehampton,"6,695"
St Mary's (Wandsworth),"6,902"
Shaftesbury & Queenstown,"6,661"
South Balham,"4,426"
Southfields,"5,190"
Thamesfield,"7,438"
Tooting Bec,"6,644"
Tooting Broadway,"6,958"
Trinity (Wandsworth),"4,928"
Wandle (Wandsworth),"4,363"
Wandsworth Common,"6,524"
Wandsworth Town,"8,301"
West Hill (Wandsworth),"6,602"
West Putney,"7,144"
Abbey Road,"6,089"
Bayswater,"6,210"
Church Street,"4,546"
Harrow Road,"5,108"
Hyde Park,"4,690"
Knightsbridge & Belgravia,"4,941"
Lancaster Gate,"5,521"
Little Venice,"4,465"
Maida Vale,"4,973"
Marylebone,"6,183"
Pimlico North,"5,242"
Pimlico South,"4,998"
Queen's Park (Westminster),"5,097"
Regent's Park (Westminster),"5,576"
St James's (Westminster),"5,296"
Vincent Square,"5,034"
West End (Westminster),"6,239"
Westbourne (Westminster),"4,607"
Chatham Central,"6,491"
Cuxton and Halling,"2,661"
Gillingham North,"7,514"
Gillingham South,"6,643"
Hempstead and Wigmore,"3,191"
Lordswood and Capstone,"3,693"
Luton and Wayfield,"5,983"
Peninsula,"6,393"
Princes Park (Medway),"3,983"
Rainham Central,"4,996"
Rainham North,"3,991"
Rainham South,"5,518"
River (Medway),"5,265"
Rochester East,"4,433"
Rochester South and Horsted,"5,305"
Rochester West,"4,637"
Strood North,"5,582"
Strood Rural,"6,116"
Strood South,"6,356"
Twydall,"5,421"
Walderslade,"3,792"
Watling (Medway),"3,495"
Ascot,"2,351"
Binfield with Warfield,"4,936"
Bullbrook,"2,885"
Central Sandhurst,"2,124"
College Town,"1,988"
Crown Wood,"3,339"
Crowthorne,"2,491"
Great Hollands North,"2,938"
Great Hollands South,"1,892"
Hanworth,"3,441"
Harmans Water,"3,743"
Little Sandhurst and Wellington,"2,062"
Old Bracknell,"2,382"
Owlsmoor,"1,983"
Priestwood and Garth,"3,588"
Warfield Harvest Ride,"3,138"
Wildridings and Central,"2,795"
Winkfield and Cranbourne,"2,171"
Aldermaston,"1,694"
Basildon,"1,364"
Bradfield,"1,531"
Bucklebury,"1,447"
Burghfield & Mortimer,"4,332"
Chieveley & Cold Ash,"2,776"
Downlands,"1,535"
Hungerford & Kintbury,"5,039"
Lambourn,"1,875"
Newbury Central,"3,739"
Newbury Clay Hill,"3,081"
Newbury Greenham,"5,670"
Newbury Speen,"3,328"
Newbury Wash Common,"3,643"
Pangbourne,"1,569"
Ridgeway (West Berkshire),"1,645"
Thatcham Central,"3,137"
Thatcham Colthrop & Crookham,"1,411"
Thatcham North East,"3,059"
Thatcham West,"2,990"
Theale,"1,398"
Tilehurst & Purley,"4,166"
Tilehurst Birch Copse,"3,165"
Tilehurst South & Holybrook,"3,064"
Abbey (Reading),"4,763"
Battle,"4,327"
Caversham,"4,672"
Caversham Heights,"3,623"
Church (Reading),"4,210"
Coley,"4,621"
Emmer Green,"3,794"
Katesgrove,"4,641"
Kentwood,"3,488"
Norcot,"4,586"
Park (Reading),"3,822"
Redlands,"4,593"
Southcote,"4,569"
Thames (Reading),"3,525"
Tilehurst,"3,937"
Whitley,"4,512"
Baylis and Stoke,"2,882"
Britwell and Northborough,"3,956"
Central (Slough),"4,676"
Chalvey,"4,227"
Cippenham Green,"3,635"
Cippenham Meadows,"4,308"
Colnbrook with Poyle,"2,395"
Elliman,"3,192"
Farnham,"3,524"
Foxborough,"1,429"
Haymill and Lynch Hill,"3,917"
Langley Kedermister,"3,551"
Langley St Mary's,"4,028"
Upton (Slough),"3,287"
Wexham Lea,"3,419"
Ascot & Sunninghill,"4,651"
Belmont (Windsor and Maidenhead),"2,733"
Bisham & Cookham,"2,850"
Boyn Hill,"2,699"
Bray,"2,959"
Clewer & Dedworth East,"3,192"
Clewer & Dedworth West,"2,875"
Clewer East,"2,768"
Cox Green,"2,906"
"Datchet, Horton & Wraysbury","4,143"
Eton & Castle,"5,199"
Furze Platt,"2,965"
Hurley & Walthams,"2,663"
Old Windsor,"3,213"
Oldfield,"2,896"
Pinkneys Green,"2,862"
Riverside (Windsor and Maidenhead),"3,241"
St Mary's (Windsor and Maidenhead),"3,460"
Sunningdale & Cheapside,"2,657"
Arborfield,"1,122"
Barkham,"1,789"
Bulmershe and Whitegates,"3,513"
Charvil,"1,150"
Coronation,"2,210"
Emmbrook,"4,085"
Evendons,"3,773"
Finchampstead North,"2,131"
Finchampstead South,"2,405"
Hawkedon,"3,771"
Hillside (Wokingham),"3,289"
Hurst,"1,150"
Loddon,"4,148"
Maiden Erlegh,"3,326"
Norreys,"4,798"
"Remenham, Wargrave and Ruscombe","2,320"
Shinfield North,"1,356"
Shinfield South,"4,782"
Sonning,"1,263"
South Lake,"2,324"
Swallowfield,"1,419"
Twyford,"2,631"
Wescott,"3,128"
Winnersh,"4,061"
Wokingham Without,"3,216"
Bletchley East,"6,830"
Bletchley Park,"6,388"
Bletchley West,"5,917"
Bradwell (Milton Keynes),"5,479"
Broughton (Milton Keynes),"7,513"
Campbell Park & Old Woughton,"5,657"
Central Milton Keynes,"6,639"
Danesborough & Walton,"5,969"
Loughton & Shenley,"5,608"
Monkston,"5,144"
Newport Pagnell North & Hanslope,"5,585"
Newport Pagnell South,"5,039"
Olney,"5,322"
Shenley Brook End,"5,422"
Stantonbury,"6,181"
Stony Stratford,"6,597"
Tattenhoe,"4,512"
Wolverton,"6,454"
Woughton & Fishermead,"6,845"
Brunswick and Adelaide,"5,698"
Central Hove,"5,305"
East Brighton,"6,570"
Goldsmid,"7,872"
Hangleton and Knoll,"5,983"
Hanover and Elm Grove,"6,570"
Hollingdean and Stanmer,"5,212"
Moulsecoomb and Bevendean,"5,731"
North Portslade,"4,127"
Patcham,"5,747"
Preston Park,"6,525"
Queen's Park (Brighton and Hove),"7,909"
Regency,"5,534"
Rottingdean Coastal,"6,726"
St. Peter's and North Laine,"8,571"
South Portslade,"4,065"
Hove Park,"4,226"
Westbourne (Brighton and Hove),"4,553"
Wish,"4,245"
Withdean,"6,321"
Woodingdean,"3,914"
Baffins,"6,148"
Central Southsea,"6,339"
Charles Dickens,"7,749"
Copnor,"5,221"
Cosham,"5,859"
Drayton and Farlington,"5,447"
Eastney and Craneswater,"5,970"
Fratton,"6,452"
Hilsea,"5,856"
Milton (Portsmouth),"6,299"
Nelson (Portsmouth),"6,467"
Paulsgrove,"5,738"
St Jude,"6,128"
St Thomas (Portsmouth),"6,482"
Bargate,"9,279"
Bassett,"5,295"
Bevois,"6,788"
Bitterne,"6,162"
Bitterne Park,"6,096"
Coxford,"5,932"
Freemantle,"7,501"
Harefield,"6,157"
Millbrook,"6,627"
Peartree (Southampton),"5,954"
Portswood,"5,957"
Redbridge,"6,677"
Shirley,"6,104"
Sholing,"6,173"
Swaythling,"4,695"
Woolston,"6,894"
Bembridge,"1,751"
Binstead & Fishbourne,"1,596"
Brading & St Helens,"1,570"
"Brighstone, Calbourne & Shalfleet","1,446"
Carisbrooke & Gunville,"1,559"
Central Rural,"1,550"
"Chale, Niton & Shorwell","1,594"
Cowes Medina,"1,986"
Cowes North,"1,423"
Cowes South & Northwood,"1,446"
Cowes West & Gurnard,"1,854"
East Cowes,"1,809"
Fairlee & Whippingham,"1,725"
Freshwater North & Yarmouth,"1,554"
Freshwater South,"1,809"
Haylands & Swanmore,"1,642"
Lake North,"1,613"
Lake South,"1,701"
Mountjoy & Shide,"1,645"
Nettlestone & Seaview,"1,209"
"Newchurch, Havenstreet & Ashey","1,518"
Newport Central,"1,963"
Newport West,"1,528"
Osborne,"1,979"
Pan & Barton,"1,837"
Parkhurst & Hunnyhill,"1,435"
Ryde Appley & Elmfield,"1,787"
Ryde Monktonmead,"1,813"
Ryde North West,"2,271"
Ryde South East,"1,114"
Ryde West,"1,424"
Sandown North,"1,566"
Sandown South,"1,692"
Shanklin Central,"1,826"
Shanklin South,"1,616"
Totland & Colwell,"1,673"
Ventnor & St Lawrence,"1,722"
Wootton Bridge,"1,630"
"Wroxall, Lowtherville & Bonchurch","1,894"
Abbey (Buckinghamshire),"4,825"
Amersham and Chesham Bois,"4,220"
Aston Clinton and Bierton,"5,427"
Aylesbury East,"4,349"
Aylesbury North,"5,739"
Aylesbury North West,"5,231"
Aylesbury South East,"4,770"
Aylesbury South West,"4,383"
Aylesbury West,"4,758"
Beaconsfield,"4,464"
Bernwood,"4,555"
"Booker, Cressex and Castlefield","4,369"
Buckingham East,"4,049"
Buckingham West,"4,687"
Chalfont St Giles,"4,412"
Chalfont St Peter,"4,302"
Chesham,"4,131"
Chess Valley,"4,475"
Chiltern Ridges,"4,306"
Chiltern Villages,"4,465"
Cliveden,"4,428"
Denham,"4,166"
Downley,"4,609"
Farnham Common and Burnham Beeches,"3,756"
"Flackwell Heath, Little Marlow and Marlow South East","4,504"
Gerrards Cross,"3,408"
Great Brickhill,"4,847"
Great Missenden,"4,205"
Grendon Underwood,"4,521"
Hazlemere,"3,802"
Iver,"4,129"
Ivinghoe,"4,552"
Little Chalfont and Amersham Common,"4,304"
Marlow,"4,736"
Penn Wood and Old Amersham,"4,426"
Ridgeway East,"4,205"
Ridgeway West,"4,174"
Ryemead and Micklefield,"4,686"
Stoke Poges and Wexham,"3,921"
Stone and Waddesdon,"5,865"
Terriers and Amersham Hill,"4,384"
The Risboroughs,"4,531"
"The Wooburns, Bourne End and Hedsor","4,906"
Totteridge and Bowerdean,"4,280"
Tylers Green and Loudwater,"4,756"
"Wendover, Halton and Stoke Mandeville","4,816"
West Wycombe,"4,200"
Wing,"4,984"
Winslow,"4,313"
Devonshire,"6,708"
Hampden Park,"4,369"
Langney,"4,360"
Meads,"5,727"
Old Town (Eastbourne),"4,487"
Ratton,"4,199"
St Anthony's,"4,779"
Sovereign,"5,491"
Upperton,"5,490"
Ashdown,"2,174"
Baird,"2,203"
Braybrooke,"2,492"
Castle (Hastings),"3,577"
Central St Leonards,"3,988"
Conquest,"2,167"
Gensing,"3,209"
Hollington,"2,216"
Maze Hill,"2,347"
Old Hastings,"2,434"
Ore,"2,364"
St Helens (Hastings),"2,115"
Silverhill,"2,461"
Tressell,"2,214"
West St Leonards,"2,000"
Wishing Tree,"2,493"
"Chailey, Barcombe & Hamsey","2,084"
Ditchling & Westmeston,"1,052"
East Saltdean & Telscombe Cliffs,"3,170"
Kingston,833
Lewes Bridge,"2,383"
Lewes Castle,"1,769"
Lewes Priory,"3,239"
Newhaven North,"1,988"
Newhaven South,"3,409"
Newick,"1,043"
Ouse Valley & Ringmer,"2,781"
Peacehaven East,"2,348"
Peacehaven North,"2,138"
Peacehaven West,"2,310"
"Plumpton, Streat, East Chiltington & St John",880
Seaford Central,"2,596"
Seaford East,"2,132"
Seaford North,"2,207"
Seaford South,"2,076"
Seaford West,"2,080"
Wivelsfield,"1,169"
Bexhill Central,"2,935"
Bexhill Collington,"2,124"
Bexhill Kewhurst,"2,306"
Bexhill Old Town & Worsham,"1,895"
Bexhill Pebsham & St Michaels,"2,244"
Bexhill Sackville,"2,646"
Bexhill Sidley,"2,548"
Bexhill St Marks,"2,284"
Bexhill St Stephens,"2,097"
Brede & Udimore,959
Burwash & the Weald,"1,861"
Catsfield & Crowhurst,986
Eastern Rother,"2,181"
Hurst Green & Ticehurst,"2,238"
"North Battle, Netherfield & Whatlington","1,975"
Northern Rother,"2,228"
Robertsbridge,"1,047"
Rye & Winchelsea,"2,388"
Sedlescombe & Westfield,"2,250"
South Battle & Telham,"1,028"
Southern Rother,"1,882"
Arlington,"1,268"
Buxted,"1,565"
"Chiddingly, East Hoathly & Waldron","1,371"
Crowborough Central,"1,891"
Crowborough Jarvis Brook,"1,760"
Crowborough North,"1,340"
Crowborough South East,"1,399"
Crowborough South West,"1,278"
Crowborough St Johns,"1,269"
Danehill & Fletching,"1,586"
Forest Row,"1,742"
Framfield & Cross-in-Hand,"1,328"
Frant & Wadhurst,"2,948"
Hadlow Down & Rotherfield,"1,377"
Hailsham Central,"1,626"
Hailsham East,"2,032"
Hailsham North,"1,183"
Hailsham North West,"1,588"
Hailsham South,"1,440"
Hailsham West,"1,858"
Hartfield,"1,337"
Heathfield North,"1,859"
Heathfield South,"1,743"
Hellingly,"1,958"
Herstmonceux & Pevensey Levels,"3,041"
Horam & Punnetts Town,"2,900"
Lower Willingdon,"1,506"
Maresfield,"1,521"
Mayfield & Five Ashes,"1,545"
Pevensey Bay,"1,453"
Polegate Central,"2,023"
Polegate North,"1,812"
Polegate South & Willingdon Watermill,"1,615"
South Downs,"1,416"
Stone Cross,"1,445"
Uckfield East,"1,396"
Uckfield New Town,"2,570"
Uckfield North,"1,342"
Uckfield Ridgewood & Little Horsted,"1,227"
Upper Willingdon,"1,514"
Withyham,"1,199"
Basing & Upton Grey,"4,259"
Bramley,"3,704"
Brighton Hill,"4,530"
Brookvale & Kings Furlong,"4,948"
Chineham,"4,607"
Eastrop & Grove,"4,109"
Evingar,"3,761"
Hatch Warren & Beggarwood,"3,911"
Kempshott & Buckskin,"4,119"
Norden (Basingstoke and Deane),"4,341"
Oakley & The Candovers,"3,790"
Popley,"4,439"
Sherborne St John & Rooksdown,"4,788"
South Ham,"4,591"
Tadley & Pamber,"4,581"
"Tadley North, Kingsclere & Baughurst","4,720"
"Whitchurch, Overton & Laverstoke","4,542"
Winklebury & Manydown,"2,902"
Alton Amery,"1,107"
Alton Ashdell,"1,080"
Alton Eastbrooke,"1,324"
Alton Holybourne,"1,157"
Alton Westbrooke,"1,486"
Alton Whitedown,973
Alton Wooteys,"1,388"
Bentworth & Froyle,"1,113"
"Binsted, Bentley & Selborne","2,439"
Bramshott & Liphook,"4,057"
Buriton & East Meon,"1,139"
Clanfield,"2,439"
Four Marks & Medstead,"3,258"
"Froxfield, Sheet & Steep","1,233"
Grayshott,"1,193"
Headley,"2,339"
Horndean Catherington,"1,136"
Horndean Downs,"1,303"
Horndean Kings & Blendworth,"2,098"
Horndean Murray,"1,072"
Lindford,"1,141"
Liss,"2,596"
Petersfield Bell Hill,"1,140"
Petersfield Causeway,"1,444"
Petersfield Heath,"1,202"
Petersfield St Peter's,"2,795"
"Ropley, Hawkley & Hangers","1,185"
Rowlands Castle,"1,449"
Whitehill Chase,"2,708"
Whitehill Hogmoor & Greatham,"2,566"
Whitehill Pinewood,"1,158"
Bishopstoke,"4,523"
Botley,"2,895"
Bursledon & Hound North,"4,206"
Chandler's Ford,"4,575"
Eastleigh Central,"4,619"
Eastleigh North,"4,118"
Eastleigh South,"4,696"
Fair Oak & Horton Heath,"4,491"
Hamble & Netley,"4,639"
Hedge End North,"4,141"
Hedge End South,"4,557"
Hiltingbury,"4,151"
West End North,"2,530"
West End South,"2,783"
Fareham East,"3,376"
Fareham North,"3,020"
Fareham North-West,"3,071"
Fareham South,"3,201"
Fareham West,"2,925"
Hill Head,"3,134"
Locks Heath,"2,895"
Park Gate,"3,922"
Portchester East,"4,788"
Portchester West,"2,983"
Sarisbury,"3,033"
Stubbington,"2,929"
Titchfield,"3,063"
Titchfield Common,"3,266"
Warsash,"3,033"
Alverstoke,"2,677"
Anglesey (Gosport),"2,166"
Bridgemary,"2,423"
Brockhurst & Privett,"2,414"
Elson,"2,525"
Forton,"2,660"
Grange & Alver Valley,"2,785"
Harbourside & Town,"2,653"
Hardway,"2,794"
Lee East,"2,440"
Lee West,"2,424"
Leesland & Newtown,"3,074"
Peel Common,"2,474"
Rowner & Holbrook,"2,413"
Blackwater and Hawley,"3,475"
Crookham East,"2,946"
Crookham West and Ewshot,"4,278"
Fleet Central,"4,027"
Fleet East,"3,337"
Fleet West,"3,490"
Hartley Wintney,"4,011"
Hook,"3,881"
Odiham,"3,618"
Yateley East,"3,393"
Yateley West,"3,508"
Barncroft,"2,486"
Battins,"2,954"
Bedhampton,"3,942"
Bondfields,"2,816"
Cowplain,"3,983"
Emsworth,"4,676"
Hart Plain,"4,285"
Hayling East,"4,263"
Hayling West,"3,925"
Purbrook,"3,991"
St Faith's,"4,616"
Stakes,"4,251"
Warren Park,"2,840"
Waterloo (Havant),"4,559"
"Ashurst, Copythorne South and Netley Marsh","2,279"
Barton (New Forest),"2,649"
Bashley,"1,180"
Becton,"2,181"
Boldre and Sway,"2,246"
"Bramshaw, Copythorne North and Minstead","1,033"
Bransgore and Burley,"2,329"
Brockenhurst and Forest South East,"2,378"
Buckland (New Forest),"1,730"
Butts Ash and Dibden Purlieu,"2,599"
Dibden and Hythe East,"2,648"
"Fawley, Blackfield and Langley","2,598"
Fernhill (New Forest),"2,795"
Furzedown and Hardley,"1,460"
Holbury and North Blackfield,"2,770"
Hordle,"2,500"
Hythe West and Langdown,"2,853"
Lymington Town,"3,086"
Lyndhurst,"1,373"
Marchwood,"2,392"
Milford (New Forest),"2,422"
Milton (New Forest),"3,059"
Pennington,"2,723"
Ringwood East and Sopley,"1,117"
Ringwood North,"2,519"
Ringwood South,"3,033"
Totton Central,"2,258"
Totton East,"2,822"
Totton North,"2,584"
Totton South,"2,497"
Totton West,"2,119"
Downlands and Forest,"1,227"
Fordingbridge,"3,051"
Forest North West,"1,057"
Aldershot Park,"2,814"
Cherrywood,"3,146"
Cove and Southwood,"2,920"
Empress,"2,941"
Fernhill (Rushmoor),"2,760"
Knellwood,"2,961"
Manor Park (Rushmoor),"3,680"
North Town,"3,072"
Rowhill,"3,098"
St John's (Rushmoor),"2,788"
St Mark's (Rushmoor),"3,389"
Wellington (Rushmoor),"3,084"
West Heath (Rushmoor),"2,649"
Andover Downlands,"2,442"
Andover Romans,"3,976"
Blackwater,"2,618"
Harewood (Test Valley),"1,405"
Mid Test,"3,834"
Romsey Abbey,"2,806"
Romsey Tadburn,"2,682"
Ampfield & Braishfield,"1,002"
Andover Harroway,"4,137"
Andover Millway,"3,767"
Andover St Mary's,"3,820"
Andover Winton,"2,809"
Anna,"2,763"
Bellinger,"1,429"
Bourne Valley,"1,342"
Charlton & the Pentons,"1,427"
"Chilworth, Nursling & Rownhams","3,254"
North Baddesley,"3,141"
Romsey Cupernham,"3,688"
Valley Park,"2,366"
Alresford and Itchen Valley,"3,864"
Badger Farm and Oliver's Battery,"3,407"
Bishop's Waltham,"3,565"
Central Meon Valley,"3,926"
Colden Common and Twyford,"2,515"
Denmead,"3,697"
St Barnabas,"3,606"
St Bartholomew (Winchester),"4,155"
St Luke (Winchester),"2,254"
St Michael (Winchester),"3,990"
St Paul (Winchester),"3,077"
Southwick and Wickham,"2,956"
The Worthys,"2,740"
Upper Meon Valley,"2,232"
Whiteley and Shedfield,"2,687"
Wonston and Micheldever,"3,044"
Aylesford & East Stour,"2,630"
Beaver,"2,867"
Biddenden,"1,293"
Bircholt,"1,149"
Bockhanger,989
Bybrook,"1,346"
Charing,"1,198"
Conningbrook & Little Burton Farm,791
Downs North,"1,068"
Downs West,"1,056"
Furley,"2,579"
Goat Lees,"1,078"
Godinton,"1,051"
Highfield (Ashford),950
Isle of Oxney,"1,175"
Kennington (Ashford),933
Kingsnorth Village & Bridgefield,972
"Mersham, Sevington South with Finberry","1,045"
Norman,"1,264"
Park Farm North,893
Park Farm South,967
Repton (Ashford),"1,970"
Rolvenden & Tenterden West,"1,070"
Roman (Ashford),"1,251"
Saxon Shore,"1,072"
Singleton East,"1,204"
Singleton West,"1,154"
Stanhope,"1,064"
Tenterden North,"1,110"
Tenterden South,"1,293"
Tenterden St Michael's,"1,149"
Upper Weald,"1,088"
Victoria (Ashford),"3,062"
Washford,984
Weald Central,"1,740"
Weald North,"1,026"
Weald South,"2,259"
Willesborough,"2,667"
Wye with Hinxhill,"1,125"
Beltinge,"3,075"
Blean Forest,"2,312"
Chestfield,"3,047"
Gorrell,"4,767"
Greenhill (Canterbury),"1,754"
Herne & Broomfield,"3,603"
Heron,"6,059"
Northgate (Canterbury),"2,588"
Seasalter,"3,403"
St Stephen's (Canterbury),"3,779"
Swalecliffe,"1,940"
Tankerton,"1,618"
West Bay,"1,815"
Westgate (Canterbury),"4,132"
Wincheap,"3,770"
Little Stour & Adisham,"1,678"
Nailbourne,"1,653"
Reculver,"1,853"
Sturry,"3,358"
Barton (Canterbury),"4,571"
Chartham & Stone Street,"3,017"
Bean & Village Park,996
Brent (Dartford),"2,278"
Bridge (Dartford),"1,450"
Burnham,"1,303"
Darenth,"1,154"
Ebbsfleet,"1,866"
Greenhithe & Knockhall,"3,121"
Heath (Dartford),"2,092"
Joyden's Wood,"2,100"
"Longfield, New Barn & Southfleet","2,732"
Maypole & Leyton Cross,"1,086"
Newtown (Dartford),"2,361"
Princes,"2,369"
Stone Castle,"3,269"
Stone House,"2,666"
Swanscombe,"2,744"
Temple Hill,"3,731"
Town (Dartford),"2,074"
West Hill (Dartford),"3,135"
"Wilmington, Sutton-at-Hone & Hawley","3,171"
Alkham & Capel-le-Ferne,"1,458"
"Aylesham, Eythorne & Shepherdswell","4,602"
Buckland (Dover),"3,190"
Dover Downs & River,"2,749"
Eastry Rural,"2,686"
"Guston, Kingsdown & St Margaret's-at-Cliffe","3,240"
Little Stour & Ashstone,"3,008"
Maxton & Elms Vale,"1,681"
Middle Deal,"3,329"
Mill Hill (Dover),"3,359"
North Deal,"3,683"
St Radigunds,"2,941"
Sandwich,"2,824"
Tower Hamlets,"1,997"
Town & Castle,"3,881"
Walmer,"3,221"
Whitfield (Dover),"2,697"
Central (Gravesham),"2,899"
Chalk,949
Coldharbour,"1,914"
Higham (Gravesham),"1,598"
Istead Rise,"1,382"
Meopham North,"1,803"
Meopham South and Vigo,"1,718"
Northfleet North,"3,209"
Northfleet South,"3,359"
Painters Ash,"2,267"
Pelham,"3,328"
Riverside (Gravesham),"3,752"
Riverview,"1,647"
"Shorne, Cobham and Luddesdown","1,664"
Singlewell,"3,163"
Westcourt,"2,647"
Whitehill,"1,732"
Woodlands (Gravesham),"2,693"
Allington,"3,309"
Barming and Teston,"1,036"
Bearsted,"3,420"
Boughton Monchelsea and Chart Sutton,"1,159"
Boxley,"3,441"
Bridge (Maidstone),"2,868"
Detling and Thurnham,"1,257"
Downswood and Otham,"1,392"
East (Maidstone),"3,731"
Fant,"4,458"
Harrietsham and Lenham,"2,944"
Headcorn,"2,539"
Heath (Maidstone),"2,751"
High Street (Maidstone),"5,105"
Leeds,"1,012"
Marden and Yalding,"3,892"
North (Maidstone),"4,017"
North Downs,"1,041"
Park Wood,"3,491"
Shepway North,"3,459"
Shepway South,"2,463"
Staplehurst,"2,664"
Sutton Valence and Langley,"1,205"
Coxheath and Hunton,"3,425"
Loose,"1,020"
South (Maidstone),"4,111"
Cowden and Hever,875
Crockenhill and Well Hill,831
Dunton Green and Riverhead,"2,507"
Edenbridge North and East,"2,360"
Edenbridge South and West,"1,806"
"Farningham, Horton Kirby and South Darenth","2,101"
Fawkham and West Kingsdown,"2,580"
"Halstead, Knockholt and Badgers Mount","1,423"
Kemsing,"1,721"
Sevenoaks Eastern,"1,683"
Sevenoaks Kippington,"1,817"
Sevenoaks Northern,"1,794"
Sevenoaks Town and St John's,"2,916"
Swanley St Mary's,"1,877"
Swanley White Oak,"2,792"
Ash and New Ash Green,"2,461"
Eynsford,806
Hartley and Hodsoll Street,"2,427"
Hextable,"1,686"
Leigh and Chiddingstone Causeway,959
Otford and Shoreham,"1,874"
"Penshurst, Fordcombe and Chiddingstone",997
Swanley Christchurch and Swanley Village,"2,521"
Westerham and Crockham Hill,"1,936"
"Brasted, Chevening and Sundridge","2,567"
Seal and Weald,"1,699"
Broadmead,"1,781"
Cheriton,"5,305"
East Folkestone,"4,786"
Folkestone Central,"5,633"
Folkestone Harbour,"3,015"
Hythe,"5,365"
Hythe Rural,"2,747"
New Romney,"3,175"
North Downs East,"4,628"
North Downs West,"2,708"
Romney Marsh,"3,260"
Sandgate & West Folkestone,"2,591"
Walland & Denge Marsh,"3,343"
Abbey (Swale),"2,447"
"Bobbing, Iwade and Lower Halstow","2,384"
Borden and Grove Park,"2,556"
Boughton and Courtenay,"2,410"
Chalkwell (Swale),"1,538"
East Downs,"1,162"
"Hartlip, Newington and Upchurch","2,600"
Homewood,"2,567"
Kemsley,"2,536"
Milton Regis,"2,430"
Minster Cliffs,"3,300"
Murston,"2,654"
Priory (Swale),"1,185"
Queenborough and Halfway,"3,344"
Roman (Swale),"2,939"
St Ann's (Swale),"2,431"
Sheerness,"5,248"
Sheppey Central,"3,645"
Sheppey East,"2,671"
Teynham and Lynsted,"2,701"
The Meads,"1,421"
Watling (Swale),"2,760"
West Downs,"1,157"
Woodstock (Swale),"2,409"
Beacon Road,"1,884"
Birchington North,"1,867"
Birchington South,"3,152"
Bradstowe,"1,878"
Central Harbour,"4,043"
Cliffsend and Pegwell,"2,195"
Cliftonville East,"2,949"
Cliftonville West,"4,419"
Dane Valley (Thanet),"3,162"
Eastcliff (Thanet),"3,891"
Garlinge,"2,053"
Kingsgate,898
Margate Central,"2,949"
Nethercourt,"2,087"
Newington (Thanet),"2,194"
Northwood (Thanet),"2,844"
St Peters (Thanet),"3,133"
Salmestone,"2,285"
Sir Moses Montefiore,"2,127"
Thanet Villages,"3,472"
Viking (Thanet),"3,274"
Westbrook (Thanet),"2,000"
Westgate-on-Sea,"3,444"
Aylesford North and Walderslade,"2,634"
Aylesford South,"2,164"
Borough Green and Long Mill,"3,092"
Burham and Wouldham,"1,648"
Cage Green,"1,901"
Castle (Tonbridge and Malling),"1,933"
Ditton,"1,968"
Downs and Mereworth,"1,853"
Hadlow and East Peckham,"2,939"
Higham (Tonbridge and Malling),"1,931"
Hildenborough,"1,908"
Judd,"2,290"
Larkfield North,"2,008"
Larkfield South,"1,789"
Medway,"3,328"
Snodland East and Ham Hill,"2,082"
Snodland West and Holborough Lakes,"2,858"
Trench,"1,917"
Vauxhall (Tonbridge and Malling),"2,136"
Wateringbury,830
West Malling and Leybourne,"3,063"
"Wrotham, Ightham and Stansted","1,764"
East Malling,"2,143"
Kings Hill,"3,394"
Benenden and Cranbrook,"2,913"
Brenchley and Horsmonden,"2,143"
Broadwater (Tunbridge Wells),"1,968"
Capel,915
Culverden,"4,158"
Frittenden and Sissinghurst,926
Goudhurst and Lamberhurst,"1,848"
Hawkhurst and Sandhurst,"2,731"
Paddock Wood East,"1,847"
Paddock Wood West,"1,571"
Pantiles and St Mark's,"2,953"
Park (Tunbridge Wells),"3,496"
Pembury,"2,373"
Rusthall,"2,125"
St James' (Tunbridge Wells),"2,799"
St John's (Tunbridge Wells),"2,848"
Sherwood (Tunbridge Wells),"3,415"
Southborough and High Brooms,"3,102"
Southborough North,"1,814"
Speldhurst and Bidborough,"2,279"
Banbury Cross and Neithrop,"4,694"
Banbury Grimsbury and Hightown,"4,469"
Banbury Hardwick,"4,266"
Banbury Ruscote,"4,377"
Bicester East,"3,696"
Bicester North and Caversfield,"3,699"
Bicester West,"3,523"
"Cropredy, Sibfords and Wroxton","3,622"
Deddington,"4,036"
Kidlington East,"4,061"
Kidlington West,"4,023"
Launton and Otmoor,"3,385"
"Adderbury, Bloxham and Bodicote","4,062"
Banbury Calthorpe and Easington,"4,624"
Bicester South and Ambrosden,"5,533"
Fringford and Heyfords,"3,824"
Barton & Sandhills,"2,664"
Blackbird Leys,"2,340"
Carfax & Jericho,"1,290"
Churchill (Oxford),"2,461"
Cowley,"2,701"
Cutteslowe & Sunnymead,"2,964"
Donnington (Oxford),"2,485"
Headington,"2,762"
Headington Hill & Northway,"2,067"
Hinksey Park,"2,422"
Holywell (Oxford),116
Littlemore,"2,434"
Lye Valley,"2,218"
Marston,"2,638"
Northfield Brook,"2,648"
Osney & St Thomas,"2,589"
Quarry & Risinghurst,"2,855"
Rose Hill & Iffley,"2,585"
St Clement's (Oxford),"2,200"
St Mary's (Oxford),"2,446"
Summertown,"2,106"
Temple Cowley,"2,467"
Walton Manor,"1,719"
Wolvercote,"2,062"
Benson & Crowmarsh,"3,354"
Berinsfield,"1,685"
Chalgrove,"1,341"
Chinnor,"3,792"
Didcot West,"3,313"
Garsington & Horspath,"1,543"
Goring (South Oxfordshire),"1,699"
Thame,"5,596"
Watlington (South Oxfordshire),"1,731"
Cholsey,"3,720"
Didcot North East,"4,435"
Didcot South,"5,365"
Forest Hill & Holton,"1,473"
Haseley Brook,"1,744"
Kidmore End & Whitchurch,"1,443"
Sandford & the Wittenhams,"1,612"
Wallingford,"3,703"
Wheatley (South Oxfordshire),"1,871"
Woodcote & Rotherfield,"3,410"
Henley-on-Thames,"5,585"
Sonning Common,"3,080"
Abingdon Abbey Northcourt,"2,974"
Abingdon Caldecott,"3,319"
Abingdon Fitzharris,"2,811"
Ridgeway (Vale of White Horse),"1,346"
Stanford,"1,596"
Steventon & the Hanneys,"1,740"
Blewbury & Harwell,"3,708"
Cumnor,"2,675"
Drayton,"1,539"
Sutton Courtenay,"1,368"
Thames (Vale of White Horse),"1,393"
Wootton (Vale of White Horse),"1,441"
Abingdon Dunmore,"2,498"
Abingdon Peachcroft,"2,818"
Botley & Sunningwell,"2,753"
Faringdon,"3,714"
Grove North,"2,697"
Hendreds,"1,366"
Kennington & Radley,"2,692"
Marcham,"1,336"
Wantage & Grove Brook,"3,335"
Wantage Charlton,"3,211"
Watchfield & Shrivenham,"3,209"
Kingston Bagpuize,"1,959"
Alvescot and Filkins,770
Ascott and Shipton,911
Bampton and Clanfield,"1,766"
Carterton North East,"2,325"
Carterton South,"1,729"
Chipping Norton,"3,251"
Ducklington,"1,021"
Eynsham and Cassington,"2,789"
Freeland and Hanborough,"2,050"
"Kingham, Rollright and Enstone","1,734"
Milton-under-Wychwood,987
North Leigh,892
"Standlake, Aston and Stanton Harcourt","1,886"
Stonesfield and Tackley,"1,873"
The Bartons,826
Witney Central,"2,559"
Witney East,"3,289"
Witney North,"1,687"
Witney South,"2,854"
Witney West,"2,417"
Woodstock and Bladon,"2,011"
Burford,887
Brize Norton and Shilton,988
Carterton North West,"2,222"
Chadlington and Churchill,828
Charlbury and Finstock,"1,730"
"Hailey, Minster Lovell and Leafield","1,698"
Claygate,"2,806"
Cobham and Downside,"3,721"
Esher,"3,583"
Hersham Village,"3,544"
Hinchley Wood and Weston Green,"3,165"
Long Ditton,"2,811"
Molesey East,"3,588"
Molesey West,"3,661"
Oatlands and Burwood Park,"3,308"
Oxshott and Stoke D'Abernon,"3,410"
Thames Ditton,"3,617"
Walton Central,"3,764"
Walton North,"3,639"
Walton South,"3,626"
Weybridge Riverside,"3,566"
Weybridge St George's Hill,"3,781"
Auriol,"1,527"
College (Epsom and Ewell),"2,224"
Court (Epsom and Ewell),"2,774"
Cuddington,"2,311"
Ewell,"2,530"
Ewell Court,"2,212"
Nonsuch,"2,144"
Ruxley,"2,569"
Stamford,"2,882"
Stoneleigh,"1,777"
Town (Epsom and Ewell),"3,637"
West Ewell,"2,357"
Woodcote,"2,376"
Ash South and Tongham,"3,678"
Ash Vale,"2,468"
Ash Wharf,"2,554"
Burpham,"2,385"
Christchurch,"2,381"
Clandon and Horsley,"3,477"
Effingham,"1,065"
Friary and St Nicolas,"4,445"
Holy Trinity,"3,850"
Lovelace,"1,111"
Merrow,"3,254"
Normandy,"1,341"
Onslow,"2,116"
Pilgrims,991
Pirbright,"1,106"
Send,"1,719"
Shalford,"2,299"
Stoke (Guildford),"2,453"
Stoughton,"3,737"
Tillingbourne,"2,327"
Westborough (Guildford),"3,548"
Worplesdon,"3,455"
Ashtead Common,"1,618"
Ashtead Park,"1,820"
Ashtead Village,"2,415"
Beare Green,916
Bookham North,"2,587"
Bookham South,"2,419"
Box Hill and Headley,981
"Brockham, Betchworth and Buckland","1,853"
"Capel, Leigh and Newdigate","1,798"
Charlwood,946
Dorking North,"2,035"
Dorking South,"3,198"
Fetcham East,"1,555"
Fetcham West,"1,624"
Holmwoods,"2,712"
Leatherhead North,"3,453"
Leatherhead South,"2,017"
Leith Hill,668
"Mickleham, Westhumble and Pixham",802
Okewood,782
Westcott,939
Banstead Village,"3,676"
"Chipstead, Kingswood & Woodmansterne","3,778"
Earlswood & Whitebushes,"4,182"
"Hooley, Merstham & Netherne","4,353"
Horley Central & South,"4,254"
Horley East & Salfords,"3,946"
Horley West & Sidlow,"4,234"
"Lower Kingswood, Tadworth & Walton","4,035"
Meadvale & St John's,"3,523"
Nork,"3,522"
Redhill East,"3,844"
Redhill West & Wray Common,"4,161"
Reigate,"4,564"
South Park & Woodhatch,"3,549"
Tattenham Corner & Preston,"4,228"
Addlestone North,"2,807"
Addlestone South,"2,922"
Chertsey Riverside,"2,684"
Chertsey St Ann's,"2,835"
Egham Hythe,"2,890"
Egham Town,"2,971"
Englefield Green East,"1,160"
Englefield Green West,"2,332"
"Longcross, Lyne & Chertsey South","1,606"
New Haw,"2,853"
Ottershaw,"2,683"
Thorpe (Runnymede),"2,397"
Virginia Water,"2,335"
Woodham & Rowtown,"2,363"
Ashford Common,"3,392"
Ashford East,"3,061"
Ashford North and Stanwell South,"3,557"
Ashford Town,"2,968"
Halliford and Sunbury West,"2,628"
Laleham and Shepperton Green,"3,470"
Riverside and Laleham,"2,855"
Shepperton Town,"3,143"
Staines,"4,009"
Staines South,"2,912"
Stanwell North,"3,390"
Sunbury Common,"3,258"
Sunbury East,"3,162"
Bagshot,"3,113"
Bisley & West End,"3,578"
Frimley,"2,051"
Frimley Green,"2,726"
Heatherside,"2,948"
Lightwater,"2,793"
Mytchett & Deepcut,"2,902"
Old Dean,"2,106"
Parkside (Surrey Heath),"1,938"
St Michaels (Surrey Heath),"2,610"
St Pauls (Surrey Heath),"1,850"
Town (Surrey Heath),"2,237"
Watchetts,"2,128"
Windlesham & Chobham,"3,026"
Chaldon,671
Dormansland and Felcourt,"1,556"
Felbridge,923
Godstone,"2,538"
Harestone,"1,820"
Limpsfield,"1,457"
Lingfield and Crowhurst,"1,857"
Oxted North and Tandridge,"2,417"
Oxted South,"2,555"
Portley,"1,786"
Queens Park (Tandridge),"1,632"
Tatsfield and Titsey,780
Valley (Tandridge),"1,990"
Warlingham East and Chelsham and Farleigh,"2,381"
Warlingham West,"1,489"
Westway,"1,970"
Whyteleafe,"2,132"
Woldingham,762
Bletchingley and Nutfield,"2,433"
"Burstow, Horne and Outwood","2,475"
"Alfold, Cranleigh Rural and Ellens Green",934
Blackheath and Wonersh,749
"Bramley, Busbridge and Hascombe","1,995"
Chiddingfold and Dunsfold,"1,628"
Cranleigh East,"2,905"
Cranleigh West,"2,004"
Elstead and Thursley,"1,709"
Ewhurst,873
Farnham Bourne,"1,636"
Farnham Castle,"2,246"
Farnham Firgrove,"1,840"
Farnham Hale and Heath End,"1,852"
Farnham Moor Park,"2,124"
Farnham Shortheath and Boundstone,"1,694"
Farnham Upper Hale,"1,693"
Farnham Weybourne and Badshot Lea,"2,032"
Farnham Wrecclesham and Rowledge,"1,982"
"Frensham, Dockenfield and Tilford","1,643"
Godalming Binscombe,"1,746"
Godalming Central and Ockford,"2,266"
Godalming Charterhouse,"1,605"
Godalming Farncombe and Catteshall,"2,346"
Godalming Holloway,"1,695"
Haslemere Critchmere and Shottermill,"2,483"
Haslemere East and Grayswood,"2,838"
Hindhead,"1,790"
Milford (Waverley),"1,756"
Shamley Green and Cranleigh North,775
Witley and Hambledon,"1,612"
Byfleet and West Byfleet,"4,851"
Canalside,"3,898"
Goldsworth Park,"4,050"
Heathlands,"3,762"
Hoe Valley,"3,724"
Horsell,"3,907"
Knaphill,"4,369"
Mount Hermon,"4,926"
Pyrford,"3,813"
St John's (Woking),"4,137"
Buckingham,"1,663"
Churchill (Adur),"2,058"
Cokeham,"1,898"
Eastbrook,"1,882"
Hillside (Adur),"1,789"
Manor (Adur),"1,725"
Marine (Adur),"2,079"
Mash Barn,"1,825"
Peverel,"1,868"
St Mary's (Adur),"2,305"
St Nicolas (Adur),"1,819"
Southlands,"1,802"
Southwick Green,"2,011"
Widewater,"2,949"
Aldwick East,"2,454"
Aldwick West,"2,853"
Angmering & Findon,"4,602"
Arundel & Walberton,"3,659"
Barnham,"3,808"
Beach,"2,185"
Bersted,"4,257"
Brookfield (Arun),"2,628"
Courtwick with Toddington,"4,644"
East Preston,"3,674"
Felpham East,"2,535"
Felpham West,"2,686"
Ferring,"2,368"
Hotham,"2,767"
Marine (Arun),"3,363"
Middleton-on-Sea,"2,430"
Orchard,"2,760"
Pagham,"2,968"
Pevensey,"2,201"
River (Arun),"4,439"
Rustington East,"2,700"
Rustington West,"3,955"
Yapton,"2,723"
Chichester Central,"1,528"
Chichester East,"2,979"
Chichester North,"2,834"
Chichester South,"3,073"
Chichester West,"2,849"
Easebourne,"1,340"
Fernhurst,"2,680"
Fittleworth,"1,379"
Goodwood,"1,541"
Harbour Villages,"4,580"
Harting,"1,527"
Lavant,"1,435"
Loxwood,"2,954"
Midhurst,"3,478"
North Mundham & Tangmere,"3,360"
Petworth,"1,621"
Selsey South,"2,910"
Sidlesham with Selsey North,"2,682"
Southbourne,"3,143"
The Witterings,"4,701"
Westbourne (Chichester),"1,528"
Bewbush & North Broadfield,"3,939"
Broadfield (Crawley),"4,118"
Furnace Green,"2,361"
Gossops Green & North East Broadfield,"2,490"
Ifield,"4,039"
Langley Green & Tushmore,"3,147"
Maidenbower,"3,654"
Northgate & West Green,"4,661"
Pound Hill North & Forge Wood,"3,634"
Pound Hill South & Worth,"3,335"
Southgate (Crawley),"3,784"
Three Bridges,"3,903"
Tilgate,"2,437"
Billingshurst,"4,415"
"Bramber, Upper Beeding & Woodmancote","2,270"
Broadbridge Heath,"2,511"
Colgate & Rusper,"2,430"
"Cowfold, Shermanbury & West Grinstead","2,258"
Denne,"4,854"
Forest (Horsham),"3,672"
Henfield,"2,667"
Holbrook East,"2,386"
Holbrook West,"2,698"
"Itchingfield, Slinfold & Warnham","2,290"
Nuthurst & Lower Beeding,"1,238"
"Pulborough, Coldwaltham & Amberley","3,306"
Roffey North,"2,667"
Roffey South,"3,118"
Rudgwick,"1,163"
Southwater North,"2,290"
Southwater South & Shipley,"2,747"
Steyning & Ashurst,"2,775"
Storrington & Washington,"4,231"
Trafalgar,"2,715"
"West Chiltington, Thakeham & Ashington","3,669"
Ardingly and Balcombe,"2,739"
Ashurst Wood,"1,125"
Bolney,"1,133"
Burgess Hill Dunstall,"2,056"
Burgess Hill Franklands,"2,064"
Burgess Hill Leylands,"2,026"
Burgess Hill Meeds,"2,293"
Burgess Hill St Andrews,"2,618"
Burgess Hill Victoria,"2,430"
Copthorne and Worth,"1,978"
Crawley Down and Turners Hill,"3,106"
Cuckfield,"2,595"
East Grinstead Ashplats,"2,441"
East Grinstead Baldwins,"2,052"
East Grinstead Herontye,"1,889"
East Grinstead Imberhorne,"1,997"
East Grinstead Town,"3,078"
Hassocks,"3,579"
Haywards Heath Ashenground,"2,451"
Haywards Heath Bentswood,"2,592"
Haywards Heath Franklands,"2,431"
Haywards Heath Heath,"2,714"
Haywards Heath Lucastes,"3,024"
High Weald,"2,048"
Hurstpierpoint and Downs,"3,478"
Lindfield,"3,412"
Broadwater (Worthing),"3,797"
Castle (Worthing),"3,987"
Central (Worthing),"5,468"
Durrington (Worthing),"2,625"
Gaisford,"3,976"
Goring (Worthing),"3,838"
Heene,"4,519"
Marine (Worthing),"3,892"
Northbrook,"2,792"
Offington,"3,304"
Salvington,"3,905"
Selden,"3,775"
Tarring,"3,657"
Bathavon North,"2,929"
Bathavon South,"2,178"
Bathwick,"2,535"
Chew Valley,"2,375"
Clutton & Farmborough,"1,293"
Combe Down,"2,790"
High Littleton,"1,237"
Keynsham East,"2,480"
Keynsham North,"2,980"
Keynsham South,"3,021"
Kingsmead,"2,974"
Lambridge,"2,605"
Lansdown (Bath and North East Somerset),"3,071"
Mendip,"1,202"
Midsomer Norton North,"2,464"
Midsomer Norton Redfield,"2,663"
Moorlands,"1,369"
Newbridge (Bath and North East Somerset),"2,787"
Odd Down,"2,965"
Oldfield Park,"1,456"
Paulton,"2,714"
Peasedown,"2,754"
Publow & Whitchurch,"1,260"
Radstock,"2,554"
Saltford,"2,228"
Southdown,"2,876"
Timsbury,"1,135"
Twerton,"2,787"
Walcot,"2,716"
Westfield (Bath and North East Somerset),"2,611"
Westmoreland,"2,724"
Weston,"2,465"
Widcombe & Lyncombe,"3,050"
Ashley,"8,322"
Avonmouth and Lawrence Weston,"9,012"
Bedminster,"5,780"
Bishopston and Ashley Down,"5,048"
Bishopsworth,"5,141"
Brislington East,"5,176"
Brislington West,"5,000"
Central (Bristol),"6,488"
Clifton (Bristol),"5,669"
Clifton Down,"4,920"
Cotham,"4,808"
Easton (Bristol),"5,898"
Eastville,"6,099"
Filwood,"5,406"
Frome Vale,"5,618"
Hartcliffe and Withywood,"7,586"
Henbury and Brentry,"5,564"
Hengrove and Whitchurch Park,"7,739"
Hillfields,"5,033"
Horfield,"5,430"
Hotwells and Harbourside,"2,833"
Knowle (Bristol),"5,411"
Lawrence Hill,"7,651"
Lockleaze,"4,994"
Redland,"5,164"
St George Central,"5,551"
St George Troopers Hill,"2,796"
St George West,"3,178"
Southmead,"5,049"
Southville,"5,774"
Stockwood,"4,967"
Stoke Bishop,"4,392"
Westbury-on-Trym and Henleaze,"8,112"
Windmill Hill,"6,032"
Backwell,"1,887"
Banwell & Winscombe,"3,561"
Blagdon & Churchill,"1,700"
Clevedon East,"2,049"
Clevedon South,"1,911"
Clevedon Walton,"2,103"
Clevedon West,"1,769"
Clevedon Yeo,"1,845"
Congresbury & Puxton,"1,712"
Gordano Valley,"1,798"
Hutton & Locking,"3,380"
Long Ashton,"3,636"
Nailsea Golden Valley,"1,772"
Nailsea West End,"1,454"
Nailsea Yeo,"1,878"
Nailsea Youngwood,"1,803"
Pill,"1,885"
Portishead East,"3,444"
Portishead North,"2,223"
Portishead South,"1,941"
Portishead West,"3,897"
Weston-super-Mare South,"4,097"
Weston-super-Mare Central,"4,581"
Weston-super-Mare Hillside,"4,404"
Weston-super-Mare Kewstoke,"3,935"
Weston-super-Mare Mid Worle,"1,811"
Weston-super-Mare Milton,"4,241"
Weston-super-Mare North Worle,"3,485"
Weston-super-Mare South Worle,"3,828"
Weston-super-Mare Uphill,"3,687"
Weston-super-Mare Winterstoke,"3,737"
Wick St Lawrence & St Georges,"1,938"
Winford,"1,723"
Wrington,"1,774"
Yatton,"3,760"
Bitton & Oldland Common,"3,868"
Boyd Valley,"3,696"
Bradley Stoke North,"4,609"
Bradley Stoke South,"3,882"
Charfield,"1,764"
Charlton & Cribbs,"3,769"
Chipping Sodbury & Cotswold Edge,"4,267"
Dodington,"3,950"
Emersons Green,"6,809"
Filton,"4,591"
Frampton Cotterell,"5,321"
Frenchay & Downend,"5,550"
Hanham,"5,435"
Kingswood (South Gloucestershire),"3,898"
Longwell Green,"4,291"
New Cheltenham,"3,712"
Parkwall & Warmley,"3,917"
Patchway Coniston,"2,294"
Pilning & Severn Beach,"2,030"
Severn Vale,"3,900"
Staple Hill & Mangotsfield,"6,423"
Stoke Gifford,"5,788"
Stoke Park & Cheswick,"1,991"
Thornbury,"6,108"
Winterbourne,"3,046"
Woodstock (South Gloucestershire),"4,248"
Yate Central,"3,843"
Yate North,"5,105"
Budshead,"5,773"
Compton,"5,225"
Devonport,"7,452"
Drake,"3,712"
Efford and Lipson,"5,997"
Eggbuckland,"5,708"
Ham,"6,113"
Honicknowle,"6,133"
Moor View,"5,774"
Peverell,"5,691"
Plympton Chaddlewood,"3,502"
Plympton Erle,"3,788"
Plympton St Mary,"5,301"
Plymstock Dunstone,"5,565"
Plymstock Radford,"6,102"
St Budeaux,"5,533"
St Peter and the Waterfront,"8,951"
Southway,"5,785"
Stoke (Plymouth),"6,123"
Sutton and Mount Gould,"6,330"
Barton with Watcombe,"5,083"
Churston with Galmpton,"3,127"
Clifton with Maidenway,"3,444"
Cockington with Chelston,"3,605"
Collaton St Mary,"1,349"
Ellacombe,"3,713"
Furzeham with Summercombe,"4,717"
Goodrington with Roselands,"3,421"
King's Ash,"3,094"
Preston (Torbay),"4,611"
Roundham with Hyde,"4,480"
St Marychurch,"5,703"
St Peter's with St Mary's,"3,226"
Shiphay,"3,287"
Tormohun,"6,346"
Wellswood,"3,789"
Central (Swindon),"5,696"
Chiseldon and Lawn,"3,157"
Covingham and Dorcan,"4,706"
Eastcott,"5,138"
Gorse Hill and Pinehurst,"5,633"
"Liden, Eldene and Park South","4,607"
Lydiard and Freshbrook,"4,648"
Mannington and Western,"4,968"
Old Town (Swindon),"4,755"
Priory Vale,"4,878"
Ridgeway (Swindon),"1,345"
Rodbourne Cheney,"5,017"
St Andrews (Swindon),"7,254"
St Margaret and South Marston,"4,980"
Shaw (Swindon),"4,602"
Walcot and Park North,"5,430"
Wroughton and Wichelstowe,"3,534"
Blunsdon and Highworth,"4,965"
Haydon Wick,"5,134"
Penhill and Upper Stratton,"5,415"
Bodmin St Mary's & St Leonard,"3,215"
Bodmin St Petroc's,"2,896"
Bude,"2,957"
Callington & St Dominic,"3,043"
Calstock,"3,040"
Camborne Roskear & Tuckingmill,"3,032"
Camborne Trelowarren,"2,750"
Camborne West & Treswithian,"2,822"
Camelford & Boscastle,"2,950"
"Constantine, Mabe & Mawnan","2,294"
Falmouth Arwenack,"2,484"
Falmouth Penwerris,"2,959"
Feock & Kea,"2,401"
"Four Lanes, Beacon & Troon","2,993"
"Fowey, Tywardreath & Par","2,603"
"Gloweth, Malabar & Shortlanesend","2,352"
Gwinear-Gwithian & Hayle East,"2,539"
Hayle West,"3,235"
Helston South & Meneage,"3,039"
Land's End,"3,215"
"Lanivet, Blisland & Bodmin St Lawrence","2,824"
Launceston South,"3,143"
Liskeard Central,"3,349"
Liskeard South & Dobwalls,"3,323"
Looe East & Deviock,"2,864"
"Looe West, Pelynt, Lansallos & Lanteglos","2,802"
Lostwithiel & Lanreath,"2,762"
"Ludgvan, Madron, Gulval & Heamoor","3,090"
Lynher,"2,509"
"Mousehole, Newlyn & St Buryan","2,855"
Mullion & St Keverne,"3,103"
"Mylor, Perranarworthal & Ponsanooth","2,899"
Newquay Central & Pentire,"3,139"
Newquay Porth & Tretherras,"2,798"
Padstow,"2,870"
Penwithick & Boscoppa,"2,673"
Penzance East,"3,530"
Penzance Promenade,"3,103"
Pool & Tehidy,"3,134"
"Porthleven, Breage & Germoe","3,086"
Poundstock,"2,269"
Rame Peninsula & St Germans,"3,224"
Redruth North,"2,822"
Redruth South,"2,900"
Roche & Bugle,"3,122"
St Blazey,"2,969"
St Cleer & Menheniot,"2,771"
"St Columb Major, St Mawgan & St Wenn","2,593"
"St Goran, Tregony & the Roseland","2,643"
St Stephen-in-Brannel,"2,938"
St Teath & Tintagel,"2,908"
Saltash Essa,"2,969"
Saltash Tamar,"2,855"
Saltash Trematon & Landrake,"2,432"
"Stratton, Kilkhampton & Morwenstow","2,861"
Torpoint,"3,005"
Truro Boscawen & Redannick,"2,732"
Truro Moresk & Trehaverne,"3,225"
Truro Tregolls,"2,827"
Wadebridge East & St Minver,"2,646"
Wadebridge West & St Mabyn,"3,166"
St Austell Poltair & Mount Charles,"2,977"
Altarnun & Stoke Climsland,"2,901"
"Crowan, Sithney & Wendron","2,784"
Falmouth Boslowick,"2,700"
Falmouth Trescobeas & Budock,"2,602"
Helston North,"2,894"
Illogan & Portreath,"2,845"
"Lanner, Stithians & Gwennap","2,854"
Launceston North & North Petherwin,"2,938"
"Long Rock, Marazion & St Erth","3,068"
Mevagissey & St Austell Bay,"2,454"
Newquay Trenance,"3,252"
Penryn,"3,259"
Perranporth,"2,713"
Probus & St Erme,"2,819"
"Redruth Central, Carharrack & St Day","2,868"
St Agnes (Cornwall),"2,897"
St Austell Bethel & Holmbush,"3,064"
St Austell Central & Gover,"3,302"
St Columb Minor & Colan,"2,506"
St Dennis & St Enoder,"3,205"
"St Ives East, Lelant & Carbis Bay","2,791"
St Ives West & Towednack,"2,858"
St Mewan & Grampound,"2,476"
"St Newlyn East, Cubert & Goonhavern","2,699"
Threemilestone & Chacewater,"2,260"
Isles of Scilly (Local Authority),942
Aldbourne & Ramsbury,"2,432"
Alderbury & Whiteparish,"2,372"
Amesbury East & Bulford,"2,277"
Amesbury South,"2,032"
Amesbury West,"2,637"
Avon Valley,"2,097"
Box & Colerne,"2,160"
Bradford-on-Avon North,"2,309"
Bradford-on-Avon South,"2,462"
Brinkworth,"1,887"
"Bromham, Rowde & Roundway","2,182"
By Brook,"1,873"
Calne Central,"2,294"
Calne Chilvester & Abberd,"2,468"
Calne North,"1,978"
Calne Rural,"2,238"
Calne South,"1,826"
Chippenham Cepen Park & Derriads,"2,190"
Chippenham Cepen Park & Hunters Moon,"1,897"
Chippenham Hardenhuish,"1,844"
Chippenham Hardens & Central,"2,471"
Chippenham Lowden & Rowden,"1,626"
Chippenham Monkton,"1,299"
Chippenham Pewsham,"2,174"
Chippenham Sheldon,"2,336"
Corsham Ladbrook,"2,660"
Corsham Pickwick,"2,247"
Corsham Without,"2,045"
Cricklade & Latton,"2,194"
Devizes East,"2,642"
Devizes North,"2,229"
Devizes Rural West,"1,934"
Devizes South,"2,184"
Downton & Ebble Valley,"2,165"
Durrington (Wiltshire),"1,993"
Ethandune,"1,991"
Fovant & Chalke Valley,"1,928"
Hilperton,"1,888"
Holt (Wiltshire),"2,064"
Kington (Wiltshire),"2,109"
Laverstock,"2,378"
Ludgershall North & Rural,"2,339"
Lyneham,"2,246"
Malmesbury,"2,571"
Marlborough East,"2,316"
Marlborough West,"2,452"
Melksham Forest,"2,322"
Melksham South,"2,146"
Melksham Without North & Shurnhold,"2,001"
Melksham Without West & Rural,"2,049"
Mere,"2,045"
Minety,"2,034"
Nadder Valley,"2,061"
Old Sarum & Lower Bourne Valley,"2,509"
Pewsey Vale East,"2,325"
Purton,"2,662"
Redlynch & Landford,"1,880"
Royal Wootton Bassett East,"2,178"
Royal Wootton Bassett North,"2,397"
Royal Wootton Bassett South & West,"2,410"
Salisbury Bemerton Heath,"1,755"
Salisbury Fisherton & Bemerton Village,"2,487"
Salisbury Harnham East,"2,536"
Salisbury Harnham West,"1,757"
Salisbury Milford,"2,682"
Salisbury St Edmund's,"2,539"
Salisbury St Francis & Stratford,"2,291"
Salisbury St Paul's,"2,610"
Sherston,"2,197"
Southwick (Wiltshire),"1,848"
The Lavingtons,"1,911"
Tidworth East & Ludgershall South,"2,187"
Tidworth North & West,"2,247"
Till Valley,"2,209"
Tisbury,"2,015"
Trowbridge Adcroft,"2,834"
Trowbridge Central,"2,729"
Trowbridge Drynham,"2,063"
Trowbridge Grove,"2,350"
Trowbridge Lambrok,"2,189"
Trowbridge Park,"1,771"
Trowbridge Paxcroft,"2,045"
Urchfont & Bishops Cannings,"2,103"
Warminster Broadway,"2,169"
Warminster East,"2,447"
Warminster North & Rural,"2,423"
Warminster West,"2,027"
Westbury East,"2,130"
Westbury North,"2,452"
Westbury West,"2,393"
Wilton,"2,210"
Winsley & Westwood,"2,111"
Winterslow & Upper Bourne Valley,"2,088"
Wylye Valley,"2,073"
Bowerhill,"1,761"
Melksham East,"2,066"
Pewsey,"2,259"
Pewsey Vale West,"2,160"
Alderney & Bourne Valley,"6,677"
Bearwood & Merley,"5,796"
Boscombe East & Pokesdown,"4,930"
Boscombe West,"5,656"
Bournemouth Central,"6,288"
Broadstone,"4,275"
Burton & Grange,"3,968"
Canford Cliffs,"4,700"
Canford Heath,"5,944"
Christchurch Town,"4,856"
Commons,"4,318"
Creekmoor,"4,096"
East Cliff & Springbourne,"7,675"
East Southbourne & Tuckton,"4,222"
Hamworthy,"5,972"
Highcliffe & Walkford,"4,864"
Kinson,"7,437"
Littledown & Iford,"4,034"
Moordown,"4,076"
"Mudeford, Stanpit & West Highcliffe","4,821"
Muscliff & Strouden Park,"6,989"
Newtown & Heatherlands,"7,540"
Oakdale,"4,578"
Parkstone,"5,165"
Penn Hill,"5,028"
Poole Town,"6,093"
"Queen's Park (Bournemouth, Christchurch and Poole)","4,642"
Redhill & Northbourne,"4,157"
Talbot & Branksome Woods,"6,032"
Wallisdown & Winton West,"4,285"
West Southbourne,"4,578"
Westbourne & West Cliff,"5,726"
Winton East,"4,421"
Beacon (Dorset),"1,990"
Beaminster,"2,042"
Blackmore Vale,"1,974"
Blandford,"4,767"
Bridport,"7,182"
Chalk Valleys,"2,112"
Charminster St Mary's,"2,243"
Chesil Bank,"1,847"
Chickerell,"3,444"
Colehill & Wimborne Minster East,"3,656"
Corfe Mullen,"4,296"
Cranborne & Alderholt,"2,050"
Cranborne Chase,"1,880"
Crossways,"1,636"
Dorchester East,"3,802"
Dorchester Poundbury,"2,003"
Dorchester West,"4,196"
Eggardon,"2,305"
Ferndown North,"4,178"
Ferndown South,"3,780"
Gillingham,"6,963"
Hill Forts & Upper Tarrants,"1,919"
Littlemoor & Preston,"4,626"
Lyme & Charmouth,"2,510"
Lytchett Matravers & Upton,"5,336"
Marshwood Vale,"2,057"
Melcombe Regis,"2,433"
Portland (Dorset),"5,722"
Puddletown & Lower Winterborne,"2,342"
Radipole,"4,351"
Rodwell & Wyke,"6,318"
St Leonards & St Ives,"3,477"
Shaftesbury Town,"4,135"
Sherborne East,"2,217"
Sherborne Rural,"2,185"
Sherborne West,"2,477"
South East Purbeck,"1,840"
Stalbridge & Marnhull,"2,360"
Stour & Allen Vale,"1,995"
Sturminster Newton,"2,085"
Swanage,"4,512"
Upwey & Broadwey,"2,013"
Verwood,"5,809"
Wareham,"4,437"
West Moors & Three Legged Cross,"4,114"
West Parley,"1,602"
West Purbeck,"4,024"
Westham,"4,229"
Wimborne Minster,"3,900"
Winterborne & Broadmayne,"1,880"
Winterborne North,"1,851"
Yetminster,"2,164"
Axminster,"3,678"
Beer & Branscombe,"1,065"
Broadclyst,"2,817"
Budleigh & Raleigh,"3,599"
Clyst Valley,"1,020"
Coly Valley,"2,117"
Cranbrook (East Devon),"2,502"
Dunkeswell & Otterhead,"2,378"
Exe Valley,"1,062"
Exmouth Brixington,"3,254"
Exmouth Halsdon,"3,320"
Exmouth Littleham,"3,813"
Exmouth Town,"3,498"
Exmouth Withycombe Raleigh,"2,113"
Feniton,"1,157"
Honiton St Michael's,"3,130"
Honiton St Paul's,"2,369"
Newbridges,"1,113"
Newton Poppleford & Harpford,989
Ottery St Mary,"3,398"
Seaton (East Devon),"3,624"
Sidmouth Rural,"1,002"
Sidmouth Sidford,"3,686"
Sidmouth Town,"2,288"
Tale Vale,992
Trinity (East Devon),"1,113"
West Hill & Aylesbeare,"1,082"
Whimple & Rockbeare,"1,258"
Woodbury & Lympstone,"2,263"
Yarty,"1,090"
Alphington,"3,554"
Duryard and St James,"3,433"
Exwick,"4,242"
Heavitree,"3,901"
Mincinglake and Whipton,"3,714"
Newtown and St Leonard's,"4,559"
Pennsylvania,"4,115"
Pinhoe,"3,881"
Priory (Exeter),"3,699"
St David's (Exeter),"4,779"
St Loyes,"3,984"
St Thomas (Exeter),"4,294"
Topsham,"4,399"
Bradninch,851
Cadbury,709
Canonsleigh,"1,366"
Castle (Mid Devon),"2,054"
Clare and Shuttern,"1,575"
Cranmore,"2,335"
Cullompton North,"1,910"
Cullompton Outer,"1,169"
Cullompton South,"1,890"
Halberton,902
Lawrence,"1,844"
Lower Culm,"2,528"
Lowman,"2,822"
Sandford and Creedy,"1,412"
Silverton,882
Taw,691
Taw Vale,762
Upper Culm,"1,792"
Upper Yeo,745
Way,680
Westexe,"2,619"
Boniface,"1,864"
Newbrooke,681
Yeo,"1,550"
Barnstaple Central,"1,507"
Barnstaple with Pilton,"3,507"
Barnstaple with Westacott,"3,260"
Bickington,"3,085"
Bishop's Nympton,919
Bratton Fleming,989
Braunton East,"2,077"
Braunton West & Georgeham,"2,093"
Chittlehampton,984
Chulmleigh,987
Combe Martin,"1,192"
Fremington,"2,283"
Heanton Punchardon,999
Ilfracombe East,"3,111"
Ilfracombe West,"1,933"
Instow,964
Landkey,"1,914"
Lynton & Lynmouth,941
Marwood,974
Mortehoe,887
Newport (North Devon),"2,159"
North Molton,932
Roundswell,"1,608"
South Molton,"2,852"
Witheridge,"1,041"
Allington & Strete,"1,345"
Bickleigh & Cornwood,"1,209"
Blackawton & Stoke Fleming,"1,133"
Charterlands,"1,413"
Dartington & Staverton,"1,252"
Dartmouth & East Dart,"3,730"
Ermington & Ugborough,"1,171"
Ivybridge East,"2,481"
Ivybridge West,"2,722"
Kingsbridge,"2,666"
Loddiswell & Aveton Gifford,"1,245"
Marldon & Littlehempston,"1,264"
Newton & Yealmpton,"2,735"
Salcombe & Thurlestone,"2,348"
South Brent,"2,284"
Stokenham,"1,190"
Totnes,"4,337"
Wembury & Brixton,"2,374"
West Dart,"1,152"
Woolwell,"1,282"
Ambrook,"2,456"
Ashburton & Buckfastleigh,"3,975"
Bishopsteignton,"1,253"
Bovey,"3,670"
Bradley (Teignbridge),"3,160"
Buckland & Milber,"3,936"
Bushell,"2,716"
Chudleigh,"2,581"
College (Teignbridge),"2,400"
Dawlish North East,"4,005"
Dawlish South West,"2,901"
Haytor,"1,066"
Ipplepen,"1,104"
Kenn Valley,"3,530"
Kenton & Starcross,"1,362"
Kerswell-with-Combe,"2,464"
Kingsteignton East,"2,877"
Kingsteignton West,"2,556"
Moretonhampstead,"1,331"
Shaldon & Stokeinteignhead,"1,123"
Teign Valley,"2,215"
Teignmouth Central,"2,705"
Teignmouth East,"2,296"
Teignmouth West,"2,155"
Appledore,"1,785"
Bideford East,"2,465"
Bideford North,"2,781"
Bideford South,"1,694"
Bideford West,"1,250"
Broadheath (Torridge),"1,782"
Great Torrington,"2,521"
Hartland,"2,596"
Holsworthy,"1,581"
Milton & Tamarside,"1,734"
Monkleigh & Putford,"1,625"
Northam,"2,323"
Shebbear & Langtree,"1,651"
Two Rivers & Three Moors,"1,744"
Westward Ho!,"1,934"
Winkleigh,994
Bere Ferrers,"1,640"
Bridestowe,"1,339"
Buckland Monachorum,"1,636"
Burrator,"1,605"
Chagford,764
Dartmoor,770
Drewsteignton,749
Exbourne,"1,748"
Hatherleigh,"1,329"
Mary Tavy,704
Milton Ford,812
Okehampton North,"2,515"
Okehampton South,"1,766"
South Tawton,835
Tamarside,780
Tavistock North,"2,517"
Tavistock South East,"1,804"
Tavistock South West,"1,508"
All Saints,"2,762"
Battledown,"2,597"
Benhall and The Reddings,"2,100"
Charlton Kings,"2,330"
Charlton Park,"2,145"
College (Cheltenham),"2,745"
Hesters Way,"3,044"
Lansdown (Cheltenham),"2,936"
Leckhampton,"2,358"
Oakley (Cheltenham),"2,465"
Park (Cheltenham),"3,012"
Pittville,"2,905"
Prestbury (Cheltenham),"2,628"
St Mark's (Cheltenham),"2,665"
St Paul's (Cheltenham),"2,666"
St Peter's (Cheltenham),"3,369"
Springbank,"2,916"
Swindon Village,"2,479"
Up Hatherley,"2,300"
Warden Hill,"2,475"
Abbey (Cotswold),"1,082"
Blockley,"1,174"
Bourton Vale,"1,254"
Bourton Village,"1,469"
Campden & Vale,"2,837"
Chedworth & Churn Valley,"1,053"
Chesterton,990
Coln Valley,"1,020"
Ermin,"1,100"
Fairford North,"1,014"
Fosseridge,"1,194"
Four Acres,882
Grumbolds Ash with Avening,"1,086"
Kemble,"1,097"
"Lechlade, Kempsford & Fairford South","2,772"
Moreton East,"1,480"
Moreton West,"1,226"
New Mills,"1,198"
Northleach,"1,304"
St Michael's (Cotswold),"1,314"
Sandywell,"1,128"
Siddington & Cerney Rural,"1,132"
South Cerney Village,"1,185"
Stow (Cotswold),"1,218"
Stratton (Cotswold),"1,115"
Tetbury East & Rural,"1,281"
Tetbury Town,"1,050"
Tetbury with Upton,"1,069"
The Ampneys & Hampton,"1,184"
The Beeches,"1,147"
The Rissingtons,"1,028"
Watermoor,"1,514"
Berry Hill (Forest of Dean),"1,896"
Bream,"2,117"
Cinderford East,"1,900"
Cinderford West,"2,033"
Coleford,"3,515"
Dymock,832
Hartpury & Redmarley,"1,797"
Longhope & Huntley,"1,662"
Lydbrook,973
Lydney East,"2,832"
Lydney North,784
Lydney West & Aylburton,"1,133"
"Mitcheldean, Ruardean & Drybrook","3,091"
Newent & Taynton,"2,985"
Newland & Sling,"1,053"
Newnham (Forest of Dean),"2,056"
Pillowell,822
Ruspidge,"1,056"
St. Briavels,"1,033"
Tidenham,"2,862"
Westbury-on-Severn,787
Abbeydale,"2,927"
Abbeymead,"2,607"
Barnwood,"2,774"
Barton and Tredworth,"4,607"
Coney Hill,"1,280"
Elmbridge,"2,598"
Grange (Gloucester),"3,141"
Hucclecote,"2,829"
Kingsholm and Wotton,"3,179"
Kingsway (Gloucester),"2,511"
Longlevens,"4,019"
"Matson, Robinswood and White City","4,244"
Moreland,"4,209"
Podsmead,"1,472"
Quedgeley Fieldcourt,"3,146"
Quedgeley Severn Vale,"2,538"
Tuffley,"2,531"
Westgate (Gloucester),"4,793"
Berkeley Vale,"3,128"
Cam East,"2,004"
Cam West,"1,820"
Coaley and Uley,"1,003"
Dursley,"3,251"
Painswick and Upton,"3,237"
"Randwick, Whiteshill and Ruscombe",874
Stroud Central,"1,105"
Stroud Farmhill and Paganhill,"1,120"
Stroud Slade,"1,113"
Stroud Uplands,951
Stroud Valley,"1,024"
The Stanleys,"2,022"
Amberley and Woodchester,938
Bisley,969
Chalford,"2,705"
Hardwicke,"3,406"
Kingswood (Stroud),871
Minchinhampton,"1,976"
Nailsworth,"2,879"
Rodborough,"1,961"
Severn (Stroud),"2,485"
Stonehouse,"3,255"
Stroud Trinity,"1,027"
Thrupp,974
Wotton-under-Edge,"2,976"
Cainscross,"3,304"
Badgeworth,"1,152"
Brockworth East,"1,645"
Brockworth West,"2,245"
Churchdown Brookfield with Hucclecote,"2,846"
Churchdown St John's,"3,153"
Cleeve Grange,"1,406"
Cleeve Hill,"2,215"
Cleeve St Michael's,"2,477"
Cleeve West,"2,210"
Highnam with Haw Bridge,"1,877"
Innsworth,"2,276"
Isbourne,"1,860"
Northway,"2,090"
Severn Vale North,"1,039"
Severn Vale South,"1,000"
Shurdington,"1,090"
Tewkesbury East,"2,198"
Tewkesbury North & Twyning,"2,351"
Tewkesbury South,"2,733"
Winchcombe,"3,064"
Frome East,"5,490"
Frome North,"4,286"
Frome West,"4,702"
Glastonbury,"4,306"
Mendip Central and East,"3,942"
Mendip Hills,"3,955"
Mendip South,"3,881"
Mendip West,"4,203"
Shepton Mallet,"4,911"
Street,"5,258"
Wells (Mendip),"5,362"
Brent (Sedgemoor),"4,231"
Bridgwater East & Bawdrip,"5,338"
Bridgwater North & Central,"4,565"
Bridgwater South,"5,262"
Bridgwater West,"4,661"
Burnham on Sea North,"4,689"
Cannington,"4,007"
Cheddar,"4,062"
Highbridge & Burnham South,"4,486"
Huntspill,"4,274"
King Alfred,"4,140"
North Petherton,"4,192"
Blackmoor Vale,"4,098"
Brympton,"4,021"
Castle Cary,"4,270"
Chard North,"4,724"
Chard South,"3,868"
Coker,"4,248"
Crewkerne,"4,155"
Curry Rivel & Langport,"4,766"
Ilminster,"4,772"
Martock,"4,692"
Somerton,"4,533"
South Petherton & Islemoor,"4,698"
Wincanton & Bruton,"5,076"
Yeovil Central,"4,889"
Yeovil East,"4,925"
Yeovil South,"4,708"
Yeovil West,"3,493"
Bishop's Hull & Taunton West,"5,133"
Blackdown & Neroche,"4,641"
Comeytrowe & Trull,"4,441"
Dulverton & Exmoor,"3,764"
Dunster,"4,024"
Lydeard,"4,468"
Minehead,"4,175"
Monkton & North Curry,"5,340"
Rowbarton & Staplegrove,"4,512"
Taunton East,"5,483"
Taunton North,"4,618"
Taunton South,"4,971"
Upper Tone,"4,051"
Watchet & Stogursey,"4,487"
Wellington (Somerset West and Taunton),"5,878"
Aethwy,"2,953"
Bodowyr,"1,518"
Bro Aberffraw,"1,711"
Bro'r Llynnoedd,"2,191"
Canolbarth Mon,"2,361"
Cefni,"1,339"
Crigyll,"1,475"
Lligwy,"2,738"
Parc a'r Mynydd,"1,656"
Seiriol,"2,637"
Talybolion,"2,162"
Tref Cybi,"2,022"
Twrcelyn,"3,319"
Ynys Gybi,"2,740"
Aberdyfi,549
Abererch,565
Abermaw,"1,015"
Abersoch gyda Llanengan,548
Arllechwedd,840
Arthog a Llangelynnin,808
Bethel a'r Felinheli,"1,600"
Bowydd a'r Rhiw,811
Brithdir and Llanfachreth/Ganllwyd/Llanelltyd,630
Bro Dysynni,559
Cadnant,695
Canol Bangor,"1,901"
Canol Bethesda,799
Canol Tref Caernarfon,931
Clynnog,542
Corris a Mawddwy,599
Criccieth,766
Cwm-y-glo,551
De Dolgellau,664
De Pwllheli,814
Deiniolen,805
Dewi,774
Diffwys a Maenofferen,799
Dolbenmaen,497
Dwyrain Bangor,"1,948"
Dwyrain Porthmadog,727
Dyffryn Ardudwy,705
Efailnewydd a Buan,539
Gerlan,735
Glaslyn,774
Glyder,694
Gogledd Dolgellau,569
Gogledd Pwllheli,"1,030"
Gorllewin Porthmadog,796
Gorllewin Tywyn,599
Harlech a Llanbedr,"1,348"
Hendre,768
Llanbedrog gyda Mynytho,655
Llanberis,882
Llandderfel,561
Llanllyfni,849
Llanrug,758
Llanuwchllyn,451
Llanwnda,557
Llanystumdwy,825
Menai,886
Morfa Nefyn a Thudweiliog,894
Morfa Tywyn,966
Nefyn,562
Peblig,"1,144"
Pen draw Llyn,762
Penisa'r-waun,564
Penrhyndeudraeth,888
Pen-y-groes,801
Rachub,532
Teigl,547
Trawsfynydd,642
Tre-garth a Mynydd Llandygai,890
Tryfan,636
Waunfawr,605
Y Bala,940
Y Bontnewydd,560
Y Faenol,"1,049"
Y Groeslon,723
Yr Eifl,685
Betws-yn-Rhos,851
Betws-y-Coed and Trefriw,870
Bryn (Conwy),828
Caerhun,"1,073"
Colwyn,"1,961"
Conwy,"1,967"
Craig-y-don,"1,567"
Deganwy,"1,844"
Eglwys-bach a Llangernyw,829
Eirias,"1,617"
Gele and Llanddulas,"3,076"
Glyn (Conwy),"2,039"
Glyn y Marl,"3,360"
Gogarth Mostyn,"3,453"
Kinmel Bay,"2,553"
Llandrillo-yn-Rhos,"3,765"
Llanrwst a Llanddoged,"1,636"
Llansanffraid (Conwy),999
Llansannan,756
Llysfaen,"1,072"
Mochdre,850
Pandy,817
Penmaenmawr,"2,029"
Penrhyn,"2,138"
Pen-sarn Pentre Mawr,"3,041"
Rhiw,"2,620"
Towyn,"1,059"
Tudno,"2,193"
Uwch Aled,735
Uwch Conwy,638
Alyn Valley,731
Bodelwyddan,868
Denbigh Caledfryn Henllan,"2,245"
Denbigh Lower,"1,939"
Dyserth,"1,001"
Edeirnion,"1,545"
Efenechdyd,669
Llandyrnog,889
Llanfair Dyffryn Clwyd Gwyddelwern,978
Llangollen,"1,905"
Llanrhaeadr-yng-Nghinmeirch,767
Moel Famau,990
Prestatyn Central,"1,545"
Prestatyn East,"1,687"
Prestatyn Meliden,884
Prestatyn North,"2,716"
Prestatyn South West,"1,808"
Rhuddlan,"1,797"
Rhyl East,"2,081"
Rhyl South,"1,684"
Rhyl South West,"2,171"
Rhyl Trellewelyn,"1,723"
Rhyl Ty Newydd,"1,839"
Rhyl West,"2,241"
Ruthin,"2,628"
St Asaph East,840
St Asaph West,730
Trefnant,789
Tremeirchion,699
Argoed and New Brighton,"2,456"
Bagillt,"1,715"
Broughton North East,958
Broughton South,"1,831"
Brynford and Halkyn,"1,654"
Buckley: Bistre East,"1,904"
Buckley: Bistre West,"1,869"
Buckley: Mountain,"1,049"
Buckley: Pentrobin,"2,311"
Caergwrle,729
Caerwys,"1,107"
Cilcain,768
Connah's Quay Central,"2,072"
Connah's Quay: Golftyn,"2,139"
Connah's Quay South,"1,765"
Connah's Quay: Wepre,949
Flint: Castle,"1,132"
Flint: Coleshill and Trelawny,"3,460"
Flint: Oakenholt,"1,253"
Greenfield (Flintshire),"1,157"
Gwernaffield and Gwernymynydd,"1,569"
Hawarden: Aston,"1,811"
Hawarden: Ewloe,"2,283"
Hawarden: Mancot,"1,951"
Higher Kinnerton,735
Holywell Central,959
Holywell East,806
Holywell West,995
Hope,"1,069"
Leeswood,928
Llanasa and Trelawnyd,"2,338"
Llanfynydd,792
Mold: Broncoed,"1,293"
Mold East,"1,113"
Mold South,"1,159"
Mold West,"1,002"
Mostyn,789
Northop,"2,073"
Pen-y-ffordd,"1,935"
Queensferry and Sealand,"2,281"
Saltney Ferry,"2,248"
Shotton East and Shotton Higher,"1,861"
Shotton West,970
Treuddyn,704
Whitford,968
Acrefair North,889
Acton and Maesydre,"2,175"
Bangor Is-y-Coed,845
Borras Park,"1,048"
Bronington and Hanmer,751
Brymbo,"1,784"
Bryn Cefn,"1,160"
Brynyffynnon,"1,729"
Cartrefle,929
Cefn East,884
Cefn West,"1,185"
Chirk North,"1,041"
Chirk South,883
Coedpoeth,"1,922"
Dyffryn Ceiriog,901
Erddig,817
Esclusham,"1,170"
Garden Village,916
Gresford East and West,"1,290"
Grosvenor,"1,212"
Gwenfro,"1,040"
Gwersyllt East,"1,028"
Gwersyllt North,"1,144"
Gwersyllt South,"1,013"
Gwersyllt West,"1,257"
Hermitage (Wrexham),"1,171"
Holt (Wrexham),"1,236"
Little Acton,966
Llangollen Rural,863
Llay,"2,024"
Marchwiel,946
Marford and Hoseley,924
Minera,"1,017"
New Broughton,"1,094"
Offa,"1,319"
Overton and Maelor South,"1,164"
Pant and Johnstown,"2,342"
Penycae,865
Penycae and Ruabon South,"1,128"
Ponciau,"1,122"
Queensway,"1,036"
Rhos (Wrexham),"1,043"
Rhosnesni,"1,525"
Rossett,"1,416"
Ruabon,"1,293"
Smithfield,"1,431"
Stansty,971
Whitegate,"1,026"
Wynnstay,978
Aberaeron and Aberarth,894
Aberporth and Y Ferwig,"1,562"
Aberystwyth Morfa a Glais,"2,186"
Aberystwyth Penparcau,"1,281"
Aberystwyth Rheidol,"1,055"
Beulah and Llangoedmor,"1,312"
Borth,919
Ceulan a Maesmawr,798
Ciliau Aeron,840
Faenor,744
Lampeter,"1,052"
Llannarth,683
Llanbadarn Fawr,905
Llandyfriog,817
Llandysilio and Llangrannog,744
Llandysul North and Troedyraur,928
Llandysul South,872
Llanfarian,652
Llanfihangel Ystrad,892
Llangeitho,622
Llangybi,637
Llanrhystyd,663
Llansanffraid (Ceredigion),836
Llanwenog,756
Lledrod,638
Melindwr,875
Mwldan,887
New Quay and Llanllwchaearn,858
Penbryn,570
Teifi,"1,184"
Tirymynach,760
Trefeurig,770
Tregaron and Ystrad Fflur,850
Ystwyth,849
Amroth and Saundersfoot North,930
Boncath and Clydau,861
Burton (Pembrokeshire),765
Bro Gwaun,786
Camrose,802
Carew and Jeffreyston,863
Cilgerran and Eglwyswrw,"1,007"
Crymych and Mynachlog-ddu,"1,024"
East Williamston,817
Fishguard: North East,888
Fishguard: North West,749
Goodwick,933
Haverfordwest: Castle,"1,223"
Haverfordwest: Garth,"1,114"
Haverfordwest: Portfield,"1,087"
Haverfordwest: Prendergast,975
Haverfordwest: Priory,"1,157"
Hundleton,772
Johnston,920
Kilgetty and Begelly,"1,048"
Lampeter Velfrey,648
Lamphey,771
Letterston,"1,026"
Llangwm,985
Llanrhian,821
Maenclochog,912
Manorbier and Penally,933
Martletwy,812
Merlin's Bridge,930
Milford: Central,"1,051"
Milford: East,"1,271"
Milford: Hakin,"1,253"
Milford: Hubberston,"1,070"
Milford: North,"1,096"
Milford: West,"1,009"
Narberth: Urban,"1,343"
Narberth: Rural,566
Newport and Dinas,897
Neyland: East,"1,021"
Neyland: West,896
Pembroke Dock: Bufferland,763
Pembroke Dock: Bush,951
Pembroke Dock: Central,"1,129"
Pembroke Dock: Market,833
Pembroke Dock: Pennar,758
Pembroke: Monkton and St Mary South,"1,717"
Pembroke: St Mary North,"1,063"
Pembroke: St Michael,906
Rudbaxton and Spittal,758
Saundersfoot South,780
Solva,685
St David's (Pembrokeshire),846
St Dogmaels,956
St Florence and St Mary Out Liberty,683
St Ishmael's,950
Tenby: North,949
Tenby: South,"1,079"
The Havens,866
Wiston,788
Abergwili,963
Ammanford,"2,464"
Betws,987
Bigyn,"2,779"
Burry Port,"1,934"
Bynea,"1,886"
Carmarthen Town North and South,"4,317"
Carmarthen Town West,"2,283"
Cenarth and Llangeler,"2,468"
Cilycwm,"1,126"
Cwarter Bach,"1,249"
Cynwyl Elfed,931
Dafen and Felinfoel,"2,207"
Elli,867
Garnant,886
Glanamman,"1,105"
Glanymor,"2,903"
Glyn (Carmarthenshire),939
Gorslas,"2,153"
Hendy,"1,378"
Hengoed (Carmarthenshire),"1,914"
Kidwelly and St Ishmael,"2,248"
Laugharne Township,"1,150"
Llanboidy,855
Llanddarog,857
Llandeilo,"1,372"
Llandovery,"1,119"
Llandybie,"1,842"
Llanegwad,"1,061"
Llanfihangel Aberbythych,766
Llanfihangel-ar-Arth,"1,218"
Llangadog,820
Llangennech,"2,275"
Llangunnor,"1,174"
Llangyndeyrn,"2,230"
Llannon,"2,231"
Llanybydder,"1,196"
Lliedi,"2,338"
Llwynhendy,"1,874"
Manordeilo and Salem,"1,123"
Pembrey,"1,780"
Penygroes,"1,317"
Pontyberem,"1,214"
Saron,"1,832"
St Clears and Llansteffan,"2,259"
Swiss Valley,"1,101"
Trelech,"1,133"
Trimsaran,"1,063"
Tycroes,"1,171"
Tyisha,"2,336"
Whitland,"1,067"
Bishopston,"1,455"
Bon-y-maen,"3,329"
Castle (Swansea),"6,311"
Clydach,"3,756"
Cockett,"4,452"
Cwmbwrla,"3,417"
Dunvant and Killay,"3,885"
Fairwood,"1,159"
Gorseinon and Penyrheol,"4,666"
Gower,"1,231"
Gowerton,"2,122"
Landore,"3,048"
Llangyfelach,"1,155"
Llansamlet,"6,241"
Llwchwr,"4,051"
Mayals,"1,181"
Morriston,"7,229"
Mumbles,"3,633"
Mynydd-bach,"3,989"
Pen-clawdd,"1,582"
Penderry,"4,842"
Penllergaer,"1,473"
Pennard,"1,355"
Pontarddulais,"2,975"
Pontlliew and Tircoed,"1,030"
Sketty,"6,271"
St Thomas (Swansea),"3,130"
Townhill,"3,774"
Uplands,"5,633"
Waterfront,"2,284"
Waunarlwydd,"1,543"
West Cross,"2,761"
Aberavon,"2,610"
Aberdulais,942
Allt-wen,"1,111"
Baglan,"2,955"
Blaengwrach and Glynneath West,"1,357"
Briton Ferry East,"1,465"
Briton Ferry West,"1,259"
Bryn and Cwmavon,"2,986"
Bryn-coch North,918
Bryn-coch South,"2,384"
Cadoxton,742
Cimla and Pelenna,"2,134"
Coedffranc Central,"2,275"
Coedffranc North,975
Coedffranc West,"1,301"
"Crynant, Onllwyn and Seven Sisters","2,247"
Cwmllynfell and Ystalyfera,"1,830"
Cymer and Glyncorrwg,921
Dyffryn,"1,526"
Glynneath Central and East,993
Godre'r Graig,884
Gwaun-Cae-Gurwen and Lower Brynamman,"1,848"
Gwynfi and Croeserw,"1,187"
Margam and Tai-bach,"3,425"
Neath East,"3,039"
Neath North,"1,863"
Neath South,"2,053"
Pontardawe,"2,340"
Port Talbot,"2,543"
Resolven and Tonna,"2,491"
Rhos (Neath Port Talbot),"1,130"
Sandfields East,"3,036"
Sandfields West,"2,858"
Trebanos,745
Aberkenfig,"1,049"
Blackmill,"1,020"
Brackla East and Coychurch Lower,"1,784"
Brackla East Central,"1,134"
Brackla West,"1,106"
Brackla West Central,"1,496"
Bridgend Central,"4,668"
"Bryntirion, Laleston and Merthyr Mawr","3,605"
Caerau (Bridgend),"2,888"
Cefn-glas,"1,853"
Coity Higher,"4,010"
Cornelly,"3,174"
Garw Valley,"3,248"
Llangynwyd,"1,227"
Maesteg East,"2,124"
Maesteg West,"2,502"
Nant-y-moel,"1,052"
Newton (Bridgend),"1,068"
Nottage,"1,461"
Ogmore Vale,"1,388"
Oldcastle,"2,222"
Pencoed and Penprysg,"4,284"
Pen-y-fai,921
Porthcawl East Central,"2,673"
Porthcawl West Central,"1,202"
"Pyle, Kenfig Hill and Cefn Cribwr","3,795"
Rest Bay,"1,023"
St Bride's Minor and Ynysawdre,"4,382"
Baruc,"3,934"
Buttrills,"2,758"
Cadoc,"4,275"
Castleland,"2,373"
Cornerswell,"2,237"
Court (Vale of Glamorgan),"2,020"
Cowbridge,"2,886"
Dinas Powys,"3,603"
Dyfan,"2,339"
Gibbonsdown,"2,370"
Illtyd,"3,527"
Llandough,901
Llandow,835
Llantwit Major,"4,520"
Peterston-super-Ely,787
Plymouth (Vale of Glamorgan),"2,320"
Rhoose,"2,888"
St Athan,"1,567"
St Bride's Major,"1,863"
St Nicholas and Llancarfan,888
St Augustine's,"3,447"
Stanwell,"1,820"
Sully,"2,066"
Wenvoe,"1,226"
Adamsdown,"4,112"
Butetown,"5,488"
Caerau (Cardiff),"4,758"
Canton,"7,099"
Cathays,"6,170"
Cyncoed,"4,188"
Ely,"6,235"
Fairwater (Cardiff),"5,878"
Gabalfa,"2,510"
Grangetown (Cardiff),"8,782"
Heath (Cardiff),"5,173"
Lisvane and Thornhill,"4,506"
Llandaff,"3,759"
Llandaff North,"3,479"
Llanishen,"4,636"
Llanrumney,"4,808"
Pentwyn,"6,513"
Pentyrch and St Fagans,"3,758"
Penylan,"5,275"
Plasnewydd,"7,721"
Pontprennau and Old St Mellons,"4,910"
Radyr,"2,821"
Rhiwbina,"5,033"
Riverside (Cardiff),"6,168"
Rumney,"3,601"
Splott,"6,114"
Trowbridge,"7,007"
Whitchurch and Tongwynlais,"6,831"
Aberaman,"4,493"
Abercynon,"2,750"
Aberdare East,"3,196"
Aberdare West and Llwydcoed,"4,243"
Beddau and Tyn-y-nant,"3,176"
Brynna and Llanharan,"3,727"
Church Village,"2,757"
Cilfynydd,"1,253"
Cwm Clydach,"1,205"
Cwmbach,"2,193"
Cymer,"2,640"
Ferndale and Maerdy,"3,225"
Gilfach-goch,"1,427"
Glyn-coch,"1,299"
Graig and Pontypridd West,"3,107"
Hawthorn and Lower Rhydfelen,"1,055"
"Hirwaun, Penderyn and Rhigos","2,672"
Llanharry,"1,536"
Llantrisant and Talbot Green,"3,020"
Llantwit Fardre,"2,592"
Llwyn-y-pia,"1,465"
Mountain Ash,"3,304"
Penrhiw-ceibr,"2,432"
Pentre,"2,367"
Pen-y-graig,"2,328"
Pen-y-waun,"1,250"
Pontyclun Central,842
Pontyclun East,"1,100"
Pontyclun West,"1,436"
Pontypridd Town,"1,292"
Porth,"2,539"
Rhydfelen Central,"1,241"
Taff's Well,"1,617"
Ton-teg,"1,358"
Tonypandy,"1,579"
Tonyrefail East,"2,656"
Tonyrefail West,"2,733"
Trallwng,"1,705"
Trealaw,"1,519"
Treforest,"1,770"
Treherbert,"2,625"
Treorchy,"3,388"
Tylorstown and Ynyshir,"3,459"
Upper Rhydfelen and Glyn-taf,"1,546"
Ynysybwl,"1,955"
Ystrad,"2,271"
Aber Valley,"2,776"
Aberbargoed and Bargoed,"4,292"
Abercarn,"2,400"
Argoed,"1,124"
Bedwas and Trethomas,"2,787"
Blackwood,"3,481"
Cefn Fforest and Pengam,"3,237"
Crosskeys,"1,475"
Crumlin,"2,458"
Darran Valley,"1,048"
Gilfach,900
Hengoed (Caerphilly),"2,208"
Llanbradach,"1,868"
Machen and Rudry,"2,144"
Maesycwmmer,"1,056"
Morgan Jones,"3,298"
Moriah and Pontlottyn,"2,461"
Nelson (Caerphilly),"1,990"
New Tredegar,"2,063"
Newbridge (Caerphilly),"2,723"
Penmaen,"2,304"
Penyrheol,"5,022"
Pontllanfraith,"3,597"
Risca East,"2,739"
Risca West,"2,365"
St Cattwg,"3,248"
St Martins (Caerphilly),"3,656"
Twyn Carno,"1,421"
Van,"2,120"
Ynysddu,"1,669"
Ystrad Mynach,"2,327"
Abertillery and Six Bells,"2,990"
Beaufort,"2,573"
Blaina,"2,071"
Brynmawr,"2,423"
Cwm,"1,811"
Cwmtillery,"1,981"
Ebbw Vale North,"2,078"
Ebbw Vale South,"1,892"
Georgetown,"1,868"
Llanhilleth,"2,092"
Nantyglo,"1,959"
Rassau and Garnlydan,"1,721"
Sirhowy,"2,290"
Tredegar,"2,591"
Abersychan,"2,838"
Blaenavon,"2,688"
Coed Eva,991
Croesyceiliog,"2,370"
Fairwater (Torfaen),"2,122"
Greenmeadow,"1,098"
Llanfrechfa and Ponthir,874
Llantarnam,"2,875"
Llanyrafon,"1,126"
New Inn,"2,690"
Panteg,"3,260"
Pontnewydd,"3,143"
Pontnewynydd and Snatchwood,"1,723"
Pontypool Fawr,"3,363"
St. Dials,"1,951"
Trevethin and Penygarn,"2,113"
Two Locks,"2,570"
Upper Cwmbran,"2,444"
Bulwark and Thornwell,"2,227"
Caerwent,886
Caldicot Castle,713
Caldicot Cross,715
Cantref,"1,029"
Chepstow Castle and Larkfield,"1,612"
Croesonen,904
Crucorney,900
Devauden,606
Dewstow,945
Drybridge,"1,003"
Gobion Fawr,788
Goetre Fawr,995
Grofield,"1,153"
Lansdown (Monmouthshire),"1,007"
Llanbadoc and Usk,"1,740"
Llanelly,"1,804"
Llanfoist Fawr and Govilon,"1,642"
Llangybi Fawr,753
Llantilio Crossenny,729
Magor East with Undy,"1,709"
Magor West,800
Mardy,872
Mitchel Troy and Trellech United,"1,515"
Mount Pleasant,733
Osbaston,953
Overmonnow,996
Park (Monmouthshire),"1,016"
Pen Y Fal,902
Portskewett,"1,086"
Raglan,"1,063"
Rogiet,743
Severn (Monmouthshire),"1,025"
Shirenewton,884
St Arvans,773
St Kingsmark,813
Town (Monmouthshire),"1,061"
West End (Monmouthshire),827
Wyesham,"1,000"
Allt-yr-yn,"3,989"
Alway,"3,403"
Beechwood,"3,277"
Bettws,"3,454"
Bishton and Langstone,"2,810"
Caerleon,"3,523"
Gaer,"3,932"
Graig,"2,207"
Lliswerry,"5,698"
Llanwern,"1,317"
Malpas (Newport),"3,280"
Pillgwenlly,"2,943"
Ringland,"3,542"
Rogerstone East,"1,290"
Rogerstone North,"1,283"
Rogerstone West,"2,988"
Shaftesbury,"2,313"
St Julians,"3,790"
Stow Hill,"2,958"
Tredegar Park and Marshfield,"4,720"
Victoria (Newport),"3,335"
Aber-craf and Ystradgynlais,"1,837"
"Banwy, Llanfihangel and Llanwddyn",958
Berriew and Castle Caereinion,868
Brecon East,"1,857"
Brecon West,"1,858"
Bronllys and Felin-fach,919
Builth,"1,162"
Caersws,"1,036"
Churchstoke,736
Crickhowell with Cwmdu and Tretower,"1,569"
Cwm-twrch,934
Disserth and Trecoed with Newbridge,909
Dolforwyn,858
Forden and Montgomery,"1,118"
Glantwymyn,902
Glasbury,809
Guilsfield,758
Gwernyfed,643
Hay,897
Ithon Valley,910
Kerry,712
Knighton with Beguildy,"1,695"
Llanafanfawr with Garth,714
Llanbrynmair,825
Llandinam with Dolfor,753
Llandrindod North,970
Llandrindod South,"1,828"
Llandrinio,894
Llandysilio,823
Llanelwedd,758
Llanfair Caereinion and Llanerfyl,891
Llanfyllin,694
Llangattock and Llangynidr,882
Llangors with Bwlch,624
Llangunllo with Norton,748
Llangyniew and Meifod,819
Llanidloes,"2,018"
Llanrhaeadr-ym-Mochnant and Llansilin,993
Llansantffraid,873
Llanwrtyd Wells,736
Llanyre with Nantmel,913
Machynlleth,"1,031"
Maescar and Llywel,771
Newtown Central and South,"2,147"
Newtown East,"1,008"
Newtown North,"1,102"
Newtown West,895
Old Radnor,727
Presteigne,925
Rhayader,988
Rhiwcynon,924
Talgarth,755
Talybont-on-Usk,828
Tawe Uchaf,902
Trelystan and Trewern,742
Welshpool Castle,"1,236"
Welshpool Gungrog,990
Welshpool Llanerchyddol,819
Ynyscedwyn,960
Yscir with Honddu Isaf and Llanddew,728
Bedlinog and Trelewis,"1,596"
Cyfarthfa,"3,048"
Dowlais and Pant,"3,045"
Gurnos,"2,160"
Merthyr Vale,"1,636"
Park (Merthyr Tydfil),"1,971"
Penydarren,"2,188"
Plymouth (Merthyr Tydfil),"2,281"
Town (Merthyr Tydfil),"3,617"
Treharris,"2,726"
Vaynor,"1,515"
,
"In order to protect against disclosure of personal information, records have been swapped between different geographic areas and counts perturbed by small amounts. Small counts at the lowest geographies will be most affected.",
